assertions.tsv	100644	4d22c8b0313f4b5fb1577045e68b34d01663f59c3fdff9c596bc080e878daf58	7264	evidence
bc01-association-idempotent--case-bc01-retry/action-receipts.tsv	100644	f29d12d928bf786f823eadd761c84152da318f2588a5056ec06bff8ceeab347c	413	evidence
bc01-association-idempotent--case-bc01-retry/command-receipts.tsv	100644	11db88e01eddab41eaa1359d71342c5fee670be8a669e402a9b09f08a177455c	2962	evidence
bc01-association-idempotent--case-bc01-retry/coverage.tsv	100644	56291a3a2d705d072696a5120a84afd95eeeab356b9e75ae005815c663c82e78	1053	evidence
bc01-association-idempotent--case-bc01-retry/exclusions.tsv	100644	e3b0c44298fc1c149afbf4c8996fb92427ae41e4649b934ca495991b7852b855	0	evidence
bc01-association-idempotent--case-bc01-retry/fault-markers.tsv	100644	e3b0c44298fc1c149afbf4c8996fb92427ae41e4649b934ca495991b7852b855	0	evidence
bc01-association-idempotent--case-bc01-retry/inventory-after.tsv	100644	614d11768c6144db5e07064c0dcdee8536ba1d9db86f85d8d01622e6e835bb60	912	evidence
bc01-association-idempotent--case-bc01-retry/inventory-before.tsv	100644	614d11768c6144db5e07064c0dcdee8536ba1d9db86f85d8d01622e6e835bb60	912	evidence
bc01-association-idempotent--case-bc01-retry/inventory-reopened.tsv	100644	614d11768c6144db5e07064c0dcdee8536ba1d9db86f85d8d01622e6e835bb60	912	evidence
bc01-association-idempotent--case-bc01-retry/normalized-observations.tsv	100644	529e4f4003bc48dd48ca1c05f1dc71b90d2247b6f028a06fa8f61ce1e449ea7b	568	evidence
bc01-association-idempotent--case-bc01-retry/oracle-result.tsv	100644	bb21c7914a6e551b1f47c969dccf82c870b7929d40739d990fc6be9d2daa6ca6	99	evidence
bc01-association-idempotent--case-bc01-retry/pragma.tsv	100644	0a427cc7fe87e8f2f73651c2aee95f21992baa67ae2618e19fd886d09671ac02	885	evidence
bc01-association-idempotent--case-bc01-retry/raw-observations.tsv	100644	d6f322060fc532f8551e7dec60d666677c09314896ca2c1fa1d60d0cc1df5f23	849	evidence
bc01-association-idempotent--case-bc01-retry/raw-seal.tsv	100644	c14893103da1a10c5121e2b73f291bbb0b83742463d9d7994045f7ed42624af9	291	evidence
bc01-control-receipts.tsv	100644	77d30c72bac9089bceb563f83b4bf37ba0240cd1b949e4bbfd71d39b21914598	1778	evidence
bc01-distinct-occurrence--case-bc01-distinct/action-receipts.tsv	100644	089e14ad4fb46fc5c9ae40b7afe43a36694fd11c485192fd30c31aaf7466d516	419	evidence
bc01-distinct-occurrence--case-bc01-distinct/command-receipts.tsv	100644	56ee0aad481f74af2c9b2ea267a4ec75e4e3205627005a875af7a71dc060463f	2940	evidence
bc01-distinct-occurrence--case-bc01-distinct/coverage.tsv	100644	baa6ac569c03022350dbf582a4c3140189e5d0cb4f641131073746b8975e4458	1989	evidence
bc01-distinct-occurrence--case-bc01-distinct/exclusions.tsv	100644	e3b0c44298fc1c149afbf4c8996fb92427ae41e4649b934ca495991b7852b855	0	evidence
bc01-distinct-occurrence--case-bc01-distinct/fault-markers.tsv	100644	e3b0c44298fc1c149afbf4c8996fb92427ae41e4649b934ca495991b7852b855	0	evidence
bc01-distinct-occurrence--case-bc01-distinct/inventory-after.tsv	100644	f32ba964a07708e16e024ba57d88abca4a02966bd9b03a97efa70851a2ae2e09	1470	evidence
bc01-distinct-occurrence--case-bc01-distinct/inventory-before.tsv	100644	24bbca3739bde95ee9aedef7995f32413f08ddbf3c2a4861a00f45a8da246d80	912	evidence
bc01-distinct-occurrence--case-bc01-distinct/inventory-reopened.tsv	100644	f32ba964a07708e16e024ba57d88abca4a02966bd9b03a97efa70851a2ae2e09	1470	evidence
bc01-distinct-occurrence--case-bc01-distinct/normalized-observations.tsv	100644	cabeca6df8695b154b71407ec888a89025eea1a6b2a3b56c436006f53fbf4e17	760	evidence
bc01-distinct-occurrence--case-bc01-distinct/oracle-result.tsv	100644	97721b57f875176d3855e67f0a46b657b48320f329dbebf4ef1c6cec705d1e2d	93	evidence
bc01-distinct-occurrence--case-bc01-distinct/pragma.tsv	100644	439626b4e6e2a09653f18b53422dac16e695924c8839a71a57f39b8dabfaf748	861	evidence
bc01-distinct-occurrence--case-bc01-distinct/raw-observations.tsv	100644	3b56297785c44a7e88e2ef48b75667d6af1ae80d812ccdc00b88d791da6fa35f	1534	evidence
bc01-distinct-occurrence--case-bc01-distinct/raw-seal.tsv	100644	c657de879c0bb8a8578b388e7932778c06bece002b6e1ccf7997de5589d96ac7	292	evidence
bc01-occurrence-collapse--case-bc01-distinct/action-receipts.tsv	100644	0a010f2dc460d03b3840d2b958ea39789d09a034be893b975dac70742c468be2	419	evidence
bc01-occurrence-collapse--case-bc01-distinct/command-receipts.tsv	100644	db8664fe646daf7a8a2ce2f723ad1625ed4cfa771750fa02abb80fc8634dcdc1	2940	evidence
bc01-occurrence-collapse--case-bc01-distinct/coverage.tsv	100644	c2e1a06d4d9a41dcc150b00b952449719d2007da239efc50d5acb87629d4efbc	1989	evidence
bc01-occurrence-collapse--case-bc01-distinct/exclusions.tsv	100644	e3b0c44298fc1c149afbf4c8996fb92427ae41e4649b934ca495991b7852b855	0	evidence
bc01-occurrence-collapse--case-bc01-distinct/fault-markers.tsv	100644	e3b0c44298fc1c149afbf4c8996fb92427ae41e4649b934ca495991b7852b855	0	evidence
bc01-occurrence-collapse--case-bc01-distinct/inventory-after.tsv	100644	0cc7da0d4554d8703a529e45bf21f7ccfebcd4a08c18c24f58d95edc1b3b1b34	1470	evidence
bc01-occurrence-collapse--case-bc01-distinct/inventory-before.tsv	100644	5ed9e83c848ed19795093d3f053180b9cd5f859024a828cfb90c49d18ca3ec9b	912	evidence
bc01-occurrence-collapse--case-bc01-distinct/inventory-reopened.tsv	100644	0cc7da0d4554d8703a529e45bf21f7ccfebcd4a08c18c24f58d95edc1b3b1b34	1470	evidence
bc01-occurrence-collapse--case-bc01-distinct/normalized-observations.tsv	100644	d6c09ae99534969b025c0adf8d536fa100c968ffe93e482cd0683a6b2853309c	760	evidence
bc01-occurrence-collapse--case-bc01-distinct/oracle-result.tsv	100644	ce98805c99e20efa808bff3999f61c0133f541b27ee31506e6a41a2a2ba26d1a	93	evidence
bc01-occurrence-collapse--case-bc01-distinct/pragma.tsv	100644	7ae77534d9c5d37393c74913600bb02052e9de5f398555ee7ca3100076b3951a	861	evidence
bc01-occurrence-collapse--case-bc01-distinct/raw-observations.tsv	100644	2d123ba36f9ddd3744dcd37f7be189469ff4bff1d8d9a87525a01567772b0d9c	1534	evidence
bc01-occurrence-collapse--case-bc01-distinct/raw-seal.tsv	100644	73109babc4a9b77794392102b8890080ba096318965858eea146f83af94881cc	292	evidence
bc01-payload-collision--case-bc01-payload-collision/action-receipts.tsv	100644	0e9aa4e96a7eac6a6da31ad1e9a500fd65d9978a4f9775053ccfecaca0b30d3a	483	evidence
bc01-payload-collision--case-bc01-payload-collision/command-receipts.tsv	100644	a5ea630a1c78baf101a7cb781f66ff8a6158a3bf1108c4e0009f6b6702511e34	2983	evidence
bc01-payload-collision--case-bc01-payload-collision/coverage.tsv	100644	ea53ee0db94747e33526d4d03ee4613ff8bc88541e54ab6795a45de0fbd49bff	1572	evidence
bc01-payload-collision--case-bc01-payload-collision/exclusions.tsv	100644	e3b0c44298fc1c149afbf4c8996fb92427ae41e4649b934ca495991b7852b855	0	evidence
bc01-payload-collision--case-bc01-payload-collision/fault-markers.tsv	100644	e3b0c44298fc1c149afbf4c8996fb92427ae41e4649b934ca495991b7852b855	0	evidence
bc01-payload-collision--case-bc01-payload-collision/inventory-after.tsv	100644	b345a42c6ef9bf05f382ea04ddd48a3a6098ddaa665522761ebff6ea53dd6d9d	982	evidence
bc01-payload-collision--case-bc01-payload-collision/inventory-before.tsv	100644	b345a42c6ef9bf05f382ea04ddd48a3a6098ddaa665522761ebff6ea53dd6d9d	982	evidence
bc01-payload-collision--case-bc01-payload-collision/inventory-reopened.tsv	100644	b345a42c6ef9bf05f382ea04ddd48a3a6098ddaa665522761ebff6ea53dd6d9d	982	evidence
bc01-payload-collision--case-bc01-payload-collision/normalized-observations.tsv	100644	8adaad5c9ff69ef2248aad91fa492fbd2fdc0b815ccd547933b736703f0a45eb	910	evidence
bc01-payload-collision--case-bc01-payload-collision/oracle-result.tsv	100644	e7a65a02eb7c05b3a189b434fa838338a16d49ef0c7074f1aea309496e868659	89	evidence
bc01-payload-collision--case-bc01-payload-collision/pragma.tsv	100644	9592709f9f85adb8c0817ebe76fda3c48b9b3c56b4c997ae02c8a6c6cbefbcb8	901	evidence
bc01-payload-collision--case-bc01-payload-collision/raw-observations.tsv	100644	0caf386c2d238cdd83715f06bfa42720f9cdea7de139db3d8472c6d6ba5fccdf	1237	evidence
bc01-payload-collision--case-bc01-payload-collision/raw-seal.tsv	100644	4b7ed5f5a2d3466846458925d32326b9cf323784cf1cecbb482399aa5cf10e09	306	evidence
bc01-retry-duplication--case-bc01-retry/action-receipts.tsv	100644	6c22768761d81eec78c15fca4284ca638781778f16313d6722a9c5b2ccb99af8	393	evidence
bc01-retry-duplication--case-bc01-retry/command-receipts.tsv	100644	8277d610f39cf5aab1d6868a8f6dbcdaec134b13c7ec8858941e9dc8148c866c	2872	evidence
bc01-retry-duplication--case-bc01-retry/coverage.tsv	100644	896fd745184513a0a77bdafe2a8fc69ab510bef6389f3cfec79a3ccaa12751ff	963	evidence
bc01-retry-duplication--case-bc01-retry/exclusions.tsv	100644	e3b0c44298fc1c149afbf4c8996fb92427ae41e4649b934ca495991b7852b855	0	evidence
bc01-retry-duplication--case-bc01-retry/fault-markers.tsv	100644	e3b0c44298fc1c149afbf4c8996fb92427ae41e4649b934ca495991b7852b855	0	evidence
bc01-retry-duplication--case-bc01-retry/inventory-after.tsv	100644	aa30a6c01c947d750ca4a065d785f5b7a3d89d8a6015e4357640207a8b132f20	862	evidence
bc01-retry-duplication--case-bc01-retry/inventory-before.tsv	100644	aa30a6c01c947d750ca4a065d785f5b7a3d89d8a6015e4357640207a8b132f20	862	evidence
bc01-retry-duplication--case-bc01-retry/inventory-reopened.tsv	100644	aa30a6c01c947d750ca4a065d785f5b7a3d89d8a6015e4357640207a8b132f20	862	evidence
bc01-retry-duplication--case-bc01-retry/normalized-observations.tsv	100644	9573e62bac220b9abee03d68fe9fccca0d29a976105384c04478630d6a03f085	538	evidence
bc01-retry-duplication--case-bc01-retry/oracle-result.tsv	100644	8635c29c5601f1deae3d553449673708f54710fa65ce3b1e49e7b326b25a8679	89	evidence
bc01-retry-duplication--case-bc01-retry/pragma.tsv	100644	ce410cb3dfa0ef717ba4caee76a6df7ac86a3dfa0cabaaf1a5e1e642de7ccf72	805	evidence
bc01-retry-duplication--case-bc01-retry/raw-observations.tsv	100644	900448d23a6aab5d5bb7bf46910b97772f8a4d302eddde1930692d0227c020ff	804	evidence
bc01-retry-duplication--case-bc01-retry/raw-seal.tsv	100644	39a4e026dadaca84ebc6964aba2165e2e352c765cb1a1ea81bee725c70eb101f	281	evidence
bc02-complete-available--case-bc02-complete/action-receipts.tsv	100644	bff77f3286c8c6c16032f49c3f36650ca210d5b275beb0fe3621f1834eb94dd1	203	evidence
bc02-complete-available--case-bc02-complete/command-receipts.tsv	100644	5de57e60a1c379e4c38691268f1a3770febb230dc00a07c0b1834340570c8c05	2898	evidence
bc02-complete-available--case-bc02-complete/correction-receipts.tsv	100644	e3b0c44298fc1c149afbf4c8996fb92427ae41e4649b934ca495991b7852b855	0	evidence
bc02-complete-available--case-bc02-complete/correction-write-guard-receipts.tsv	100644	e3b0c44298fc1c149afbf4c8996fb92427ae41e4649b934ca495991b7852b855	0	evidence
bc02-complete-available--case-bc02-complete/coverage.tsv	100644	10ab615c9ee47e8f8b4f099afea82d3f93c92837226305e03e01d4bda8de643e	1124	evidence
bc02-complete-available--case-bc02-complete/data-version-receipts.tsv	100644	e3b0c44298fc1c149afbf4c8996fb92427ae41e4649b934ca495991b7852b855	0	evidence
bc02-complete-available--case-bc02-complete/evidence-binding-receipts.tsv	100644	e3b0c44298fc1c149afbf4c8996fb92427ae41e4649b934ca495991b7852b855	0	evidence
bc02-complete-available--case-bc02-complete/exclusions.tsv	100644	e3b0c44298fc1c149afbf4c8996fb92427ae41e4649b934ca495991b7852b855	0	evidence
bc02-complete-available--case-bc02-complete/fault-activation-receipts.tsv	100644	e3b0c44298fc1c149afbf4c8996fb92427ae41e4649b934ca495991b7852b855	0	evidence
bc02-complete-available--case-bc02-complete/fault-configuration-receipts.tsv	100644	e3b0c44298fc1c149afbf4c8996fb92427ae41e4649b934ca495991b7852b855	0	evidence
bc02-complete-available--case-bc02-complete/fault-markers.tsv	100644	e3b0c44298fc1c149afbf4c8996fb92427ae41e4649b934ca495991b7852b855	0	evidence
bc02-complete-available--case-bc02-complete/fault-trigger-receipts.tsv	100644	e3b0c44298fc1c149afbf4c8996fb92427ae41e4649b934ca495991b7852b855	0	evidence
bc02-complete-available--case-bc02-complete/gate-results.tsv	100644	e3b0c44298fc1c149afbf4c8996fb92427ae41e4649b934ca495991b7852b855	0	evidence
bc02-complete-available--case-bc02-complete/inventory-correction-after.tsv	100644	e3b0c44298fc1c149afbf4c8996fb92427ae41e4649b934ca495991b7852b855	0	evidence
bc02-complete-available--case-bc02-complete/inventory-retry-after.tsv	100644	e3b0c44298fc1c149afbf4c8996fb92427ae41e4649b934ca495991b7852b855	0	evidence
bc02-complete-available--case-bc02-complete/inventory-rollback-after.tsv	100644	e3b0c44298fc1c149afbf4c8996fb92427ae41e4649b934ca495991b7852b855	0	evidence
bc02-complete-available--case-bc02-complete/inventory-setup-before.tsv	100644	ca123abb63b65e7ee913beb58d88795e8cbceaf12034434363aade7b800a698a	1560	evidence
bc02-complete-available--case-bc02-complete/inventory-success-after.tsv	100644	ddca57a69e374a7864b369e7ce47b91bd6de6e079f0acf956bb021668df15d90	2193	evidence
bc02-complete-available--case-bc02-complete/normalized-observations.tsv	100644	3b2d2adecf065ff3e9dfabdf4732e92f23dad02e3e0a59a9ff0b151c1f59977a	790	evidence
bc02-complete-available--case-bc02-complete/observer-custody-receipts.tsv	100644	e3b0c44298fc1c149afbf4c8996fb92427ae41e4649b934ca495991b7852b855	0	evidence
bc02-complete-available--case-bc02-complete/oracle-result.tsv	100644	a75c6f3ae95c64f8e7214025d81f64876cd217ca05be95a9e752cfbecd510127	303	evidence
bc02-complete-available--case-bc02-complete/pragma.tsv	100644	08ab546584e9c0da21f2463cec66cef13f3524269c8334f26185ab16be5ae64a	832	evidence
bc02-complete-available--case-bc02-complete/raw-observations.tsv	100644	9d2f378c76a10f988298f2f847c51f2804ce9617e73b681a118b0e2b432682ba	1052	evidence
bc02-complete-available--case-bc02-complete/raw-seal.tsv	100644	637e17f11167fca017d9218d219ecf63c9a6a6c110cec91153f5958926270624	290	evidence
bc02-complete-available--case-bc02-complete/resolution-receipts.tsv	100644	a44975c978f5b7add06e73056bacb3b0d8877da38cf7d57cb26acf369a0a6178	301	evidence
bc02-healthy-retry--case-bc02-incomplete-corrected/action-receipts.tsv	100644	80239b9767fb010411766cb621abf805f7bf69bc1ffe113d37bab445f46637c4	508	evidence
bc02-healthy-retry--case-bc02-incomplete-corrected/command-receipts.tsv	100644	e8d6b37c6abca92630b56a04f6c5cdadc4087b0b013b2b4cc8fa3a2c332038cb	4555	evidence
bc02-healthy-retry--case-bc02-incomplete-corrected/correction-receipts.tsv	100644	27f4464bf924629c6966c2c51ae74f374cc92f73ba2b7ee41c1e8c22a1a7fcf2	213	evidence
bc02-healthy-retry--case-bc02-incomplete-corrected/correction-write-guard-receipts.tsv	100644	750891a5eddfe40b12bd92dd7048c243fa847509dfe21bfc0b8fc60c8835e0e1	300	evidence
bc02-healthy-retry--case-bc02-incomplete-corrected/coverage.tsv	100644	7fd97e0fec29c0c802cf015c63b0b34ad19e9315ff5302b4dd161206f36ab255	3158	evidence
bc02-healthy-retry--case-bc02-incomplete-corrected/data-version-receipts.tsv	100644	e3b0c44298fc1c149afbf4c8996fb92427ae41e4649b934ca495991b7852b855	0	evidence
bc02-healthy-retry--case-bc02-incomplete-corrected/evidence-binding-receipts.tsv	100644	e3b0c44298fc1c149afbf4c8996fb92427ae41e4649b934ca495991b7852b855	0	evidence
bc02-healthy-retry--case-bc02-incomplete-corrected/exclusions.tsv	100644	e3b0c44298fc1c149afbf4c8996fb92427ae41e4649b934ca495991b7852b855	0	evidence
bc02-healthy-retry--case-bc02-incomplete-corrected/fault-activation-receipts.tsv	100644	e3b0c44298fc1c149afbf4c8996fb92427ae41e4649b934ca495991b7852b855	0	evidence
bc02-healthy-retry--case-bc02-incomplete-corrected/fault-configuration-receipts.tsv	100644	e3b0c44298fc1c149afbf4c8996fb92427ae41e4649b934ca495991b7852b855	0	evidence
bc02-healthy-retry--case-bc02-incomplete-corrected/fault-markers.tsv	100644	e3b0c44298fc1c149afbf4c8996fb92427ae41e4649b934ca495991b7852b855	0	evidence
bc02-healthy-retry--case-bc02-incomplete-corrected/fault-trigger-receipts.tsv	100644	e3b0c44298fc1c149afbf4c8996fb92427ae41e4649b934ca495991b7852b855	0	evidence
bc02-healthy-retry--case-bc02-incomplete-corrected/gate-results.tsv	100644	e3b0c44298fc1c149afbf4c8996fb92427ae41e4649b934ca495991b7852b855	0	evidence
bc02-healthy-retry--case-bc02-incomplete-corrected/inventory-correction-after.tsv	100644	21d1990964e360f275bc63242622b5d31603f2d384a8573ee35c2b11a697517e	1679	evidence
bc02-healthy-retry--case-bc02-incomplete-corrected/inventory-retry-after.tsv	100644	93f9713b42b4a228e6164daa035189d059f47a1e7bf433173936927736bbb3e9	2361	evidence
bc02-healthy-retry--case-bc02-incomplete-corrected/inventory-rollback-after.tsv	100644	a32ef7172421315b9d541ea1b3ec0017a19ef50fa0006c249a1191a6fa59d629	1497	evidence
bc02-healthy-retry--case-bc02-incomplete-corrected/inventory-setup-before.tsv	100644	a32ef7172421315b9d541ea1b3ec0017a19ef50fa0006c249a1191a6fa59d629	1497	evidence
bc02-healthy-retry--case-bc02-incomplete-corrected/inventory-success-after.tsv	100644	e3b0c44298fc1c149afbf4c8996fb92427ae41e4649b934ca495991b7852b855	0	evidence
bc02-healthy-retry--case-bc02-incomplete-corrected/normalized-observations.tsv	100644	cadf669a2b5c0e4745ae1faf27ba1a2a1749076906a53871e330c0f03d67a2da	1651	evidence
bc02-healthy-retry--case-bc02-incomplete-corrected/observer-custody-receipts.tsv	100644	e3b0c44298fc1c149afbf4c8996fb92427ae41e4649b934ca495991b7852b855	0	evidence
bc02-healthy-retry--case-bc02-incomplete-corrected/oracle-result.tsv	100644	d5e8c451fd6f48e45e08cde4b454d3d4078fbce9c5c03e7d8f903d12614b2a6a	305	evidence
bc02-healthy-retry--case-bc02-incomplete-corrected/pragma.tsv	100644	7f62519a9ebfebbbd230ba78ceed8014535f916e2cc0f257528c515339b69271	1393	evidence
bc02-healthy-retry--case-bc02-incomplete-corrected/raw-observations.tsv	100644	617d35974e66813616bb7926351dbeb523170995ba65829438c273182cecb1d9	3350	evidence
bc02-healthy-retry--case-bc02-incomplete-corrected/raw-seal.tsv	100644	cd26eb8d88d947be6684ba62b571d9adbf52d9f93d24e7701025dc559fd526e7	304	evidence
bc02-healthy-retry--case-bc02-incomplete-corrected/resolution-receipts.tsv	100644	90f902598add73ac0a5102bc6700dc7fcc6c3a7b32d0ca29c101c499fd14108b	501	evidence
bc02-incomplete-as-complete--case-bc02-incomplete-missing/action-receipts.tsv	100644	c8d79225946f4e23ef649ce2b29a1af4cdff4378c5efc399fb5c28a416ac26c9	306	evidence
bc02-incomplete-as-complete--case-bc02-incomplete-missing/command-receipts.tsv	100644	816e01862628c91e667d49aad30506f0ccfec27804a763b226208a6e23194ea5	3065	evidence
bc02-incomplete-as-complete--case-bc02-incomplete-missing/correction-receipts.tsv	100644	e3b0c44298fc1c149afbf4c8996fb92427ae41e4649b934ca495991b7852b855	0	evidence
bc02-incomplete-as-complete--case-bc02-incomplete-missing/correction-write-guard-receipts.tsv	100644	e3b0c44298fc1c149afbf4c8996fb92427ae41e4649b934ca495991b7852b855	0	evidence
bc02-incomplete-as-complete--case-bc02-incomplete-missing/coverage.tsv	100644	8622464c9478f28d0a2d0982ea038c5169ace51ce637411a536734f2c1469256	2010	evidence
bc02-incomplete-as-complete--case-bc02-incomplete-missing/data-version-receipts.tsv	100644	e3b0c44298fc1c149afbf4c8996fb92427ae41e4649b934ca495991b7852b855	0	evidence
bc02-incomplete-as-complete--case-bc02-incomplete-missing/evidence-binding-receipts.tsv	100644	e3b0c44298fc1c149afbf4c8996fb92427ae41e4649b934ca495991b7852b855	0	evidence
bc02-incomplete-as-complete--case-bc02-incomplete-missing/exclusions.tsv	100644	e3b0c44298fc1c149afbf4c8996fb92427ae41e4649b934ca495991b7852b855	0	evidence
bc02-incomplete-as-complete--case-bc02-incomplete-missing/fault-activation-receipts.tsv	100644	e3b0c44298fc1c149afbf4c8996fb92427ae41e4649b934ca495991b7852b855	0	evidence
bc02-incomplete-as-complete--case-bc02-incomplete-missing/fault-configuration-receipts.tsv	100644	e3b0c44298fc1c149afbf4c8996fb92427ae41e4649b934ca495991b7852b855	0	evidence
bc02-incomplete-as-complete--case-bc02-incomplete-missing/fault-markers.tsv	100644	e3b0c44298fc1c149afbf4c8996fb92427ae41e4649b934ca495991b7852b855	0	evidence
bc02-incomplete-as-complete--case-bc02-incomplete-missing/fault-trigger-receipts.tsv	100644	e3b0c44298fc1c149afbf4c8996fb92427ae41e4649b934ca495991b7852b855	0	evidence
bc02-incomplete-as-complete--case-bc02-incomplete-missing/gate-results.tsv	100644	e3b0c44298fc1c149afbf4c8996fb92427ae41e4649b934ca495991b7852b855	0	evidence
bc02-incomplete-as-complete--case-bc02-incomplete-missing/inventory-correction-after.tsv	100644	e3b0c44298fc1c149afbf4c8996fb92427ae41e4649b934ca495991b7852b855	0	evidence
bc02-incomplete-as-complete--case-bc02-incomplete-missing/inventory-retry-after.tsv	100644	e3b0c44298fc1c149afbf4c8996fb92427ae41e4649b934ca495991b7852b855	0	evidence
bc02-incomplete-as-complete--case-bc02-incomplete-missing/inventory-rollback-after.tsv	100644	0d503af144a717cb83e17dec34aa0162512716b2781b9d8bd97b1527248283da	1602	evidence
bc02-incomplete-as-complete--case-bc02-incomplete-missing/inventory-setup-before.tsv	100644	0d503af144a717cb83e17dec34aa0162512716b2781b9d8bd97b1527248283da	1602	evidence
bc02-incomplete-as-complete--case-bc02-incomplete-missing/inventory-success-after.tsv	100644	e3b0c44298fc1c149afbf4c8996fb92427ae41e4649b934ca495991b7852b855	0	evidence
bc02-incomplete-as-complete--case-bc02-incomplete-missing/normalized-observations.tsv	100644	4e2c60895f2d21b05017216730fbd53253ca17249b4b6158560b358a927337ef	1278	evidence
bc02-incomplete-as-complete--case-bc02-incomplete-missing/observer-custody-receipts.tsv	100644	e3b0c44298fc1c149afbf4c8996fb92427ae41e4649b934ca495991b7852b855	0	evidence
bc02-incomplete-as-complete--case-bc02-incomplete-missing/oracle-result.tsv	100644	1fa588beef62aebabf2cc14810f6878833ff206fb4d59fa1591a571b9621edff	321	evidence
bc02-incomplete-as-complete--case-bc02-incomplete-missing/pragma.tsv	100644	481086ea8e7b4d1e2214ab0ac862676904e5218e83f2995043a49c3b45b766b7	981	evidence
bc02-incomplete-as-complete--case-bc02-incomplete-missing/raw-observations.tsv	100644	961bd25a87c886d210aadf6b582e28621222dccb261aaf24310e4a2a169c5cd8	1914	evidence
bc02-incomplete-as-complete--case-bc02-incomplete-missing/raw-seal.tsv	100644	7db0baff808b05e598fee72755621ba1d31fb33b9bf4e0ac66c53b8c1996d8f8	318	evidence
bc02-incomplete-as-complete--case-bc02-incomplete-missing/resolution-receipts.tsv	100644	39dac202b1c2c203e1384abb56c6866a0c0fd3e8e3cccf5cd2d819ca7a13a20a	357	evidence
bc02-incomplete-as-complete--case-bc02-incomplete-substitution/action-receipts.tsv	100644	43dd9a4b3c7106080a8a821ded25fb44a1a972054061d10c1fc486345d8371bb	316	evidence
bc02-incomplete-as-complete--case-bc02-incomplete-substitution/command-receipts.tsv	100644	d1e31ab065629a4a03606cef5881aaf08450d6aef0bd7a7d90b61a8ddf839601	3110	evidence
bc02-incomplete-as-complete--case-bc02-incomplete-substitution/correction-receipts.tsv	100644	e3b0c44298fc1c149afbf4c8996fb92427ae41e4649b934ca495991b7852b855	0	evidence
bc02-incomplete-as-complete--case-bc02-incomplete-substitution/correction-write-guard-receipts.tsv	100644	e3b0c44298fc1c149afbf4c8996fb92427ae41e4649b934ca495991b7852b855	0	evidence
bc02-incomplete-as-complete--case-bc02-incomplete-substitution/coverage.tsv	100644	13f1325520c43aa5c9a5afb4e4d406c3bdfb0f369fa99f40a4821856e32d90d9	2130	evidence
bc02-incomplete-as-complete--case-bc02-incomplete-substitution/data-version-receipts.tsv	100644	e3b0c44298fc1c149afbf4c8996fb92427ae41e4649b934ca495991b7852b855	0	evidence
bc02-incomplete-as-complete--case-bc02-incomplete-substitution/evidence-binding-receipts.tsv	100644	e3b0c44298fc1c149afbf4c8996fb92427ae41e4649b934ca495991b7852b855	0	evidence
bc02-incomplete-as-complete--case-bc02-incomplete-substitution/exclusions.tsv	100644	e3b0c44298fc1c149afbf4c8996fb92427ae41e4649b934ca495991b7852b855	0	evidence
bc02-incomplete-as-complete--case-bc02-incomplete-substitution/fault-activation-receipts.tsv	100644	e3b0c44298fc1c149afbf4c8996fb92427ae41e4649b934ca495991b7852b855	0	evidence
bc02-incomplete-as-complete--case-bc02-incomplete-substitution/fault-configuration-receipts.tsv	100644	e3b0c44298fc1c149afbf4c8996fb92427ae41e4649b934ca495991b7852b855	0	evidence
bc02-incomplete-as-complete--case-bc02-incomplete-substitution/fault-markers.tsv	100644	e3b0c44298fc1c149afbf4c8996fb92427ae41e4649b934ca495991b7852b855	0	evidence
bc02-incomplete-as-complete--case-bc02-incomplete-substitution/fault-trigger-receipts.tsv	100644	e3b0c44298fc1c149afbf4c8996fb92427ae41e4649b934ca495991b7852b855	0	evidence
bc02-incomplete-as-complete--case-bc02-incomplete-substitution/gate-results.tsv	100644	e3b0c44298fc1c149afbf4c8996fb92427ae41e4649b934ca495991b7852b855	0	evidence
bc02-incomplete-as-complete--case-bc02-incomplete-substitution/inventory-correction-after.tsv	100644	e3b0c44298fc1c149afbf4c8996fb92427ae41e4649b934ca495991b7852b855	0	evidence
bc02-incomplete-as-complete--case-bc02-incomplete-substitution/inventory-retry-after.tsv	100644	e3b0c44298fc1c149afbf4c8996fb92427ae41e4649b934ca495991b7852b855	0	evidence
bc02-incomplete-as-complete--case-bc02-incomplete-substitution/inventory-rollback-after.tsv	100644	41fe7c9c5f566af2ca5ec2cf447976780abd0a248520830dfc841e75ad22e683	1883	evidence
bc02-incomplete-as-complete--case-bc02-incomplete-substitution/inventory-setup-before.tsv	100644	41fe7c9c5f566af2ca5ec2cf447976780abd0a248520830dfc841e75ad22e683	1883	evidence
bc02-incomplete-as-complete--case-bc02-incomplete-substitution/inventory-success-after.tsv	100644	e3b0c44298fc1c149afbf4c8996fb92427ae41e4649b934ca495991b7852b855	0	evidence
bc02-incomplete-as-complete--case-bc02-incomplete-substitution/normalized-observations.tsv	100644	4e3aee88c1cf27deabbe00712f355a0b2ee8b5e8374832ec634b6bd047b47806	1355	evidence
bc02-incomplete-as-complete--case-bc02-incomplete-substitution/observer-custody-receipts.tsv	100644	e3b0c44298fc1c149afbf4c8996fb92427ae41e4649b934ca495991b7852b855	0	evidence
bc02-incomplete-as-complete--case-bc02-incomplete-substitution/oracle-result.tsv	100644	6ba53b5baa5cbb02c65f0289f336489d0ff084163b9dbc32a1db924bd3dacfc6	326	evidence
bc02-incomplete-as-complete--case-bc02-incomplete-substitution/pragma.tsv	100644	322da4523b6e2e5625bb009790096858e9b7173dbef49fd961080589c7de32fa	1021	evidence
bc02-incomplete-as-complete--case-bc02-incomplete-substitution/raw-observations.tsv	100644	a081da40837598754c53073f0bae55ef05509f7f2136b43011877116efcd384b	1996	evidence
bc02-incomplete-as-complete--case-bc02-incomplete-substitution/raw-seal.tsv	100644	27a38f4786292b4ad73a89976296be99172da16e11fec20957bc04cedcfcf553	328	evidence
bc02-incomplete-as-complete--case-bc02-incomplete-substitution/resolution-receipts.tsv	100644	2c766eebacf20cf3f9b1812903b1886dd4088440de1b6559bfa6e9900b65dabd	377	evidence
bc02-negative-receipts.tsv	100644	fb80445a49f5f73d96f77df3186ec17586619733c67a83d5e7c3dc3769523514	1238	evidence
bc02-partial-residue--case-bc02-after-root-header/action-receipts.tsv	100644	e3b0c44298fc1c149afbf4c8996fb92427ae41e4649b934ca495991b7852b855	0	evidence
bc02-partial-residue--case-bc02-after-root-header/command-receipts.tsv	100644	123b1376a8f518c5f6c3b7eafb77771de4e10a076db4b87e553e4057d6c2be65	3935	evidence
bc02-partial-residue--case-bc02-after-root-header/correction-receipts.tsv	100644	e3b0c44298fc1c149afbf4c8996fb92427ae41e4649b934ca495991b7852b855	0	evidence
bc02-partial-residue--case-bc02-after-root-header/correction-write-guard-receipts.tsv	100644	e3b0c44298fc1c149afbf4c8996fb92427ae41e4649b934ca495991b7852b855	0	evidence
bc02-partial-residue--case-bc02-after-root-header/coverage.tsv	100644	4f90c1102a497d0dcb4808b0a4ac091dec11fe77e7dd0d1c873c617a4207779e	3084	evidence
bc02-partial-residue--case-bc02-after-root-header/data-version-receipts.tsv	100644	96a3fa5674430165957e6b987bc4353208561ff24fb298e4f1495260c626deca	317	evidence
bc02-partial-residue--case-bc02-after-root-header/evidence-binding-receipts.tsv	100644	b92794819c4c506eb2d56da22d7bb217d40eff5f7bd813269c6b89179fab5641	793	evidence
bc02-partial-residue--case-bc02-after-root-header/exclusions.tsv	100644	e3b0c44298fc1c149afbf4c8996fb92427ae41e4649b934ca495991b7852b855	0	evidence
bc02-partial-residue--case-bc02-after-root-header/fault-activation-receipts.tsv	100644	e69162654efac31503aaa3361682bc649821b3647a12f36e6fe190bf8b662fdf	268	evidence
bc02-partial-residue--case-bc02-after-root-header/fault-configuration-receipts.tsv	100644	aadca37dc26e67e7dfafbd3e50483d511577ca5d283b7e75bccb597559b5f0da	535	evidence
bc02-partial-residue--case-bc02-after-root-header/fault-markers.tsv	100644	6d84c0596cfcd734f9d93c1860661d9771e6f468d66ff42026cf49548211536d	368	evidence
bc02-partial-residue--case-bc02-after-root-header/fault-trigger-receipts.tsv	100644	e9bbc7c1832fa2d4fd219c2cb844e8f41754bd712bea40cbf2258f5d88bdf530	560	evidence
bc02-partial-residue--case-bc02-after-root-header/gate-results.tsv	100644	59ca2970e3d3594791412e9768697dc86fc70bf6370a4a609e75b09e01a09050	3057	evidence
bc02-partial-residue--case-bc02-after-root-header/inventory-correction-after.tsv	100644	e3b0c44298fc1c149afbf4c8996fb92427ae41e4649b934ca495991b7852b855	0	evidence
bc02-partial-residue--case-bc02-after-root-header/inventory-retry-after.tsv	100644	e3b0c44298fc1c149afbf4c8996fb92427ae41e4649b934ca495991b7852b855	0	evidence
bc02-partial-residue--case-bc02-after-root-header/inventory-rollback-after.tsv	100644	a6b5086466fdb81ee3064c56fc8d618c4ac8215bbdc25e4aa12f5f43a76b5708	1662	evidence
bc02-partial-residue--case-bc02-after-root-header/inventory-setup-before.tsv	100644	a6b5086466fdb81ee3064c56fc8d618c4ac8215bbdc25e4aa12f5f43a76b5708	1662	evidence
bc02-partial-residue--case-bc02-after-root-header/inventory-success-after.tsv	100644	e3b0c44298fc1c149afbf4c8996fb92427ae41e4649b934ca495991b7852b855	0	evidence
bc02-partial-residue--case-bc02-after-root-header/normalized-observations.tsv	100644	b7a110ea08c4e57a42a9db55738c714a7b5b8c507bba3434227748b0077ade10	1367	evidence
bc02-partial-residue--case-bc02-after-root-header/observer-custody-receipts.tsv	100644	2bba5fa25e8fc89cf96dedf7e87e4c3acb143ef23c25c1a5551a0e5b24c5d685	282	evidence
bc02-partial-residue--case-bc02-after-root-header/oracle-result.tsv	100644	d2f35dea6ec905a37e194b8eb671d183cbf79c51cdd5fbf56add03445f1ebd24	306	evidence
bc02-partial-residue--case-bc02-after-root-header/pragma.tsv	100644	96ae5d9c0d83f60e4a49002acf5d6a98319397f92029f91714aa3ee9ffc35575	1204	evidence
bc02-partial-residue--case-bc02-after-root-header/raw-observations.tsv	100644	d3e895a6aadb8b98cb170462fda17cb9b31df681ccefbc25d2740e00e6588e13	3399	evidence
bc02-partial-residue--case-bc02-after-root-header/raw-seal.tsv	100644	4cc28efcbfd6449dce388d6f4740892e6a5f291ce2d883e257421252cf550a39	302	evidence
bc02-partial-residue--case-bc02-after-root-header/resolution-receipts.tsv	100644	b895235de0d71b71f738ebad932250238eef87f7e508a8912761a9c9b495086e	325	evidence
bc02-partial-residue--case-bc02-after-root-member/action-receipts.tsv	100644	e3b0c44298fc1c149afbf4c8996fb92427ae41e4649b934ca495991b7852b855	0	evidence
bc02-partial-residue--case-bc02-after-root-member/command-receipts.tsv	100644	9e7924794e2d5bb6f4e726fa00404d97196385e81f206933e4a3148587e04715	3935	evidence
bc02-partial-residue--case-bc02-after-root-member/correction-receipts.tsv	100644	e3b0c44298fc1c149afbf4c8996fb92427ae41e4649b934ca495991b7852b855	0	evidence
bc02-partial-residue--case-bc02-after-root-member/correction-write-guard-receipts.tsv	100644	e3b0c44298fc1c149afbf4c8996fb92427ae41e4649b934ca495991b7852b855	0	evidence
bc02-partial-residue--case-bc02-after-root-member/coverage.tsv	100644	4dcc3577457345c6cf20a6e5c61d736e07d1fc8ec741554721fbc78555f53a74	3084	evidence
bc02-partial-residue--case-bc02-after-root-member/data-version-receipts.tsv	100644	4d3af888187c10af78d84820aad1de807cc9c177a84f968b6e94e4fcfe3fa297	317	evidence
bc02-partial-residue--case-bc02-after-root-member/evidence-binding-receipts.tsv	100644	04f156e26a0525c4b8b9072dd2170536ebe37ca17c91e7e38b14fb8010e9daa3	793	evidence
bc02-partial-residue--case-bc02-after-root-member/exclusions.tsv	100644	e3b0c44298fc1c149afbf4c8996fb92427ae41e4649b934ca495991b7852b855	0	evidence
bc02-partial-residue--case-bc02-after-root-member/fault-activation-receipts.tsv	100644	6ea65368e71fc57ac244b78a28114d51361f7bb1fc55a34be5dd53e2d13f1375	268	evidence
bc02-partial-residue--case-bc02-after-root-member/fault-configuration-receipts.tsv	100644	5fce6d0fba675c0d5eb3babb138ba010dbb0bf95b8bff159f55069203491ef2f	535	evidence
bc02-partial-residue--case-bc02-after-root-member/fault-markers.tsv	100644	c5aebb301fb8dc2eeb7472740296cb137ca2eabf42c48979ce8c6491147ad543	368	evidence
bc02-partial-residue--case-bc02-after-root-member/fault-trigger-receipts.tsv	100644	4059daac80ca50fbf5349b3b067dda0ad70464cd4d69a78091625ca2a4a8674e	560	evidence
bc02-partial-residue--case-bc02-after-root-member/gate-results.tsv	100644	8209e0747e169b6650122930b9303caff0bcfa1feb947b4226668a5eb6705d1f	3057	evidence
bc02-partial-residue--case-bc02-after-root-member/inventory-correction-after.tsv	100644	e3b0c44298fc1c149afbf4c8996fb92427ae41e4649b934ca495991b7852b855	0	evidence
bc02-partial-residue--case-bc02-after-root-member/inventory-retry-after.tsv	100644	e3b0c44298fc1c149afbf4c8996fb92427ae41e4649b934ca495991b7852b855	0	evidence
bc02-partial-residue--case-bc02-after-root-member/inventory-rollback-after.tsv	100644	8333c7993342afc8c2e64c89243beea17c6e45a5943cb0a8cf67c69d2b5e2061	1662	evidence
bc02-partial-residue--case-bc02-after-root-member/inventory-setup-before.tsv	100644	8333c7993342afc8c2e64c89243beea17c6e45a5943cb0a8cf67c69d2b5e2061	1662	evidence
bc02-partial-residue--case-bc02-after-root-member/inventory-success-after.tsv	100644	e3b0c44298fc1c149afbf4c8996fb92427ae41e4649b934ca495991b7852b855	0	evidence
bc02-partial-residue--case-bc02-after-root-member/normalized-observations.tsv	100644	b105115530d795bff3c7fb7cdd5d977c9ec1317f8f1427c7c9ee5f6633aca085	1367	evidence
bc02-partial-residue--case-bc02-after-root-member/observer-custody-receipts.tsv	100644	88c3cde120f1fd0a85efe073cf31630ca45d965bccc87d69e6785206534fe247	282	evidence
bc02-partial-residue--case-bc02-after-root-member/oracle-result.tsv	100644	de9d9fd6c9203afff49f10cb95405fe356cdc7d06a49519cf43a755ed9c0967b	306	evidence
bc02-partial-residue--case-bc02-after-root-member/pragma.tsv	100644	d7964fab8644fd589259b41a84919694940ca71d5db6a0ca49831e89d0d66c21	1204	evidence
bc02-partial-residue--case-bc02-after-root-member/raw-observations.tsv	100644	b132e3276d766bd11fdcd54cf75793149f5d4369a8ef8f88113045ac6334591e	3399	evidence
bc02-partial-residue--case-bc02-after-root-member/raw-seal.tsv	100644	8610f98908b439a1eea167852e00251e12f0799f584acf89d41cc378597fbe3d	302	evidence
bc02-partial-residue--case-bc02-after-root-member/resolution-receipts.tsv	100644	12655d3aa884af719b82fb978aff08c86c1142de9172edef056be860bc6fd426	325	evidence
bc02-poisoned-retry--case-bc02-after-root-header/action-receipts.tsv	100644	cc6cf4ffeae5a463fa1578385eeb23b2cec7e5321864e3fc1a2b21147ce6e2d8	212	evidence
bc02-poisoned-retry--case-bc02-after-root-header/command-receipts.tsv	100644	c474534bc94ff0e1256e057d3f597215d34f4cae05c86f074589da58f5c07998	5532	evidence
bc02-poisoned-retry--case-bc02-after-root-header/correction-receipts.tsv	100644	e3b0c44298fc1c149afbf4c8996fb92427ae41e4649b934ca495991b7852b855	0	evidence
bc02-poisoned-retry--case-bc02-after-root-header/correction-write-guard-receipts.tsv	100644	e3b0c44298fc1c149afbf4c8996fb92427ae41e4649b934ca495991b7852b855	0	evidence
bc02-poisoned-retry--case-bc02-after-root-header/coverage.tsv	100644	09749310460094d430526e9959403e7c8e2728e68da02e7d314ad20595eb5b19	4832	evidence
bc02-poisoned-retry--case-bc02-after-root-header/data-version-receipts.tsv	100644	3407233e708dd4215af3483ef7932482711a92cbe5931fac861f7140be8e5b4b	470	evidence
bc02-poisoned-retry--case-bc02-after-root-header/evidence-binding-receipts.tsv	100644	ee1dc9015e7990f1f9f16fd7c4a59a82c3f1823e37e059dc2ead8ea5bb668b86	791	evidence
bc02-poisoned-retry--case-bc02-after-root-header/exclusions.tsv	100644	e3b0c44298fc1c149afbf4c8996fb92427ae41e4649b934ca495991b7852b855	0	evidence
bc02-poisoned-retry--case-bc02-after-root-header/fault-activation-receipts.tsv	100644	cf6e2ee22878560f0cebc2441e6594fbd9fe742c4112118088d4d8329fe32143	266	evidence
bc02-poisoned-retry--case-bc02-after-root-header/fault-configuration-receipts.tsv	100644	f8d59e9ff0ef98519e4adc97e382a7e3226e0bef362986ea16d40dbf85fbb061	533	evidence
bc02-poisoned-retry--case-bc02-after-root-header/fault-markers.tsv	100644	3d23614f1215635ec6245d8c88b7f9c38fb307725b26e2b4411d74ad49839c65	366	evidence
bc02-poisoned-retry--case-bc02-after-root-header/fault-trigger-receipts.tsv	100644	51b77864b1ac58f49c9d796dc81ddfa88f9746113a453f55002dbffcc6c42a17	558	evidence
bc02-poisoned-retry--case-bc02-after-root-header/gate-results.tsv	100644	61615211a923c3f7f30f6f8b5d1d5e1ef2ea45943275d721771a6f28273426db	4060	evidence
bc02-poisoned-retry--case-bc02-after-root-header/inventory-correction-after.tsv	100644	e3b0c44298fc1c149afbf4c8996fb92427ae41e4649b934ca495991b7852b855	0	evidence
bc02-poisoned-retry--case-bc02-after-root-header/inventory-retry-after.tsv	100644	8f47f796a5afed1b94b498b3c83f6d96cefaf63765d1193a5819736243061b35	2313	evidence
bc02-poisoned-retry--case-bc02-after-root-header/inventory-rollback-after.tsv	100644	19d8992231a1eb2a60f07eec27bf9f3058413e3096e2f23908ab36f478ccf120	1645	evidence
bc02-poisoned-retry--case-bc02-after-root-header/inventory-setup-before.tsv	100644	19d8992231a1eb2a60f07eec27bf9f3058413e3096e2f23908ab36f478ccf120	1645	evidence
bc02-poisoned-retry--case-bc02-after-root-header/inventory-success-after.tsv	100644	e3b0c44298fc1c149afbf4c8996fb92427ae41e4649b934ca495991b7852b855	0	evidence
bc02-poisoned-retry--case-bc02-after-root-header/normalized-observations.tsv	100644	986bc8346103c19b6161dc028c8aff0496a2ae5e7007680ec1ca6f8058d0d19b	2210	evidence
bc02-poisoned-retry--case-bc02-after-root-header/observer-custody-receipts.tsv	100644	09c49a7eedbbd0ad9a1bfd62eeba09bcb04e93f211949da8c0d0dae02737722f	282	evidence
bc02-poisoned-retry--case-bc02-after-root-header/oracle-result.tsv	100644	54726c4bbc7c14fa7886442c054a5af4af6b6350789497b941643c352afa00f1	304	evidence
bc02-poisoned-retry--case-bc02-after-root-header/pragma.tsv	100644	f7f7013d2483e51aa3ea48491d8631e7fcc1ae4d3a9998ceeb839416b333e1d0	1715	evidence
bc02-poisoned-retry--case-bc02-after-root-header/raw-observations.tsv	100644	57694320934b2c983d92ddb53f80dbb4c51670fa133d5c5fe8ce032a91ca2f16	5187	evidence
bc02-poisoned-retry--case-bc02-after-root-header/raw-seal.tsv	100644	81e947c7cade2888e3b4307f8530eb7a8b02dd07f3848c33a2ce9826151d96b7	300	evidence
bc02-poisoned-retry--case-bc02-after-root-header/resolution-receipts.tsv	100644	ccd94e340016b538a9b82e862c43e875b8887914628eb6ccd6abec33bb6a8e41	489	evidence
bc02-poisoned-retry--case-bc02-after-root-member/action-receipts.tsv	100644	ea377047f610dd90a099f41fa541d310f2a42efcd6368a9751a31847cfa0e4bf	212	evidence
bc02-poisoned-retry--case-bc02-after-root-member/command-receipts.tsv	100644	63a9251c87b114a3c732b18bcefdaf505a7a618f4bf711777766f81002213e28	5532	evidence
bc02-poisoned-retry--case-bc02-after-root-member/correction-receipts.tsv	100644	e3b0c44298fc1c149afbf4c8996fb92427ae41e4649b934ca495991b7852b855	0	evidence
bc02-poisoned-retry--case-bc02-after-root-member/correction-write-guard-receipts.tsv	100644	e3b0c44298fc1c149afbf4c8996fb92427ae41e4649b934ca495991b7852b855	0	evidence
bc02-poisoned-retry--case-bc02-after-root-member/coverage.tsv	100644	1ce8cd4c3892af888c815ee9978ddc90e9d7f1ef4f901c9fe93ebfb39728659e	4832	evidence
bc02-poisoned-retry--case-bc02-after-root-member/data-version-receipts.tsv	100644	2602ff985c6bb4edf4f53822cdb82d6b5d4b6cd65540aebbb42ef0e66743f7a6	470	evidence
bc02-poisoned-retry--case-bc02-after-root-member/evidence-binding-receipts.tsv	100644	4341839b9b49d211c138ffc171fffd494cb2279cc2b496b727a27d5c20819f88	791	evidence
bc02-poisoned-retry--case-bc02-after-root-member/exclusions.tsv	100644	e3b0c44298fc1c149afbf4c8996fb92427ae41e4649b934ca495991b7852b855	0	evidence
bc02-poisoned-retry--case-bc02-after-root-member/fault-activation-receipts.tsv	100644	90fe0ef5c4e6f7d269f878d54ee58de3041c2fec684e97eb6611a8003dacbdf4	266	evidence
bc02-poisoned-retry--case-bc02-after-root-member/fault-configuration-receipts.tsv	100644	071fbe1e7e74feb820f250a00270b9fd258b2baeeb314fa05711c02f392c1b65	533	evidence
bc02-poisoned-retry--case-bc02-after-root-member/fault-markers.tsv	100644	7f4ec24fe3d13b10a5f651dc658e6cac834e64fd16f0ad16099e3248e9602644	366	evidence
bc02-poisoned-retry--case-bc02-after-root-member/fault-trigger-receipts.tsv	100644	8507695c48170f08d2a32764cffaa0775023e6c4441c92564821c3aab9ad849a	558	evidence
bc02-poisoned-retry--case-bc02-after-root-member/gate-results.tsv	100644	dea2646e6c2004ae436b386fbec6e624702f46a7b41cdc33ea182c9b41760f62	4060	evidence
bc02-poisoned-retry--case-bc02-after-root-member/inventory-correction-after.tsv	100644	e3b0c44298fc1c149afbf4c8996fb92427ae41e4649b934ca495991b7852b855	0	evidence
bc02-poisoned-retry--case-bc02-after-root-member/inventory-retry-after.tsv	100644	a05bf86b56bde4d12abee20de492e41d97e2a4308bded571a265308f328c850b	2313	evidence
bc02-poisoned-retry--case-bc02-after-root-member/inventory-rollback-after.tsv	100644	d802441f1cf8a90f2d16963c0ae6a4307ff2ed00437f2de16aa7949fc2db52ca	1645	evidence
bc02-poisoned-retry--case-bc02-after-root-member/inventory-setup-before.tsv	100644	d802441f1cf8a90f2d16963c0ae6a4307ff2ed00437f2de16aa7949fc2db52ca	1645	evidence
bc02-poisoned-retry--case-bc02-after-root-member/inventory-success-after.tsv	100644	e3b0c44298fc1c149afbf4c8996fb92427ae41e4649b934ca495991b7852b855	0	evidence
bc02-poisoned-retry--case-bc02-after-root-member/normalized-observations.tsv	100644	3996fe52fe37588ce4427046e8e960931cbc38d57bdccee21e3f97152d9e6158	2210	evidence
bc02-poisoned-retry--case-bc02-after-root-member/observer-custody-receipts.tsv	100644	6b53b8e232f86508fa47bc0c09e5cc3099f783db7e5e571bc0458a2599aa9c22	282	evidence
bc02-poisoned-retry--case-bc02-after-root-member/oracle-result.tsv	100644	706b21c3396ec39615bc8a8e3d15796f7b26de4c0c8ea5e703ded53523279d16	304	evidence
bc02-poisoned-retry--case-bc02-after-root-member/pragma.tsv	100644	c13601cce1d791f3628395d970c2decabf9c319ffaa58a10dcf88c821e6bbfe1	1715	evidence
bc02-poisoned-retry--case-bc02-after-root-member/raw-observations.tsv	100644	9b3fd2533edce859be175c6d9b429c502f045b4eba05675b5f3fd49f34ce1444	5187	evidence
bc02-poisoned-retry--case-bc02-after-root-member/raw-seal.tsv	100644	a8c2b0c2b3a4347eb5fc64f3bf5923708e98bf2c171e4d9aadb57c7fc30d7e1c	300	evidence
bc02-poisoned-retry--case-bc02-after-root-member/resolution-receipts.tsv	100644	901fc7a4e934c8208f257b00923d8bd077cb52124db103677dd60717e4ad0b8c	489	evidence
bc02-rollback-complete--case-bc02-after-root-header/action-receipts.tsv	100644	e3b0c44298fc1c149afbf4c8996fb92427ae41e4649b934ca495991b7852b855	0	evidence
bc02-rollback-complete--case-bc02-after-root-header/command-receipts.tsv	100644	02eec90a57e84917d4d4e9756047560fd8694e8eaf7b4ae930205ce0a931f8d4	3983	evidence
bc02-rollback-complete--case-bc02-after-root-header/correction-receipts.tsv	100644	e3b0c44298fc1c149afbf4c8996fb92427ae41e4649b934ca495991b7852b855	0	evidence
bc02-rollback-complete--case-bc02-after-root-header/correction-write-guard-receipts.tsv	100644	e3b0c44298fc1c149afbf4c8996fb92427ae41e4649b934ca495991b7852b855	0	evidence
bc02-rollback-complete--case-bc02-after-root-header/coverage.tsv	100644	4df87054c70c55877f76b03c6a52e04617f9aa9ae79bd54c6d430741aee2e709	3456	evidence
bc02-rollback-complete--case-bc02-after-root-header/data-version-receipts.tsv	100644	da1d59f588491caf360fa23336a992a53d965ca765493bffcb2484ddf599b90d	325	evidence
bc02-rollback-complete--case-bc02-after-root-header/evidence-binding-receipts.tsv	100644	4b12e190dbc6ee1ac61c4f4b8dc4b4ea65a59e6080caff206c9429098f533b3a	797	evidence
bc02-rollback-complete--case-bc02-after-root-header/exclusions.tsv	100644	e3b0c44298fc1c149afbf4c8996fb92427ae41e4649b934ca495991b7852b855	0	evidence
bc02-rollback-complete--case-bc02-after-root-header/fault-activation-receipts.tsv	100644	5757ba7c91e4554f52fd862b7e61fa9deb9d4a144ef9ce26066ba9b38e3fb976	272	evidence
bc02-rollback-complete--case-bc02-after-root-header/fault-configuration-receipts.tsv	100644	bbf1694f039a9ea133bb6df5be5c4d3dc9fac5daf6ce819eabe8748a05ec346b	539	evidence
bc02-rollback-complete--case-bc02-after-root-header/fault-markers.tsv	100644	d0aa75f0737eb1cf39a0f71917a8b8ac812865f7cfbf02a3c01c96b7b817a2bb	372	evidence
bc02-rollback-complete--case-bc02-after-root-header/fault-trigger-receipts.tsv	100644	f2a64482f3db8298bc6f95a3f1c80c0da70f5d2907b68606e472203b8ba2a0fc	564	evidence
bc02-rollback-complete--case-bc02-after-root-header/gate-results.tsv	100644	c51708609a39c7022b615450a2a6292bcbec57d579d5471b0fd339fbb09a0d7e	3128	evidence
bc02-rollback-complete--case-bc02-after-root-header/inventory-correction-after.tsv	100644	e3b0c44298fc1c149afbf4c8996fb92427ae41e4649b934ca495991b7852b855	0	evidence
bc02-rollback-complete--case-bc02-after-root-header/inventory-retry-after.tsv	100644	e3b0c44298fc1c149afbf4c8996fb92427ae41e4649b934ca495991b7852b855	0	evidence
bc02-rollback-complete--case-bc02-after-root-header/inventory-rollback-after.tsv	100644	9f5d05b1d1adbff9ad29287d752c7929c5c21e6776ccd6a228262fd7d400ae72	1696	evidence
bc02-rollback-complete--case-bc02-after-root-header/inventory-setup-before.tsv	100644	9f5d05b1d1adbff9ad29287d752c7929c5c21e6776ccd6a228262fd7d400ae72	1696	evidence
bc02-rollback-complete--case-bc02-after-root-header/inventory-success-after.tsv	100644	e3b0c44298fc1c149afbf4c8996fb92427ae41e4649b934ca495991b7852b855	0	evidence
bc02-rollback-complete--case-bc02-after-root-header/normalized-observations.tsv	100644	7dd00e94b285315166a9d323f7273b2f088af3035b7646860c4093e925692a95	1488	evidence
bc02-rollback-complete--case-bc02-after-root-header/observer-custody-receipts.tsv	100644	cc3a2648f281e95616865a3fb60ca26b276c45c48d6ea32e3c0babd046e2bf58	286	evidence
bc02-rollback-complete--case-bc02-after-root-header/oracle-result.tsv	100644	60359bf16b3d671085adf1b4b037bbf08624fbd3a54c8d5b425963e06220ca34	312	evidence
bc02-rollback-complete--case-bc02-after-root-header/pragma.tsv	100644	5a3c3ecec7f53421011a82657bfbcc2dba4f891c0f711045123a2dd8665a1ec6	1248	evidence
bc02-rollback-complete--case-bc02-after-root-header/raw-observations.tsv	100644	f872dbf318fd18977b2ce485eb2ab07106aacccaa2b774a83e46fa927c2785c9	3829	evidence
bc02-rollback-complete--case-bc02-after-root-header/raw-seal.tsv	100644	84212c35fcf506e363bc6576028c00916d862a33494c1088a6e055612ae13efe	306	evidence
bc02-rollback-complete--case-bc02-after-root-header/resolution-receipts.tsv	100644	124735077ae688cbf0153db187c4621f0535aab450dc8cf6f0be98248bf30c8b	333	evidence
bc02-rollback-complete--case-bc02-after-root-member/action-receipts.tsv	100644	e3b0c44298fc1c149afbf4c8996fb92427ae41e4649b934ca495991b7852b855	0	evidence
bc02-rollback-complete--case-bc02-after-root-member/command-receipts.tsv	100644	6c9c11f8a746ade1e7da7522b11299b086c610910c2b0a1385185fbdb4722c8a	3983	evidence
bc02-rollback-complete--case-bc02-after-root-member/correction-receipts.tsv	100644	e3b0c44298fc1c149afbf4c8996fb92427ae41e4649b934ca495991b7852b855	0	evidence
bc02-rollback-complete--case-bc02-after-root-member/correction-write-guard-receipts.tsv	100644	e3b0c44298fc1c149afbf4c8996fb92427ae41e4649b934ca495991b7852b855	0	evidence
bc02-rollback-complete--case-bc02-after-root-member/coverage.tsv	100644	bd9a9c9f79ef76c2cb4d7547c2d3346454296dbff41282318543e980077c7553	3456	evidence
bc02-rollback-complete--case-bc02-after-root-member/data-version-receipts.tsv	100644	3e4ba901aaf0475b13ffc2514e97e53e303d97cc71c61dd7a6c42978cc756495	325	evidence
bc02-rollback-complete--case-bc02-after-root-member/evidence-binding-receipts.tsv	100644	919686917779f1a900149a5413f3f97358162908f16c35a2ec1362823a898ac9	797	evidence
bc02-rollback-complete--case-bc02-after-root-member/exclusions.tsv	100644	e3b0c44298fc1c149afbf4c8996fb92427ae41e4649b934ca495991b7852b855	0	evidence
bc02-rollback-complete--case-bc02-after-root-member/fault-activation-receipts.tsv	100644	749211518ab4a6571cd28636b370d92aa99721966e4558b153c59358c88d578b	272	evidence
bc02-rollback-complete--case-bc02-after-root-member/fault-configuration-receipts.tsv	100644	db7bfefdb9c4c8a7fb31b5862b9d0cd709cb939cc1323d844adb1188a67a5f61	539	evidence
bc02-rollback-complete--case-bc02-after-root-member/fault-markers.tsv	100644	1f45c23d77deb2d2c1c0748661f516585014e8d1d64fea36a4413bbfb2271b2b	372	evidence
bc02-rollback-complete--case-bc02-after-root-member/fault-trigger-receipts.tsv	100644	c890f5a2528707fe1e218e53eb6bbb179c0bbf237ee51633d1b795657546f926	564	evidence
bc02-rollback-complete--case-bc02-after-root-member/gate-results.tsv	100644	efc47ede25e717c065e1779f0387a81de99b3257aa82ad374a96767a903b3215	3128	evidence
bc02-rollback-complete--case-bc02-after-root-member/inventory-correction-after.tsv	100644	e3b0c44298fc1c149afbf4c8996fb92427ae41e4649b934ca495991b7852b855	0	evidence
bc02-rollback-complete--case-bc02-after-root-member/inventory-retry-after.tsv	100644	e3b0c44298fc1c149afbf4c8996fb92427ae41e4649b934ca495991b7852b855	0	evidence
bc02-rollback-complete--case-bc02-after-root-member/inventory-rollback-after.tsv	100644	50b810066782afe2a1d5eee5f57396b6e7d99c27e19873f60540addd3eb8e29c	1696	evidence
bc02-rollback-complete--case-bc02-after-root-member/inventory-setup-before.tsv	100644	50b810066782afe2a1d5eee5f57396b6e7d99c27e19873f60540addd3eb8e29c	1696	evidence
bc02-rollback-complete--case-bc02-after-root-member/inventory-success-after.tsv	100644	e3b0c44298fc1c149afbf4c8996fb92427ae41e4649b934ca495991b7852b855	0	evidence
bc02-rollback-complete--case-bc02-after-root-member/normalized-observations.tsv	100644	4baf61c7b3206c48afaac49f6234136270084e03b5073a2d36e9c687e393e935	1488	evidence
bc02-rollback-complete--case-bc02-after-root-member/observer-custody-receipts.tsv	100644	b682364f882d6e8c10388803bc126c16ebc8d25f22ca47c0c9071bdbe9c7492b	286	evidence
bc02-rollback-complete--case-bc02-after-root-member/oracle-result.tsv	100644	8a69f0ab88a3e869abc5a36fb188d0cb7a7fbedf359f27a9828e00e76accebb3	312	evidence
bc02-rollback-complete--case-bc02-after-root-member/pragma.tsv	100644	beb85cccd9010319fbecaa6ab25d8dae633d0c797b634b2c6932103372d34766	1248	evidence
bc02-rollback-complete--case-bc02-after-root-member/raw-observations.tsv	100644	d466022cd83cbf236423d4b568c82f15d07772f149aeda448757e5a6ccf9906f	3829	evidence
bc02-rollback-complete--case-bc02-after-root-member/raw-seal.tsv	100644	54321743bb00924543ab4481324e73c616bfdde4fa0335e2ae652d49c29122be	306	evidence
bc02-rollback-complete--case-bc02-after-root-member/resolution-receipts.tsv	100644	2c28d9b1dd3308c93bcd4433a5270dc216c9150333efe255f9a804ed83ec4e8f	333	evidence
bc03-accepted-head--case-bc03-accepted/action-receipts.tsv	100644	32c80e8377c32c29a4840b869323081a19ad2b0df7b71948f9b915cf6dc702e3	373	evidence
bc03-accepted-head--case-bc03-accepted/command-receipts.tsv	100644	3b96b86e36526d330e3efa4157f45db4473728380534a9158266c89b6b0f9bb6	2830	evidence
bc03-accepted-head--case-bc03-accepted/coverage.tsv	100644	0f2667d0231f2ec771a24f8aaa96f102649cb1e1c6a242ade7acdfef695a85e8	945	evidence
bc03-accepted-head--case-bc03-accepted/exclusions.tsv	100644	e3b0c44298fc1c149afbf4c8996fb92427ae41e4649b934ca495991b7852b855	0	evidence
bc03-accepted-head--case-bc03-accepted/fault-markers.tsv	100644	e3b0c44298fc1c149afbf4c8996fb92427ae41e4649b934ca495991b7852b855	0	evidence
bc03-accepted-head--case-bc03-accepted/inventory-after.tsv	100644	0b6c4d3773ac949eaafc2e5e5576d30c08dacf2d5a31d5820c963b553be0c582	465	evidence
bc03-accepted-head--case-bc03-accepted/inventory-before.tsv	100644	e85550d40fd2f840194af6d8263d49d3e42c93e36dbb892792c968837e7bd9e1	82	evidence
bc03-accepted-head--case-bc03-accepted/inventory-reopened.tsv	100644	0b6c4d3773ac949eaafc2e5e5576d30c08dacf2d5a31d5820c963b553be0c582	465	evidence
bc03-accepted-head--case-bc03-accepted/normalized-observations.tsv	100644	4b1beb0ef1bb666593f6b0900b005ff167d0a399ee7f4041a11b6579a6cb134a	768	evidence
bc03-accepted-head--case-bc03-accepted/oracle-result.tsv	100644	03d40127c5c46d2bb002dc1403f5af2a146876a24f2838257d38436fa8d79eff	81	evidence
bc03-accepted-head--case-bc03-accepted/pragma.tsv	100644	8daab87ffb45582324ee333d592df6fa8d2fd9477d0a5d7f6c4d4589ab9809e2	765	evidence
bc03-accepted-head--case-bc03-accepted/raw-observations.tsv	100644	874761b0dfbffa222913a8037656a142c5e00dfc5f18b0c545444668f397f099	737	evidence
bc03-accepted-head--case-bc03-accepted/raw-seal.tsv	100644	f3405f33607f2eba3817b7d1d2a4abe8a7b0ee4d0e11683905a177cbbfa0ab37	279	evidence
bc03-control-receipts.tsv	100644	fb021e1e563cf1e434664e4ba555de0d6672c700727a570776f89599b2c3b3d7	1965	evidence
bc03-publication-separate--case-bc03-accepted/action-receipts.tsv	100644	5b2c44841006b35c24939591767d88297e5e968d0cd161a85b5ce19b877bec22	401	evidence
bc03-publication-separate--case-bc03-accepted/command-receipts.tsv	100644	e7fa0f8f53eb286f5aa26d8d9b8d9d3b61b85669e4ff808a050d7b74ce9789bc	2956	evidence
bc03-publication-separate--case-bc03-accepted/coverage.tsv	100644	2681936fad746015f44481150f3ce7c095f58938336619be0a0c19117fb39c6c	1071	evidence
bc03-publication-separate--case-bc03-accepted/exclusions.tsv	100644	e3b0c44298fc1c149afbf4c8996fb92427ae41e4649b934ca495991b7852b855	0	evidence
bc03-publication-separate--case-bc03-accepted/fault-markers.tsv	100644	e3b0c44298fc1c149afbf4c8996fb92427ae41e4649b934ca495991b7852b855	0	evidence
bc03-publication-separate--case-bc03-accepted/inventory-after.tsv	100644	ad7a74c03a44709e7d246e571b30db0edafcb40389ba3c84ee6c23e55b7190ea	500	evidence
bc03-publication-separate--case-bc03-accepted/inventory-before.tsv	100644	5e75765560e6f521c71f5a68f06d6d00dc3e05aac3d016fe6012db79d6ee337f	89	evidence
bc03-publication-separate--case-bc03-accepted/inventory-reopened.tsv	100644	ad7a74c03a44709e7d246e571b30db0edafcb40389ba3c84ee6c23e55b7190ea	500	evidence
bc03-publication-separate--case-bc03-accepted/normalized-observations.tsv	100644	46c2180478946dd669dc810b344222755e4ff99f56f27240020263e8d5e9258d	824	evidence
bc03-publication-separate--case-bc03-accepted/oracle-result.tsv	100644	394c1c8f6ab8323c91ccaa3d272da24a061a1c72400d1ef32516193cd60fb6d8	95	evidence
bc03-publication-separate--case-bc03-accepted/pragma.tsv	100644	ca680a6c4e15d098d013d06892f371e0de7e5eaa9171f0ae08a1819f8115a0ec	877	evidence
bc03-publication-separate--case-bc03-accepted/raw-observations.tsv	100644	41bb8ad4d6e5616d62f39208ad2a0afb2c4b4420760ae48d848d10eab2cb37b0	793	evidence
bc03-publication-separate--case-bc03-accepted/raw-seal.tsv	100644	5b8cbb67a2021a52698fbb27d826c388500ebec67be9b7ef4833059bdcdada08	293	evidence
bc03-rejected-is-head--case-bc03-rejected/action-receipts.tsv	100644	2140aeab96b0d2ddc31cfd9c85149e32b0adc308b0f81b0ebcda36053f44c8fe	385	evidence
bc03-rejected-is-head--case-bc03-rejected/command-receipts.tsv	100644	787784ee5d1900fae4feb19959b707fda1d0792f02883806daa9eee3c1956650	2884	evidence
bc03-rejected-is-head--case-bc03-rejected/coverage.tsv	100644	12e6a0852d06ced721b190bf00175580417978848724790a0919278f3ccbea73	1110	evidence
bc03-rejected-is-head--case-bc03-rejected/exclusions.tsv	100644	e3b0c44298fc1c149afbf4c8996fb92427ae41e4649b934ca495991b7852b855	0	evidence
bc03-rejected-is-head--case-bc03-rejected/fault-markers.tsv	100644	e3b0c44298fc1c149afbf4c8996fb92427ae41e4649b934ca495991b7852b855	0	evidence
bc03-rejected-is-head--case-bc03-rejected/inventory-after.tsv	100644	090a2076f476dbcb61a14df781927ea447774e945b40553230eff9a9d2c250d4	480	evidence
bc03-rejected-is-head--case-bc03-rejected/inventory-before.tsv	100644	803706ce32284fc12bf1cf03d01df4e9bcfc101dd4b3fcd1733862946bc50929	85	evidence
bc03-rejected-is-head--case-bc03-rejected/inventory-reopened.tsv	100644	090a2076f476dbcb61a14df781927ea447774e945b40553230eff9a9d2c250d4	480	evidence
bc03-rejected-is-head--case-bc03-rejected/normalized-observations.tsv	100644	015d9909a177a7534891dda3b28a661e2101a5e9a294e88330d628135f0cb2e1	801	evidence
bc03-rejected-is-head--case-bc03-rejected/oracle-result.tsv	100644	64a5a22168d8e065efae07b8bbb58f9c63f2e3dbf6448f67422369503463feb8	87	evidence
bc03-rejected-is-head--case-bc03-rejected/pragma.tsv	100644	0dce2e46deeb7baa1bddacba3e7c733ef615dbe6890e2e955bc5fd9ef2220699	813	evidence
bc03-rejected-is-head--case-bc03-rejected/raw-observations.tsv	100644	255a5be98d7bef9baefe33201e143a10031b81384cab01a584b15b53a84f93a6	760	evidence
bc03-rejected-is-head--case-bc03-rejected/raw-seal.tsv	100644	31a2464f770dc13ffa49226552bc3a620006264b520eb46f21e366ff551667f9	285	evidence
bc03-stored-is-head--case-bc03-stored/action-receipts.tsv	100644	780b05ee8d18afd27dd9320918cf0b2170cb624927af7a22a32eecd1848c05c5	330	evidence
bc03-stored-is-head--case-bc03-stored/command-receipts.tsv	100644	3119c8cc350427730984000f22b05716f3af9bdf96cdb759aa9f91e6df4706e9	2828	evidence
bc03-stored-is-head--case-bc03-stored/coverage.tsv	100644	90e617411c6207266fb01aa49f96797593371c4c7cd7a06addd16a1ec90b862f	618	evidence
bc03-stored-is-head--case-bc03-stored/exclusions.tsv	100644	e3b0c44298fc1c149afbf4c8996fb92427ae41e4649b934ca495991b7852b855	0	evidence
bc03-stored-is-head--case-bc03-stored/fault-markers.tsv	100644	e3b0c44298fc1c149afbf4c8996fb92427ae41e4649b934ca495991b7852b855	0	evidence
bc03-stored-is-head--case-bc03-stored/inventory-after.tsv	100644	d7d8ee2c5f2e2dda01a9ca4b8298c409fb53fc1777495246112e28d97f383f44	170	evidence
bc03-stored-is-head--case-bc03-stored/inventory-before.tsv	100644	bbc0cdf299ce7fefe96a25f7220adfab53c45b7e01150ed8245d4db5521273fb	81	evidence
bc03-stored-is-head--case-bc03-stored/inventory-reopened.tsv	100644	d7d8ee2c5f2e2dda01a9ca4b8298c409fb53fc1777495246112e28d97f383f44	170	evidence
bc03-stored-is-head--case-bc03-stored/normalized-observations.tsv	100644	bc3d970be1688f389664d71f4ad6313d6d543c8d86072703897efe5b3340a789	472	evidence
bc03-stored-is-head--case-bc03-stored/oracle-result.tsv	100644	635b07a73ca2c0a1b50edf3104b0ef962c673de441e9b74b4a6e4e778bd35140	83	evidence
bc03-stored-is-head--case-bc03-stored/pragma.tsv	100644	0349ffa551706d419a6edcb5a691070988b2877d9ff17fc2b7fc381b61a38cfb	765	evidence
bc03-stored-is-head--case-bc03-stored/raw-observations.tsv	100644	297b1ee9c69415b0ccd84a9f7841f520bb8a9eee165de27d1d0374a83d919e73	444	evidence
bc03-stored-is-head--case-bc03-stored/raw-seal.tsv	100644	3f6cf04b17811e93e1aded61ab745f89f1a70cc3d5d8cfb5587ad3d1b2e8dda3	277	evidence
bc03-stored-root-separate--case-bc03-stored/action-receipts.tsv	100644	071d07a507b73789165e97eeb2c1ffa6d219fa4ac72dfe8baa0bfc657087ac5c	354	evidence
bc03-stored-root-separate--case-bc03-stored/command-receipts.tsv	100644	b8bb00ccb7b05f3eb0327c177cdd8ac8b135bb3403a478880219132991ec7399	2936	evidence
bc03-stored-root-separate--case-bc03-stored/coverage.tsv	100644	06a2561606905c1ea66d5b8863ea09bdfa79b23b70145df3313a0abbea26abe1	690	evidence
bc03-stored-root-separate--case-bc03-stored/exclusions.tsv	100644	e3b0c44298fc1c149afbf4c8996fb92427ae41e4649b934ca495991b7852b855	0	evidence
bc03-stored-root-separate--case-bc03-stored/fault-markers.tsv	100644	e3b0c44298fc1c149afbf4c8996fb92427ae41e4649b934ca495991b7852b855	0	evidence
bc03-stored-root-separate--case-bc03-stored/inventory-after.tsv	100644	f5e7b319ef96b3dcaf5a652c88a2ef4affd6e9a23de9495c7fb6213b23eab84b	182	evidence
bc03-stored-root-separate--case-bc03-stored/inventory-before.tsv	100644	3a30b2d952e857bed30313722d40ff5efa9797baf505e388ecc136783d7ba016	87	evidence
bc03-stored-root-separate--case-bc03-stored/inventory-reopened.tsv	100644	f5e7b319ef96b3dcaf5a652c88a2ef4affd6e9a23de9495c7fb6213b23eab84b	182	evidence
bc03-stored-root-separate--case-bc03-stored/normalized-observations.tsv	100644	8ee83c32cb76ab25edf16c613ab282636f73ad89ae524f9d6f63d4d5bb0dd8c6	482	evidence
bc03-stored-root-separate--case-bc03-stored/oracle-result.tsv	100644	813bf6dd7389e52eda55618cfd18298dd78a591981a8252c2b3f1014584b205b	95	evidence
bc03-stored-root-separate--case-bc03-stored/pragma.tsv	100644	7c2d0d327923820211cedf0adbc0337601a48d6320ecf30ac3ed99666bce84d8	861	evidence
bc03-stored-root-separate--case-bc03-stored/raw-observations.tsv	100644	fee9a412cc92ceb811e332239db4c78ebc4908e3f2308f065f78e4203158724e	474	evidence
bc03-stored-root-separate--case-bc03-stored/raw-seal.tsv	100644	02e4825658ffc571c9820175e69a2f9392d9e70ee5d9979f68e3523ffca49b52	289	evidence
bc03-wrong-authority-head--case-bc03-wrong-authority/action-receipts.tsv	100644	266f686ebed7bce85ecb6daaa0f409cb8b9af9a445df2bdf550da9b778179db4	475	evidence
bc03-wrong-authority-head--case-bc03-wrong-authority/command-receipts.tsv	100644	c043b9b8528b2c6259af41a3f10f2fb31d7e21de7954749981704efc9468f57c	3020	evidence
bc03-wrong-authority-head--case-bc03-wrong-authority/coverage.tsv	100644	64b58687b277b6535ea5f4a5b0625b6f4df9b3f416058addf67a42d69a8938d8	1463	evidence
bc03-wrong-authority-head--case-bc03-wrong-authority/exclusions.tsv	100644	e3b0c44298fc1c149afbf4c8996fb92427ae41e4649b934ca495991b7852b855	0	evidence
bc03-wrong-authority-head--case-bc03-wrong-authority/fault-markers.tsv	100644	e3b0c44298fc1c149afbf4c8996fb92427ae41e4649b934ca495991b7852b855	0	evidence
bc03-wrong-authority-head--case-bc03-wrong-authority/inventory-after.tsv	100644	a9270884307155820d4a9fa3cad0c2e330ab1ad1de451daec80fc08a52264dd7	521	evidence
bc03-wrong-authority-head--case-bc03-wrong-authority/inventory-before.tsv	100644	a9270884307155820d4a9fa3cad0c2e330ab1ad1de451daec80fc08a52264dd7	521	evidence
bc03-wrong-authority-head--case-bc03-wrong-authority/inventory-reopened.tsv	100644	a9270884307155820d4a9fa3cad0c2e330ab1ad1de451daec80fc08a52264dd7	521	evidence
bc03-wrong-authority-head--case-bc03-wrong-authority/normalized-observations.tsv	100644	c67ab71e0d8a43490c8b85291a609d9836b2f2ad61b46b88f6f999f0bdc51042	978	evidence
bc03-wrong-authority-head--case-bc03-wrong-authority/oracle-result.tsv	100644	ab710f2cd900ed418fee57e1b4fbeea636ad367adfbaa7a13af01ad2cf9d43fa	95	evidence
bc03-wrong-authority-head--case-bc03-wrong-authority/pragma.tsv	100644	35449e16332bff0f2457c2f2d15ccd81abd9f2c798335aa1aba9fb419c69acc5	933	evidence
bc03-wrong-authority-head--case-bc03-wrong-authority/raw-observations.tsv	100644	fe83ffeea82baa6f55f7c460bc393e1972f1500fa0eac3c5ef2126c780810738	951	evidence
bc03-wrong-authority-head--case-bc03-wrong-authority/raw-seal.tsv	100644	1e425370ff736c39fe6eb44982339c7b1fc9056835a8ea5533122a60ef991710	307	evidence
bc04-ambient-fallback--case-bc04-ambient/action-receipts.tsv	100644	05465e4aad9c9190cfe84f0e7677fde89c1ae48ae92f309202fe45eb5256ca5e	367	evidence
bc04-ambient-fallback--case-bc04-ambient/command-receipts.tsv	100644	e75406b7b04f29c294bcdda3c7136773f6a1fe9a853286182231f289e38301e9	2878	evidence
bc04-ambient-fallback--case-bc04-ambient/coverage.tsv	100644	c21d683928e51d136f72eb3bacc9fc025895354c40a845ccbfb7dca9ec6824ed	763	evidence
bc04-ambient-fallback--case-bc04-ambient/exclusions.tsv	100644	e3b0c44298fc1c149afbf4c8996fb92427ae41e4649b934ca495991b7852b855	0	evidence
bc04-ambient-fallback--case-bc04-ambient/fault-markers.tsv	100644	e3b0c44298fc1c149afbf4c8996fb92427ae41e4649b934ca495991b7852b855	0	evidence
bc04-ambient-fallback--case-bc04-ambient/inventory-after.tsv	100644	0933de62e35aff552b34b67f30acf0f85b9d98871b44f0d46bfbdcf805188e58	269	evidence
bc04-ambient-fallback--case-bc04-ambient/inventory-before.tsv	100644	0933de62e35aff552b34b67f30acf0f85b9d98871b44f0d46bfbdcf805188e58	269	evidence
bc04-ambient-fallback--case-bc04-ambient/inventory-reopened.tsv	100644	0933de62e35aff552b34b67f30acf0f85b9d98871b44f0d46bfbdcf805188e58	269	evidence
bc04-ambient-fallback--case-bc04-ambient/normalized-observations.tsv	100644	b6034c4ead07d2591992b52fad120d5ff605288bd92ef670c85e5b0e2d850999	555	evidence
bc04-ambient-fallback--case-bc04-ambient/oracle-result.tsv	100644	935721d11688febb6f5b75ed093c606c596b3714e9e5596099b0979ad07cb244	87	evidence
bc04-ambient-fallback--case-bc04-ambient/pragma.tsv	100644	07ec637e21047d9704d00fdb2733b46b8fec1de9ab5a4d94e9f0bb1a23b32127	805	evidence
bc04-ambient-fallback--case-bc04-ambient/raw-observations.tsv	100644	458df10857a24de3c2f818bd12eeb64ec778273c6ac1a05b9a1cfb17725647f6	534	evidence
bc04-ambient-fallback--case-bc04-ambient/raw-seal.tsv	100644	413fcd277ae0e9ddad7317a7f9211d4fff36987262d5a1b714cd67a4fa8eb0ca	283	evidence
bc04-control-receipts.tsv	100644	865203653193aa4ef934c86fe8b1ffff54768a99447c85356ae77b841174e1c9	1716	evidence
bc04-exact-published-collapse--case-bc04-collapse/action-receipts.tsv	100644	b383929089a933412f4a47d10aae7ec599fdb46061537bd2aa5c919465de9cee	430	evidence
bc04-exact-published-collapse--case-bc04-collapse/command-receipts.tsv	100644	d18c90b840d320c61b6095123c692e8f255925cace2c8b9c6bea183c8ff3d60f	3031	evidence
bc04-exact-published-collapse--case-bc04-collapse/coverage.tsv	100644	8a10863d1919d67a1c137dc3a923b5eb29cdb05488ccbe50e2ec740ff77f9be1	889	evidence
bc04-exact-published-collapse--case-bc04-collapse/exclusions.tsv	100644	e3b0c44298fc1c149afbf4c8996fb92427ae41e4649b934ca495991b7852b855	0	evidence
bc04-exact-published-collapse--case-bc04-collapse/fault-markers.tsv	100644	e3b0c44298fc1c149afbf4c8996fb92427ae41e4649b934ca495991b7852b855	0	evidence
bc04-exact-published-collapse--case-bc04-collapse/inventory-after.tsv	100644	198fef97f8cb0b87a44afa8f7928fc385ebb237cb335d9730b1ca79bc602c07f	824	evidence
bc04-exact-published-collapse--case-bc04-collapse/inventory-before.tsv	100644	198fef97f8cb0b87a44afa8f7928fc385ebb237cb335d9730b1ca79bc602c07f	824	evidence
bc04-exact-published-collapse--case-bc04-collapse/inventory-reopened.tsv	100644	198fef97f8cb0b87a44afa8f7928fc385ebb237cb335d9730b1ca79bc602c07f	824	evidence
bc04-exact-published-collapse--case-bc04-collapse/normalized-observations.tsv	100644	d30e983c874ad9785b6c5d4c6f11f13cff9ed25d14f98fc7de69803b30e24f4a	605	evidence
bc04-exact-published-collapse--case-bc04-collapse/oracle-result.tsv	100644	48828f7062ca0ab1075b3676b1797726b8f036abd8c18fa79ca9a1402ff2c647	103	evidence
bc04-exact-published-collapse--case-bc04-collapse/pragma.tsv	100644	33d75dcb7fbe784ed0e7ef42c3bc87a750696633f6b984b399e6f9f0d665b03b	941	evidence
bc04-exact-published-collapse--case-bc04-collapse/raw-observations.tsv	100644	7d3a1366843fda3b8db4f228b67e85017d73dc5d3dd89f884eac33588926a1f2	598	evidence
bc04-exact-published-collapse--case-bc04-collapse/raw-seal.tsv	100644	8f9cae87adfde17ca77cba089d0181b42ffa63f2a9411fda2a03edce045e9fc5	301	evidence
bc04-exact-read--case-bc04-exact/action-receipts.tsv	100644	377742b17e738ac89cbe6b748e90703d713e64ad383486fb5633b36746b9403a	327	evidence
bc04-exact-read--case-bc04-exact/command-receipts.tsv	100644	8e1a343789647094021c7f038061d2a2f3811dd7b36eb623bcc6809950ab81e6	2748	evidence
bc04-exact-read--case-bc04-exact/coverage.tsv	100644	799ef4edca0739e5b5e749ade1c889edac774760cc4583072f453d407ae1135f	744	evidence
bc04-exact-read--case-bc04-exact/exclusions.tsv	100644	e3b0c44298fc1c149afbf4c8996fb92427ae41e4649b934ca495991b7852b855	0	evidence
bc04-exact-read--case-bc04-exact/fault-markers.tsv	100644	e3b0c44298fc1c149afbf4c8996fb92427ae41e4649b934ca495991b7852b855	0	evidence
bc04-exact-read--case-bc04-exact/inventory-after.tsv	100644	8c9502d6cd179346c572587dcc7416105d3e7aa003859567282ba2dba555140f	239	evidence
bc04-exact-read--case-bc04-exact/inventory-before.tsv	100644	8c9502d6cd179346c572587dcc7416105d3e7aa003859567282ba2dba555140f	239	evidence
bc04-exact-read--case-bc04-exact/inventory-reopened.tsv	100644	8c9502d6cd179346c572587dcc7416105d3e7aa003859567282ba2dba555140f	239	evidence
bc04-exact-read--case-bc04-exact/normalized-observations.tsv	100644	8d652d6a79484a06526390f3574c3124664c547e4d6aa8a68aec12ab45eeca80	478	evidence
bc04-exact-read--case-bc04-exact/oracle-result.tsv	100644	0cbe2e5f10f324cb6983f13a5d5a8ef7776442b179f145724b54698ec9c07ffc	75	evidence
bc04-exact-read--case-bc04-exact/pragma.tsv	100644	6d522393b0d0130d4c18711d808a4c05522dedc6311c2b118e7a956e3410cc8b	693	evidence
bc04-exact-read--case-bc04-exact/raw-observations.tsv	100644	21a88da95a773f2a4d292bc54637af3fd4d319d5448c09169c9f38a0dbe3c398	461	evidence
bc04-exact-read--case-bc04-exact/raw-seal.tsv	100644	967999b100c543d0f9590def21e958a8b31e56270e4b41e678f49e2b20b82e09	267	evidence
bc04-published-read--case-bc04-published/action-receipts.tsv	100644	f8b1141f5e9100c73c6f5076453a36cc35609765532530faa5862761d73d5727	396	evidence
bc04-published-read--case-bc04-published/command-receipts.tsv	100644	fd7da7bc80868efe086a1dea528f8e762dd9b3bacece6961561a3d488d499890	2860	evidence
bc04-published-read--case-bc04-published/coverage.tsv	100644	5f73558ad41087eef2a7b0d0acfc617c3decfdaf6759c09c45a76ba3c8353f44	872	evidence
bc04-published-read--case-bc04-published/exclusions.tsv	100644	e3b0c44298fc1c149afbf4c8996fb92427ae41e4649b934ca495991b7852b855	0	evidence
bc04-published-read--case-bc04-published/fault-markers.tsv	100644	e3b0c44298fc1c149afbf4c8996fb92427ae41e4649b934ca495991b7852b855	0	evidence
bc04-published-read--case-bc04-published/inventory-after.tsv	100644	833482e606ba29e17f08cded345a50418ce924698f1ae0ab7b066881ed5d4eb5	576	evidence
bc04-published-read--case-bc04-published/inventory-before.tsv	100644	833482e606ba29e17f08cded345a50418ce924698f1ae0ab7b066881ed5d4eb5	576	evidence
bc04-published-read--case-bc04-published/inventory-reopened.tsv	100644	833482e606ba29e17f08cded345a50418ce924698f1ae0ab7b066881ed5d4eb5	576	evidence
bc04-published-read--case-bc04-published/normalized-observations.tsv	100644	84801c57444b69fb541947ff66566abad1e68b9a8d5b09c470d33ddaed04a7df	543	evidence
bc04-published-read--case-bc04-published/oracle-result.tsv	100644	52d8a1982eaaa00e4161530f3c6a620707f0e51a0adc19a948f87c6083095b9e	83	evidence
bc04-published-read--case-bc04-published/pragma.tsv	100644	fe5ffa9ac399f6ea60ef3506da608e69bb2163fbc18872f2578c4d020687f4a6	789	evidence
bc04-published-read--case-bc04-published/raw-observations.tsv	100644	660639dcb794df703494e3de9e8b097d0f34e2f5d81b83659e65596a215dc653	532	evidence
bc04-published-read--case-bc04-published/raw-seal.tsv	100644	6e2e31024a64b2c047e3cc8c0b2edce134af4d0a0778d8258179d602f4191ae2	283	evidence
bc04-unaccepted-available--case-bc04-unaccepted/action-receipts.tsv	100644	6d3f8fd8e885fa16bc1fc21511c5acdff5861b8085540308aaea203a1df7d797	401	evidence
bc04-unaccepted-available--case-bc04-unaccepted/command-receipts.tsv	100644	29fa9cd7f484fed272c99dfd474f63a6348bd6fa9fc657ba02648efd804996d3	2977	evidence
bc04-unaccepted-available--case-bc04-unaccepted/coverage.tsv	100644	f65033c79f77d0f21d627545bdf9c5ce5391e7e2209c0e41d1370302df06e348	861	evidence
bc04-unaccepted-available--case-bc04-unaccepted/exclusions.tsv	100644	e3b0c44298fc1c149afbf4c8996fb92427ae41e4649b934ca495991b7852b855	0	evidence
bc04-unaccepted-available--case-bc04-unaccepted/fault-markers.tsv	100644	e3b0c44298fc1c149afbf4c8996fb92427ae41e4649b934ca495991b7852b855	0	evidence
bc04-unaccepted-available--case-bc04-unaccepted/inventory-after.tsv	100644	8892fc734f48950198afbe0c707c47853a7cef5cd98e92324fbbf66b33524840	615	evidence
bc04-unaccepted-available--case-bc04-unaccepted/inventory-before.tsv	100644	8892fc734f48950198afbe0c707c47853a7cef5cd98e92324fbbf66b33524840	615	evidence
bc04-unaccepted-available--case-bc04-unaccepted/inventory-reopened.tsv	100644	8892fc734f48950198afbe0c707c47853a7cef5cd98e92324fbbf66b33524840	615	evidence
bc04-unaccepted-available--case-bc04-unaccepted/normalized-observations.tsv	100644	864e7df63fee29c1d76ff156d584a1915777ea7a68586861b924cebbce4a6df2	591	evidence
bc04-unaccepted-available--case-bc04-unaccepted/oracle-result.tsv	100644	a5de0475632952e7128ad588da3581ae2540969aad5bd38bc546539d1e3a4e16	95	evidence
bc04-unaccepted-available--case-bc04-unaccepted/pragma.tsv	100644	02562eea8f21584d9b322ace59515c326dd899a9774b01831032246bc67830bf	893	evidence
bc04-unaccepted-available--case-bc04-unaccepted/raw-observations.tsv	100644	856327239833f82f95703b4fc578ccf098ee98a5fde7277ddb8c114a50087c3a	666	evidence
bc04-unaccepted-available--case-bc04-unaccepted/raw-seal.tsv	100644	fcfc50f11bb11401e6561b019f735f4899cd4d7dca8a611fae566fae74244e54	297	evidence
bc05-ambient-advance--case-bc05-ambient/action-receipts.tsv	100644	ad07041cf4869a8e4b97f8c69597a57f06aa0035e4c6563a31631c5c88957b8e	382	evidence
bc05-ambient-advance--case-bc05-ambient/command-receipts.tsv	100644	634da47d94b34d1954a2ac245dd5352972344367c0993560cd775f13118d12ad	2868	evidence
bc05-ambient-advance--case-bc05-ambient/coverage.tsv	100644	c00ab01610325f5949a07a04150a5079528e8cb7252c65f8fba848007f196ef7	856	evidence
bc05-ambient-advance--case-bc05-ambient/exclusions.tsv	100644	e3b0c44298fc1c149afbf4c8996fb92427ae41e4649b934ca495991b7852b855	0	evidence
bc05-ambient-advance--case-bc05-ambient/fault-markers.tsv	100644	e3b0c44298fc1c149afbf4c8996fb92427ae41e4649b934ca495991b7852b855	0	evidence
bc05-ambient-advance--case-bc05-ambient/inventory-after.tsv	100644	24a54ded0563739c7f2373001ff057404692db1115daca46aa785739aa0ea425	2489	evidence
bc05-ambient-advance--case-bc05-ambient/inventory-before.tsv	100644	e5f95717dacfe3ac43723b7861c3803c79bb5891e3d3409df6e63af56844f9cf	2489	evidence
bc05-ambient-advance--case-bc05-ambient/inventory-reopened.tsv	100644	24a54ded0563739c7f2373001ff057404692db1115daca46aa785739aa0ea425	2489	evidence
bc05-ambient-advance--case-bc05-ambient/normalized-observations.tsv	100644	01e8762fccb2d15e2310511349c7c69fe7ad012e93935e329367dc3bab684767	778	evidence
bc05-ambient-advance--case-bc05-ambient/oracle-result.tsv	100644	3f9a9fb8172371632391238fb18e7d67aa2a2ce06b5452fe4431caef76735570	85	evidence
bc05-ambient-advance--case-bc05-ambient/pragma.tsv	100644	fd7a705f68564d6e4b390fe608a1c4ab022f02298ac68c55f18f359a4bcfa92f	789	evidence
bc05-ambient-advance--case-bc05-ambient/raw-observations.tsv	100644	e4f814817aa0a33470e15ee687e0fd389b001914531a369a5de809a1f78394b3	711	evidence
bc05-ambient-advance--case-bc05-ambient/raw-seal.tsv	100644	eb3d4d31129c6029a54d9304ea154207a8669d48aa82a7488c6145a287d0ca0d	281	evidence
bc05-binding-omission--case-bc05-binding/action-receipts.tsv	100644	4aafce762b7839e67e54cb3ffdfdfce24987ddf70c21730359db43409fad2ceb	382	evidence
bc05-binding-omission--case-bc05-binding/command-receipts.tsv	100644	695250298537f52927b40dbd0f038bae7ac0610a4d64cbbe414e83c4173390d0	2889	evidence
bc05-binding-omission--case-bc05-binding/coverage.tsv	100644	b41cfcdbcce8eacc15dffa6cd8393b81a452e903b371093e1a45d96b9bffd79f	872	evidence
bc05-binding-omission--case-bc05-binding/exclusions.tsv	100644	e3b0c44298fc1c149afbf4c8996fb92427ae41e4649b934ca495991b7852b855	0	evidence
bc05-binding-omission--case-bc05-binding/fault-markers.tsv	100644	e3b0c44298fc1c149afbf4c8996fb92427ae41e4649b934ca495991b7852b855	0	evidence
bc05-binding-omission--case-bc05-binding/inventory-after.tsv	100644	8259bfed7f49619666c74f0384de2847c5b481e90eddc0b3c89c4e7df2ca746a	1684	evidence
bc05-binding-omission--case-bc05-binding/inventory-before.tsv	100644	8259bfed7f49619666c74f0384de2847c5b481e90eddc0b3c89c4e7df2ca746a	1684	evidence
bc05-binding-omission--case-bc05-binding/inventory-reopened.tsv	100644	8259bfed7f49619666c74f0384de2847c5b481e90eddc0b3c89c4e7df2ca746a	1684	evidence
bc05-binding-omission--case-bc05-binding/normalized-observations.tsv	100644	1c3489820cf2b7ef2eb24af925c0f7cb0451312b41970d8dc017ec250664ba93	775	evidence
bc05-binding-omission--case-bc05-binding/oracle-result.tsv	100644	0b068431ec8a07df2f50b9ad5111d5d393179cab63e6b7c275305023f7a4f21c	87	evidence
bc05-binding-omission--case-bc05-binding/pragma.tsv	100644	490ee65093dca6e3a9e8c2f5efa447cdf490dc149fdd337a0e41afaae477e9e5	805	evidence
bc05-binding-omission--case-bc05-binding/raw-observations.tsv	100644	44199c4a8c90a404d7f5d675351b5dc422f4acb6a9c0700b46ee5728b12bb928	729	evidence
bc05-binding-omission--case-bc05-binding/raw-seal.tsv	100644	a4108a3da2d32c70a8b72512c6235216a42f1ab2933c6faa43f0fa186a983de9	283	evidence
bc05-complete-closure--case-bc05-complete/action-receipts.tsv	100644	7a12669e5b126b2c49f9efd7b94e3ee5dd5d64b12d8a73c59c5d35fedc8977fd	393	evidence
bc05-complete-closure--case-bc05-complete/command-receipts.tsv	100644	f36a4c759afd4714e57e43edb51574995240579b2cf16b5ca17543e49b204562	2898	evidence
bc05-complete-closure--case-bc05-complete/coverage.tsv	100644	f0af37736e2c120eaec2a3e7be34277f30f05f9198d9b25f73e88c90da88a7af	999	evidence
bc05-complete-closure--case-bc05-complete/exclusions.tsv	100644	e3b0c44298fc1c149afbf4c8996fb92427ae41e4649b934ca495991b7852b855	0	evidence
bc05-complete-closure--case-bc05-complete/fault-markers.tsv	100644	e3b0c44298fc1c149afbf4c8996fb92427ae41e4649b934ca495991b7852b855	0	evidence
bc05-complete-closure--case-bc05-complete/inventory-after.tsv	100644	d92967039ca15e296ad6611223dd0a8b258859ff3174c69664ead73d9c7b6fa3	1888	evidence
bc05-complete-closure--case-bc05-complete/inventory-before.tsv	100644	d92967039ca15e296ad6611223dd0a8b258859ff3174c69664ead73d9c7b6fa3	1888	evidence
bc05-complete-closure--case-bc05-complete/inventory-reopened.tsv	100644	d92967039ca15e296ad6611223dd0a8b258859ff3174c69664ead73d9c7b6fa3	1888	evidence
bc05-complete-closure--case-bc05-complete/normalized-observations.tsv	100644	142f7e7a78479b9b872abb0787b3ceb4ad1c1eded8de8c91f7b9a57b37c2b716	913	evidence
bc05-complete-closure--case-bc05-complete/oracle-result.tsv	100644	b09839f75a96cdfef31a211230fcae212bc783fef0db9463dd55c408daf36df3	87	evidence
bc05-complete-closure--case-bc05-complete/pragma.tsv	100644	a3b8c569844294f7e724bd8fff4843f57c76b4e572aae0579674597198bb95db	813	evidence
bc05-complete-closure--case-bc05-complete/raw-observations.tsv	100644	807e4d4272580f4bb0e80c063d00bc9d5f41058cef00a33c577199507ca751ec	850	evidence
bc05-complete-closure--case-bc05-complete/raw-seal.tsv	100644	8ce56bdbb0eb3c917b178c668613ee0f9af6f6b3c1adfbafd565229fa08608e7	285	evidence
bc05-control-receipts.tsv	100644	404ba088e6ec3e861bbe2e8718caa8f987071da613c16292b75ea20df990fc76	2601	evidence
bc05-definition-omission--case-bc05-definition/action-receipts.tsv	100644	57ff0ff7878a120dec7d69f469c4aee8789b7c2a926b8e8cb369347e58f69c9e	418	evidence
bc05-definition-omission--case-bc05-definition/command-receipts.tsv	100644	9e29e1f6fba6f3ec08f264ce2508650eafec553e5a337b32bffeed3ef2f765ff	2970	evidence
bc05-definition-omission--case-bc05-definition/coverage.tsv	100644	1d78a1d4601f80422ac4b0d548dc31b98f5906fe36573a4fba12987d527a4cb7	968	evidence
bc05-definition-omission--case-bc05-definition/exclusions.tsv	100644	e3b0c44298fc1c149afbf4c8996fb92427ae41e4649b934ca495991b7852b855	0	evidence
bc05-definition-omission--case-bc05-definition/fault-markers.tsv	100644	e3b0c44298fc1c149afbf4c8996fb92427ae41e4649b934ca495991b7852b855	0	evidence
bc05-definition-omission--case-bc05-definition/inventory-after.tsv	100644	8f8be360cc9046b8f52580f493bd5cf5c5378cda5c9983a9ff2077b060c8075a	1949	evidence
bc05-definition-omission--case-bc05-definition/inventory-before.tsv	100644	8f8be360cc9046b8f52580f493bd5cf5c5378cda5c9983a9ff2077b060c8075a	1949	evidence
bc05-definition-omission--case-bc05-definition/inventory-reopened.tsv	100644	8f8be360cc9046b8f52580f493bd5cf5c5378cda5c9983a9ff2077b060c8075a	1949	evidence
bc05-definition-omission--case-bc05-definition/normalized-observations.tsv	100644	b888048b3918e4fadcc37621663acf95063162a8624f038eb92d83033299c46c	845	evidence
bc05-definition-omission--case-bc05-definition/oracle-result.tsv	100644	f8601a28e3953a05c48b0555913bb305b022ef7bbf266abe4f25aa2bb9448bc5	93	evidence
bc05-definition-omission--case-bc05-definition/pragma.tsv	100644	0982095e72307919996ffde152b78274a3a96971b019d00c33f9558a4cb629f7	877	evidence
bc05-definition-omission--case-bc05-definition/raw-observations.tsv	100644	0aab34c10f9963ead7ba25b6b2185d26a44107eb34197cd759d6ca792a853bdd	792	evidence
bc05-definition-omission--case-bc05-definition/raw-seal.tsv	100644	677b9c04652df429727015ada68a7ab97c1106ccccd44fe7e0cd73459d55b387	295	evidence
bc05-missing-as-empty--case-bc05-empty/action-receipts.tsv	100644	cb8ad863cbabc54fbdcced8b265c935d71b1a4f1d754a5046e75251920071125	391	evidence
bc05-missing-as-empty--case-bc05-empty/command-receipts.tsv	100644	8b5c09e6e53e716ff13b4fa0dc95e1cfb76db7a86652fde58d06a7d4823befd2	2871	evidence
bc05-missing-as-empty--case-bc05-empty/coverage.tsv	100644	fe151d1f8e6b3a4e6d336d803298306697d0077ff9f55eee6281ef9e4dd1d409	840	evidence
bc05-missing-as-empty--case-bc05-empty/exclusions.tsv	100644	e3b0c44298fc1c149afbf4c8996fb92427ae41e4649b934ca495991b7852b855	0	evidence
bc05-missing-as-empty--case-bc05-empty/fault-markers.tsv	100644	e3b0c44298fc1c149afbf4c8996fb92427ae41e4649b934ca495991b7852b855	0	evidence
bc05-missing-as-empty--case-bc05-empty/inventory-after.tsv	100644	7b58dfd57ef6d51bd0bd9e086d5d816af337724b07a4c727934bb424bf44bdbc	2073	evidence
bc05-missing-as-empty--case-bc05-empty/inventory-before.tsv	100644	7b58dfd57ef6d51bd0bd9e086d5d816af337724b07a4c727934bb424bf44bdbc	2073	evidence
bc05-missing-as-empty--case-bc05-empty/inventory-reopened.tsv	100644	7b58dfd57ef6d51bd0bd9e086d5d816af337724b07a4c727934bb424bf44bdbc	2073	evidence
bc05-missing-as-empty--case-bc05-empty/normalized-observations.tsv	100644	253b022be5248bfee9d719c72d3f060fa4540a2d53b461e719b3d4f67196155d	777	evidence
bc05-missing-as-empty--case-bc05-empty/oracle-result.tsv	100644	5068bd1e060963b6f04328637a6e349afa0638a35106774338ecc406e4ac86ab	87	evidence
bc05-missing-as-empty--case-bc05-empty/pragma.tsv	100644	177bc9fc65ad63c9a9df8062ea12482c661f126dc079ff423e3f09529163655d	789	evidence
bc05-missing-as-empty--case-bc05-empty/raw-observations.tsv	100644	879496aa6ebe8ef3e3267b0a0cfa091771c79a58ec93a4a75f79e3bdc3928b88	738	evidence
bc05-missing-as-empty--case-bc05-empty/raw-seal.tsv	100644	1f69c9df92342caddf6ab86d99142b6dbdef3cd40113cdd2d434cd10fb38612a	279	evidence
bc05-pinned-knowledge-cut--case-bc05-cut/action-receipts.tsv	100644	beea8bf795414cf6c792f135b7a4749542d403d55b7745526f0f908b0d76e207	376	evidence
bc05-pinned-knowledge-cut--case-bc05-cut/command-receipts.tsv	100644	fb6e1bd9b062b8ca5719048770ecf695c7c296020260ceece2ae547caea28833	2922	evidence
bc05-pinned-knowledge-cut--case-bc05-cut/coverage.tsv	100644	5cabdfffa495c89ec9ee30b6ae57aa9554f32be7900857f06f4a7a7b4ee99dc0	981	evidence
bc05-pinned-knowledge-cut--case-bc05-cut/exclusions.tsv	100644	e3b0c44298fc1c149afbf4c8996fb92427ae41e4649b934ca495991b7852b855	0	evidence
bc05-pinned-knowledge-cut--case-bc05-cut/fault-markers.tsv	100644	e3b0c44298fc1c149afbf4c8996fb92427ae41e4649b934ca495991b7852b855	0	evidence
bc05-pinned-knowledge-cut--case-bc05-cut/inventory-after.tsv	100644	3f1800b2bac8703c46f38a661159f34093107e683744138c495c4dab62149a5f	2504	evidence
bc05-pinned-knowledge-cut--case-bc05-cut/inventory-before.tsv	100644	76fb69f373ed9372e83df6e00f51b5b99518a7633d84908dccd749d03e8a973f	2504	evidence
bc05-pinned-knowledge-cut--case-bc05-cut/inventory-reopened.tsv	100644	3f1800b2bac8703c46f38a661159f34093107e683744138c495c4dab62149a5f	2504	evidence
bc05-pinned-knowledge-cut--case-bc05-cut/normalized-observations.tsv	100644	8bdb2757854a17734f9c729db30e6247c463074f999fd46b2e4ae5513a1004d8	916	evidence
bc05-pinned-knowledge-cut--case-bc05-cut/oracle-result.tsv	100644	4d5a271d7d1f1b83ce8a389f5f9c365fc1654af8a9d694cd567976ef71973d1c	95	evidence
bc05-pinned-knowledge-cut--case-bc05-cut/pragma.tsv	100644	1a58a8d23736ba2156ef39409ea86b25c35eb23838dec054dda37d11a2d495ea	837	evidence
bc05-pinned-knowledge-cut--case-bc05-cut/raw-observations.tsv	100644	8f773c8ab9ed9df39ca36db99a902aef34bc15efa04ceb5d0ad405e78af91486	840	evidence
bc05-pinned-knowledge-cut--case-bc05-cut/raw-seal.tsv	100644	8c0b197d468c660f5c5d0c512b28872fc2d8826a51b3067c27a4a8f3c48f4d2b	283	evidence
bc05-root-omission--case-bc05-root/action-receipts.tsv	100644	499ebb28334c7300b508b786c2bf243e062b7bf45dc2a1e21ae0f3a2e0fac9b0	346	evidence
bc05-root-omission--case-bc05-root/command-receipts.tsv	100644	da2a1602a4de385a027df27ff49e6deed9bccc9cd7e15214f669f1b4b61e4828	2808	evidence
bc05-root-omission--case-bc05-root/coverage.tsv	100644	f3605a86679bec19cff65361a4ac99db9446a5fdc4cec9918ed0cfe8988b1695	776	evidence
bc05-root-omission--case-bc05-root/exclusions.tsv	100644	e3b0c44298fc1c149afbf4c8996fb92427ae41e4649b934ca495991b7852b855	0	evidence
bc05-root-omission--case-bc05-root/fault-markers.tsv	100644	e3b0c44298fc1c149afbf4c8996fb92427ae41e4649b934ca495991b7852b855	0	evidence
bc05-root-omission--case-bc05-root/inventory-after.tsv	100644	fb7bd40efd2e085b5e643f258d218ca25c8e1659896fbb1c7d9d7538cb2158a7	1709	evidence
bc05-root-omission--case-bc05-root/inventory-before.tsv	100644	fb7bd40efd2e085b5e643f258d218ca25c8e1659896fbb1c7d9d7538cb2158a7	1709	evidence
bc05-root-omission--case-bc05-root/inventory-reopened.tsv	100644	fb7bd40efd2e085b5e643f258d218ca25c8e1659896fbb1c7d9d7538cb2158a7	1709	evidence
bc05-root-omission--case-bc05-root/normalized-observations.tsv	100644	19296004004dc2a84418d32bfc98ae430060a835525708facc69e6f871ac24d6	725	evidence
bc05-root-omission--case-bc05-root/oracle-result.tsv	100644	2f10cd829f0e9b70b3fe0472d1fcdd9d234fd213c3e3e6be04acb7a62fe97b48	81	evidence
bc05-root-omission--case-bc05-root/pragma.tsv	100644	90461cd070e308f963a6bbe96df9920251613538e2f2ebe58485037f4f96acf2	733	evidence
bc05-root-omission--case-bc05-root/raw-observations.tsv	100644	76b62c581a0544d8f64fe59f06521432b49389a37ad476dc84acda80b496e340	684	evidence
bc05-root-omission--case-bc05-root/raw-seal.tsv	100644	74a11a2511e62139f46e21fcef66546a9f93f2aaba0fbe1072268156c94fd9a3	271	evidence
bc05-semantics-omission--case-bc05-semantics/action-receipts.tsv	100644	7d2448912f717e49333414d91bda04a161a8bb6a7848824772a9340e7c1afe89	406	evidence
bc05-semantics-omission--case-bc05-semantics/command-receipts.tsv	100644	0b680f941d89887790006b5fc0b5de96ff2be130381f367161d648fca94793ba	2943	evidence
bc05-semantics-omission--case-bc05-semantics/coverage.tsv	100644	8f52e4c6818d36a2205ce6dd3b15f1f3df4659fdf73d3c7590a30e945cf5ae85	936	evidence
bc05-semantics-omission--case-bc05-semantics/exclusions.tsv	100644	e3b0c44298fc1c149afbf4c8996fb92427ae41e4649b934ca495991b7852b855	0	evidence
bc05-semantics-omission--case-bc05-semantics/fault-markers.tsv	100644	e3b0c44298fc1c149afbf4c8996fb92427ae41e4649b934ca495991b7852b855	0	evidence
bc05-semantics-omission--case-bc05-semantics/inventory-after.tsv	100644	bfce0da66c55f7bcfae91239b3f40226cf89ca8d8d9a6d4ec70efba30a0275b5	1904	evidence
bc05-semantics-omission--case-bc05-semantics/inventory-before.tsv	100644	bfce0da66c55f7bcfae91239b3f40226cf89ca8d8d9a6d4ec70efba30a0275b5	1904	evidence
bc05-semantics-omission--case-bc05-semantics/inventory-reopened.tsv	100644	bfce0da66c55f7bcfae91239b3f40226cf89ca8d8d9a6d4ec70efba30a0275b5	1904	evidence
bc05-semantics-omission--case-bc05-semantics/normalized-observations.tsv	100644	2f2c0883b9e2651aab0981c25c5a1888e08c43e663bdf1532e2e7a2bae07786f	825	evidence
bc05-semantics-omission--case-bc05-semantics/oracle-result.tsv	100644	1a752ea1418716073c006f70a9c5562623f95de27d1d9583a9906c35416ad06e	91	evidence
bc05-semantics-omission--case-bc05-semantics/pragma.tsv	100644	c1b20de27480fa19d6454f30984f3f0142fc629f6982684830481534fbd05a60	853	evidence
bc05-semantics-omission--case-bc05-semantics/raw-observations.tsv	100644	61545e62852673878c2f93116f311b9cd240d274dfaadc5a32b9c417ff0c2a8e	774	evidence
bc05-semantics-omission--case-bc05-semantics/raw-seal.tsv	100644	4af338a10cbf214229323e7983dd545e53edcb8c7ddd1fa4d618aada88dda82a	291	evidence
bc05-transitive-omission--case-bc05-transitive/action-receipts.tsv	100644	9f319eaaa5b758fe6b2825d443af51b675fa485a5824b7d5555ff688a9c95855	429	evidence
bc05-transitive-omission--case-bc05-transitive/command-receipts.tsv	100644	b451c3943a7d06cdbe631332c3385649705eb4a2e80f62ccade65008510a3c41	2970	evidence
bc05-transitive-omission--case-bc05-transitive/coverage.tsv	100644	24274591748539abb05b8a7f2d6c707b79b5b9a1704f00585ca3ec25c9cc1726	1089	evidence
bc05-transitive-omission--case-bc05-transitive/exclusions.tsv	100644	e3b0c44298fc1c149afbf4c8996fb92427ae41e4649b934ca495991b7852b855	0	evidence
bc05-transitive-omission--case-bc05-transitive/fault-markers.tsv	100644	e3b0c44298fc1c149afbf4c8996fb92427ae41e4649b934ca495991b7852b855	0	evidence
bc05-transitive-omission--case-bc05-transitive/inventory-after.tsv	100644	7db4ba1ff870b7ebf33b77c7fda6810c896ef051f337a6209bd86625b0f23453	1937	evidence
bc05-transitive-omission--case-bc05-transitive/inventory-before.tsv	100644	7db4ba1ff870b7ebf33b77c7fda6810c896ef051f337a6209bd86625b0f23453	1937	evidence
bc05-transitive-omission--case-bc05-transitive/inventory-reopened.tsv	100644	7db4ba1ff870b7ebf33b77c7fda6810c896ef051f337a6209bd86625b0f23453	1937	evidence
bc05-transitive-omission--case-bc05-transitive/normalized-observations.tsv	100644	80f3662927de218160a55d99f77fffde9a17b44dcf7d2e009308f67b6623475b	968	evidence
bc05-transitive-omission--case-bc05-transitive/oracle-result.tsv	100644	ac188304cfd4b638cd1f2e8a682412a26bd92171f7f094b42f2c022e4bf5f1cb	93	evidence
bc05-transitive-omission--case-bc05-transitive/pragma.tsv	100644	4d5dea1ce2efc52de42164d5f1b1f83fb6ce1e3e3bcd6b80490c3ac98864da1c	877	evidence
bc05-transitive-omission--case-bc05-transitive/raw-observations.tsv	100644	5179183786bf0e00a9679c1cba3b0b9f3cc913183f2cf07598c76696d6fd4cd9	900	evidence
bc05-transitive-omission--case-bc05-transitive/raw-seal.tsv	100644	dad858603ddb4433d7462183308391061167d615571cc7e9927fe9f3d7d1c52d	295	evidence
bc06-control-receipts.tsv	100644	4aab8c5867c94e0419c82f45421c3862fe954032d672503bc524f1e20dbf2455	1612	evidence
bc06-observation-write/action-receipts.tsv	100644	025c65b288f5ed3f01e055c9b26e375f6e1f8262fa4c3979876d0f007487fb19	290	evidence
bc06-observation-write/command-receipts.tsv	100644	59315232def0bd758edf4209e3168b411f2f955d19ddd81232a8c4ff8a517d0f	3020	evidence
bc06-observation-write/coverage.tsv	100644	7d79fae2d6ef81cc4b951ed7e39322dd5859aa073675ae7710afd51572e34275	1241	evidence
bc06-observation-write/exclusions.tsv	100644	e3b0c44298fc1c149afbf4c8996fb92427ae41e4649b934ca495991b7852b855	0	evidence
bc06-observation-write/fault-markers.tsv	100644	e3b0c44298fc1c149afbf4c8996fb92427ae41e4649b934ca495991b7852b855	0	evidence
bc06-observation-write/inventory-after.tsv	100644	bd13f7df37b2d7efd497ad36f063e3c11b571c5b5199a9d257aae5e036c1959a	735	evidence
bc06-observation-write/inventory-before.tsv	100644	bd13f7df37b2d7efd497ad36f063e3c11b571c5b5199a9d257aae5e036c1959a	735	evidence
bc06-observation-write/normalized-observations.tsv	100644	5c9e3cec141a24183bdb22e3551f866a1a9b2633b30d9cc89dcc16408fe9e784	757	evidence
bc06-observation-write/oracle-result.tsv	100644	7ebe38053ea10563f0f0725ffa3fc18468446307bb74372d4159a76e9f903649	89	evidence
bc06-observation-write/pragma.tsv	100644	97ba2c8217035dd53e6361fe5e3856cb7af66a814ca3257db8540d6b40bbd8dd	756	evidence
bc06-observation-write/raw-observations.tsv	100644	9b466067c23a970179e81a2864b298eb08edf7a0cb6dc1ee906c2162b6a76d8e	1078	evidence
bc06-observation-write/raw-seal.tsv	100644	79df0f3df0cea594f567943683d25afde9baf63bd0e6b4b6b5e0e826538db0b2	248	evidence
bc06-pure-zero-axes/action-receipts.tsv	100644	9fc42eaa14f98a9a193a4be19bdc0c625e3f6ff421602642dd5c9435842d7b23	278	evidence
bc06-pure-zero-axes/command-receipts.tsv	100644	c2ca3e914ac75399b5fdf1f62d29078ca04cc0e0d66d3db55462eb1c9dcf8e6a	2960	evidence
bc06-pure-zero-axes/coverage.tsv	100644	eaa8fdfe4f6b2e9873f131189db14174550d9d8c03d798f1329f6acb7e7700fe	1139	evidence
bc06-pure-zero-axes/exclusions.tsv	100644	e3b0c44298fc1c149afbf4c8996fb92427ae41e4649b934ca495991b7852b855	0	evidence
bc06-pure-zero-axes/fault-markers.tsv	100644	e3b0c44298fc1c149afbf4c8996fb92427ae41e4649b934ca495991b7852b855	0	evidence
bc06-pure-zero-axes/inventory-after.tsv	100644	12e87f25384b56d4824b90c9c49e65cd72cb00c0264ebf44f2e7879710ae03f1	705	evidence
bc06-pure-zero-axes/inventory-before.tsv	100644	12e87f25384b56d4824b90c9c49e65cd72cb00c0264ebf44f2e7879710ae03f1	705	evidence
bc06-pure-zero-axes/normalized-observations.tsv	100644	a1d3274cfe32c6f93e2d2cd76dcbb01f3bc9d22ab210900f9e4860ebf111c584	727	evidence
bc06-pure-zero-axes/oracle-result.tsv	100644	b9d0c45013f93145f6e74e128ef3de3997eb78f7178197cbaaedccc5a2edaaab	83	evidence
bc06-pure-zero-axes/pragma.tsv	100644	a0509cb2343d3903b9832b90a269b4e24eaf177ec58c69c2eee56d4ba23d667f	702	evidence
bc06-pure-zero-axes/raw-observations.tsv	100644	a4684d8c70fffa6811fd247769ff5a949e1aa59e013b687a5fa7919da801bdba	1036	evidence
bc06-pure-zero-axes/raw-seal.tsv	100644	6f687a544553d851b68502d97b5ec41191884dd81c3b6657745203a78b3eaeb3	242	evidence
bc06-repository-unchanged/action-receipts.tsv	100644	7affe8911d13b52a3aae1603502a52ff2f7284c6ecdac484a222a91d0d94a769	302	evidence
bc06-repository-unchanged/command-receipts.tsv	100644	b3b5897c4dcb380d166c35c410a3903f0d27771eb5a3ba4989731e147eedfc52	3080	evidence
bc06-repository-unchanged/coverage.tsv	100644	39eb05b23a0cf83ebac106acdaf16847f88e25b083a202dffc69fde3f83f4458	1343	evidence
bc06-repository-unchanged/exclusions.tsv	100644	e3b0c44298fc1c149afbf4c8996fb92427ae41e4649b934ca495991b7852b855	0	evidence
bc06-repository-unchanged/fault-markers.tsv	100644	e3b0c44298fc1c149afbf4c8996fb92427ae41e4649b934ca495991b7852b855	0	evidence
bc06-repository-unchanged/inventory-after.tsv	100644	a7900da5da7c9ab28a830057a08fd39186550a9d5bdc749da8d29a4055d7378e	765	evidence
bc06-repository-unchanged/inventory-before.tsv	100644	a7900da5da7c9ab28a830057a08fd39186550a9d5bdc749da8d29a4055d7378e	765	evidence
bc06-repository-unchanged/normalized-observations.tsv	100644	5a5027c5d6b080e6884ad8264077572b5d02ec963d88e0f794ce973ca79f7f69	787	evidence
bc06-repository-unchanged/oracle-result.tsv	100644	58af6a09c6f465e5bebceee65c87c9ed30cbb621232cae7e8dd231091d7d61ec	94	evidence
bc06-repository-unchanged/pragma.tsv	100644	9334f54c79a677305532c891bff87d2c020c6f68a5af4a06b5787f6c399dee8b	810	evidence
bc06-repository-unchanged/raw-observations.tsv	100644	15656b74ddb0540a617bc7c82497f7cae7367e5347f3bb0a4bec0f7aa989b773	1120	evidence
bc06-repository-unchanged/raw-seal.tsv	100644	193c96830eed9e0c3ec495e652c20834d0e231653c124cfcac619692658ca6bd	254	evidence
bc06-result-write/action-receipts.tsv	100644	1a0a650ae40e0994e7468f1ba8598fb93dfbaa3fd58763ca9ed0eb8b371423a1	270	evidence
bc06-result-write/command-receipts.tsv	100644	ee235d6bf9d815e3bc6639462fd4069f775c6de981704f88cb955c47d10092b3	2920	evidence
bc06-result-write/coverage.tsv	100644	72339b877853fc05ed5ee2876cb82dba2b31ca61a0f05b654feb422ce952f545	1071	evidence
bc06-result-write/exclusions.tsv	100644	e3b0c44298fc1c149afbf4c8996fb92427ae41e4649b934ca495991b7852b855	0	evidence
bc06-result-write/fault-markers.tsv	100644	e3b0c44298fc1c149afbf4c8996fb92427ae41e4649b934ca495991b7852b855	0	evidence
bc06-result-write/inventory-after.tsv	100644	b17fb0e917c1491aa1feec133e1bccddf90654813f52bc0f5c9e717db320dcff	685	evidence
bc06-result-write/inventory-before.tsv	100644	b17fb0e917c1491aa1feec133e1bccddf90654813f52bc0f5c9e717db320dcff	685	evidence
bc06-result-write/normalized-observations.tsv	100644	7c4c4cdb3db648d5c698cddf13704e8dd8c17682f68ab5555880c0acdac5fa73	707	evidence
bc06-result-write/oracle-result.tsv	100644	27d0437768782fa23a77af1b77c2468ecf7644b77572cf0ece92b7a8867201c2	79	evidence
bc06-result-write/pragma.tsv	100644	3f96dd0cea36de29fec9ab8286df0231add56d42c38365f4a619b008ca8e3f74	666	evidence
bc06-result-write/raw-observations.tsv	100644	c14230b5ad9bb64dba71b577b18ca53bcfcc88521b2ff2b9db792bda21eddba9	1008	evidence
bc06-result-write/raw-seal.tsv	100644	709e06c4843e57ced2ac8f7eae1e3b9d438b91cab7349c62badf4ba294763a51	238	evidence
bc06-state-write/action-receipts.tsv	100644	8ca5ba81b0d07b945d56943f41752c60ce22440c4b876f4073c225dafcd0952d	266	evidence
bc06-state-write/command-receipts.tsv	100644	b326338a685f28130de70648d74c6e0a000a2bcb40acae4bf5293ee46dd647e0	2900	evidence
bc06-state-write/coverage.tsv	100644	681c48372485a3bb4746631507f2ad207994923639f7632cdc48fd6e609fcaf4	1037	evidence
bc06-state-write/exclusions.tsv	100644	e3b0c44298fc1c149afbf4c8996fb92427ae41e4649b934ca495991b7852b855	0	evidence
bc06-state-write/fault-markers.tsv	100644	e3b0c44298fc1c149afbf4c8996fb92427ae41e4649b934ca495991b7852b855	0	evidence
bc06-state-write/inventory-after.tsv	100644	6edc27c9b6155d948d39b9b3d0833e08b20f0e09440b548f7bd04f2c7d0a23e4	675	evidence
bc06-state-write/inventory-before.tsv	100644	6edc27c9b6155d948d39b9b3d0833e08b20f0e09440b548f7bd04f2c7d0a23e4	675	evidence
bc06-state-write/normalized-observations.tsv	100644	8c3577fb5ec1e3130023cbfa2c17c9d2994a73fb1fe4ad471e85fe5ef4ffb014	697	evidence
bc06-state-write/oracle-result.tsv	100644	44e3dd382c9645b8311e4d62ba8d40d59f893a52bc4dff5b12fc26f4f48b512a	77	evidence
bc06-state-write/pragma.tsv	100644	d93f108b8f05a5d0446c3d71505ec19b3454a414f3de1c08a7b2322ab31e32a1	648	evidence
bc06-state-write/raw-observations.tsv	100644	08d457ea250e4162d3c0d8242c0907a4275701f53b6a81e462a85752a4587e1c	994	evidence
bc06-state-write/raw-seal.tsv	100644	84d15839ecc45c14c46dd26351cd3b3de16a07bfdabfddeb5332003d7cb157e1	235	evidence
bc07-control-receipts.tsv	100644	d77671062d12cddf3904e2ed96e6de4f2f91c7bae6241f6666546fcd4eb5858b	1916	evidence
bc07-effect-101--case-bc07-effect/action-receipts.tsv	100644	0b7f71298c47add6f6b4a9cc672ad0142f1a3382b79ae2a3f430e790934d121e	182	evidence
bc07-effect-101--case-bc07-effect/command-receipts.tsv	100644	e6ca56a0179d41c903549cb938dd9813624d140785e187079af65215a81d4a2e	2756	evidence
bc07-effect-101--case-bc07-effect/coverage.tsv	100644	edff0f081d2b77e574c386fa3a6858aae5390d6885ef62d896eb1f4550276c33	760	evidence
bc07-effect-101--case-bc07-effect/exclusions.tsv	100644	e3b0c44298fc1c149afbf4c8996fb92427ae41e4649b934ca495991b7852b855	0	evidence
bc07-effect-101--case-bc07-effect/fault-markers.tsv	100644	e3b0c44298fc1c149afbf4c8996fb92427ae41e4649b934ca495991b7852b855	0	evidence
bc07-effect-101--case-bc07-effect/inventory-after.tsv	100644	4e961b301bba883b993452c994f31fba86f637c084ae1129eb4c6b0f8cc250ba	1187	evidence
bc07-effect-101--case-bc07-effect/inventory-before.tsv	100644	7577c58b05a0cbf4e236b163299c6b49ce9bb7adf666d1232a0cd9d58f1c3292	743	evidence
bc07-effect-101--case-bc07-effect/inventory-reopened.tsv	100644	4e961b301bba883b993452c994f31fba86f637c084ae1129eb4c6b0f8cc250ba	1187	evidence
bc07-effect-101--case-bc07-effect/normalized-observations.tsv	100644	8dc4bb4d432e8cfff3579c8b5d5a9b26b448f3bca828955956e0dc631649a0dc	694	evidence
bc07-effect-101--case-bc07-effect/oracle-result.tsv	100644	6cc293824f7608a6d6ea81499f3bd1ece34bddfbbf9b40c6f627ce38ab7f4e3d	75	evidence
bc07-effect-101--case-bc07-effect/pragma.tsv	100644	307c2ccf843dce4945eece27c469539f77232ba6b6f5a72c570745e248e9faf7	701	evidence
bc07-effect-101--case-bc07-effect/raw-observations.tsv	100644	d96f76be091778e12e196eb46619a549d356b506ca2696b771fdb1ae1a80f23d	694	evidence
bc07-effect-101--case-bc07-effect/raw-seal.tsv	100644	e1ac7bfbc6cbcc0f8950045bae59340153ae77ec997287eb681aa8e0fa1e5dc8	269	evidence
bc07-observation-without-transition--case-bc07-orphan/action-receipts.tsv	100644	bd9e40a7684ebe35a2ef7e861d944ef5bdfe4278eaec806b89ee551357478906	222	evidence
bc07-observation-without-transition--case-bc07-orphan/command-receipts.tsv	100644	6c2ece00211d5a5eae3dd02b187551da5b21edf3443f75b630b77b5d0cda2667	3116	evidence
bc07-observation-without-transition--case-bc07-orphan/coverage.tsv	100644	cfccd0f2143d20e6c5a8f182d5392ad7310a74a494800be2ff4a49752c78ce9c	1080	evidence
bc07-observation-without-transition--case-bc07-orphan/exclusions.tsv	100644	e3b0c44298fc1c149afbf4c8996fb92427ae41e4649b934ca495991b7852b855	0	evidence
bc07-observation-without-transition--case-bc07-orphan/fault-markers.tsv	100644	e3b0c44298fc1c149afbf4c8996fb92427ae41e4649b934ca495991b7852b855	0	evidence
bc07-observation-without-transition--case-bc07-orphan/inventory-after.tsv	100644	471c5203b955dcf5142166f8813e80385794763c81c7d58ea376168dd9c8616d	1427	evidence
bc07-observation-without-transition--case-bc07-orphan/inventory-before.tsv	100644	c8213a3cd7bd8d4813150ce897489c172a5a2e252c4f185e54ac5f5c9a2f5353	903	evidence
bc07-observation-without-transition--case-bc07-orphan/inventory-reopened.tsv	100644	471c5203b955dcf5142166f8813e80385794763c81c7d58ea376168dd9c8616d	1427	evidence
bc07-observation-without-transition--case-bc07-orphan/normalized-observations.tsv	100644	eae7c08ab53f1b8600c8acc873b9721d17dfc7d7b105439838d7753a53b120ac	854	evidence
bc07-observation-without-transition--case-bc07-orphan/oracle-result.tsv	100644	33177aafd8a610b6ed65131de6df553d928eae4b61ea87a6c0cb9c2c7cf83572	115	evidence
bc07-observation-without-transition--case-bc07-orphan/pragma.tsv	100644	91df582be6828203e626b9df4baecc8528fd93d068d5824b2e489f25b375856d	1021	evidence
bc07-observation-without-transition--case-bc07-orphan/raw-observations.tsv	100644	a30b8ca2589d6b858f8c37cb21865efdf4dfad42bdcea45fd6d4127a547061b6	854	evidence
bc07-observation-without-transition--case-bc07-orphan/raw-seal.tsv	100644	8ffc953063bfacb2e74eb50068104c8361d9df944123fb0a1f23310fca2e84c9	309	evidence
bc07-ordinary-000--case-bc07-ordinary/action-receipts.tsv	100644	26d2317c68e22478bfdc1792811a189dc688fa77a4eccaf5fb08949ca94fce4d	163	evidence
bc07-ordinary-000--case-bc07-ordinary/command-receipts.tsv	100644	02487b8491250e9a9a75fbd0c519665767840ca664414d71e241346e7e775cfb	2809	evidence
bc07-ordinary-000--case-bc07-ordinary/coverage.tsv	100644	d4681352f722a220fa6fa612a97c1c57d178fb915d7a8372e7ac72e9f4a9bfa1	824	evidence
bc07-ordinary-000--case-bc07-ordinary/exclusions.tsv	100644	e3b0c44298fc1c149afbf4c8996fb92427ae41e4649b934ca495991b7852b855	0	evidence
bc07-ordinary-000--case-bc07-ordinary/fault-markers.tsv	100644	e3b0c44298fc1c149afbf4c8996fb92427ae41e4649b934ca495991b7852b855	0	evidence
bc07-ordinary-000--case-bc07-ordinary/inventory-after.tsv	100644	999a430e9339bde2d44f1e1c4d86fc347f5af75928817f1dfaa1ee33dedee0e6	462	evidence
bc07-ordinary-000--case-bc07-ordinary/inventory-before.tsv	100644	999a430e9339bde2d44f1e1c4d86fc347f5af75928817f1dfaa1ee33dedee0e6	462	evidence
bc07-ordinary-000--case-bc07-ordinary/inventory-reopened.tsv	100644	999a430e9339bde2d44f1e1c4d86fc347f5af75928817f1dfaa1ee33dedee0e6	462	evidence
bc07-ordinary-000--case-bc07-ordinary/normalized-observations.tsv	100644	5f8136c386e9d0b699d7ffb1a5caccfc494d9ae38d933dc3693989b10614455b	697	evidence
bc07-ordinary-000--case-bc07-ordinary/oracle-result.tsv	100644	8ea44ee3020062f3a02c2f1a8b289edf6a06883b3569c661b33cc4d13d7febe3	79	evidence
bc07-ordinary-000--case-bc07-ordinary/pragma.tsv	100644	9f68f819ba8dbc713c52bafbdc5c3fae1e0105007f5ed3b25690a843c3841b33	749	evidence
bc07-ordinary-000--case-bc07-ordinary/raw-observations.tsv	100644	3a492e3b59f1b74c11978bc164f33a0b0da8ed21b839e01fa2de8eb6bbf44382	697	evidence
bc07-ordinary-000--case-bc07-ordinary/raw-seal.tsv	100644	0d0b33d2c01493d257c1684a6fe9d66fc7aaf437dc94bbc256e1a58e8714539e	277	evidence
bc07-record-implies-effect--case-bc07-record-effect/action-receipts.tsv	100644	03b9983469396df67132f9ba69f2a49660012386f2016acb9f91058660c44557	215	evidence
bc07-record-implies-effect--case-bc07-record-effect/command-receipts.tsv	100644	98b2ecba97a0c8d741c2b891c609083389c9e01db8805c9c15a92c16e7479db8	3016	evidence
bc07-record-implies-effect--case-bc07-record-effect/coverage.tsv	100644	f031b3bf70b9628fd7ebafc54bef357b0af7aead026146785fffc93a57b9552b	1048	evidence
bc07-record-implies-effect--case-bc07-record-effect/exclusions.tsv	100644	e3b0c44298fc1c149afbf4c8996fb92427ae41e4649b934ca495991b7852b855	0	evidence
bc07-record-implies-effect--case-bc07-record-effect/fault-markers.tsv	100644	e3b0c44298fc1c149afbf4c8996fb92427ae41e4649b934ca495991b7852b855	0	evidence
bc07-record-implies-effect--case-bc07-record-effect/inventory-after.tsv	100644	1535ab9c544af058d04e464b4c8b65e4606c18d769b39b773e1ebad7bc55338f	689	evidence
bc07-record-implies-effect--case-bc07-record-effect/inventory-before.tsv	100644	30f528e358f35fe287008bd764d680e3463c41327b702e9c62910b0ed013a197	540	evidence
bc07-record-implies-effect--case-bc07-record-effect/inventory-reopened.tsv	100644	1535ab9c544af058d04e464b4c8b65e4606c18d769b39b773e1ebad7bc55338f	689	evidence
bc07-record-implies-effect--case-bc07-record-effect/normalized-observations.tsv	100644	c94042a08dd8229845f706f31e3f2fcedffd480ec85fcb18e7e366fc96cec03e	827	evidence
bc07-record-implies-effect--case-bc07-record-effect/oracle-result.tsv	100644	10f0f5b83a26d09a58f17503ea9a99db39ec1227fc8a52edef3c6758ea1a5a1f	97	evidence
bc07-record-implies-effect--case-bc07-record-effect/pragma.tsv	100644	55846ae0371b300f5659bba083a7c2fde719c4e821592bcfad58c2b7f5fefa4c	933	evidence
bc07-record-implies-effect--case-bc07-record-effect/raw-observations.tsv	100644	e2a700ba038cd7014c7d11ef018b2b037cabfe32cacb784ba9088bb5d337c9bd	827	evidence
bc07-record-implies-effect--case-bc07-record-effect/raw-seal.tsv	100644	2a81c3527f4b6e1d0c7c8d8098fc1e8e58f93b3c550e81000dd12a76e847f2a9	305	evidence
bc07-record-only-010--case-bc07-record/action-receipts.tsv	100644	923686feedb9e5a047195b32e8964aad6a0d1ca15794a4e222dec4e5bc36501c	175	evidence
bc07-record-only-010--case-bc07-record/command-receipts.tsv	100644	a8b9abb45323e4662f9d7431d9b733ec0cde6a0c7c76e0c271294c1f74508ad6	2845	evidence
bc07-record-only-010--case-bc07-record/coverage.tsv	100644	c15d2ec2764fec7ffb62708251bbf5b239e5d4b5ef35ddadd3c31e6829bda3ce	840	evidence
bc07-record-only-010--case-bc07-record/exclusions.tsv	100644	e3b0c44298fc1c149afbf4c8996fb92427ae41e4649b934ca495991b7852b855	0	evidence
bc07-record-only-010--case-bc07-record/fault-markers.tsv	100644	e3b0c44298fc1c149afbf4c8996fb92427ae41e4649b934ca495991b7852b855	0	evidence
bc07-record-only-010--case-bc07-record/inventory-after.tsv	100644	d8094d72b681afc2eb6fe04ec8896b78f6da54ce0d39eb8d0894612a5b3dbab9	576	evidence
bc07-record-only-010--case-bc07-record/inventory-before.tsv	100644	f9ab25a347dff2e102adfc5a5b39ab7174222d8d96ee6395a403aaf25360dbd1	461	evidence
bc07-record-only-010--case-bc07-record/inventory-reopened.tsv	100644	d8094d72b681afc2eb6fe04ec8896b78f6da54ce0d39eb8d0894612a5b3dbab9	576	evidence
bc07-record-only-010--case-bc07-record/normalized-observations.tsv	100644	460c7052d5d60e2908a94c540c495601f41562872d8e4030731e74051a9e2db4	716	evidence
bc07-record-only-010--case-bc07-record/oracle-result.tsv	100644	64a0fb0480e286e6ecab60ec351a026b0ce703b6502afcb702aac88a38015948	85	evidence
bc07-record-only-010--case-bc07-record/pragma.tsv	100644	4c433eaf08384ac22149c984be2f03cfebe1b9794bb0d6017c316aa5341166fb	781	evidence
bc07-record-only-010--case-bc07-record/raw-observations.tsv	100644	3be3d81db68a9c6cdb1df53638c8fe8c821e1cf1ce18861fb01885e5b9d26c83	716	evidence
bc07-record-only-010--case-bc07-record/raw-seal.tsv	100644	5ea11314f4b53c5c0970411508a5375acbab308a5eb5d01d6aec68a296cc0601	279	evidence
bc07-result-rewrite--case-bc07-rewrite/action-receipts.tsv	100644	b3c673b84da3d5893759ccea4d116fa70cc27b68bc8a9bb7e54619a26e8e1f11	195	evidence
bc07-result-rewrite--case-bc07-rewrite/command-receipts.tsv	100644	cee56de2313a05d338e371c6198a70f2b97dcad6b16d973c7af9705e1da2f3da	2837	evidence
bc07-result-rewrite--case-bc07-rewrite/coverage.tsv	100644	24c298c920fd90ca7f3f1836cd81ffe60aa077c16dccda68b98054515f796a57	840	evidence
bc07-result-rewrite--case-bc07-rewrite/exclusions.tsv	100644	e3b0c44298fc1c149afbf4c8996fb92427ae41e4649b934ca495991b7852b855	0	evidence
bc07-result-rewrite--case-bc07-rewrite/fault-markers.tsv	100644	e3b0c44298fc1c149afbf4c8996fb92427ae41e4649b934ca495991b7852b855	0	evidence
bc07-result-rewrite--case-bc07-rewrite/inventory-after.tsv	100644	5efaac45682e46731203319f22f72cd6df7a4300bc7d126c15a31e0131e2c5dc	1265	evidence
bc07-result-rewrite--case-bc07-rewrite/inventory-before.tsv	100644	029b59d13b65a95ebc16a5125e573952e7a43efa4d3aeebd97dd6376af6eec65	791	evidence
bc07-result-rewrite--case-bc07-rewrite/inventory-reopened.tsv	100644	5efaac45682e46731203319f22f72cd6df7a4300bc7d126c15a31e0131e2c5dc	1265	evidence
bc07-result-rewrite--case-bc07-rewrite/normalized-observations.tsv	100644	698845827eac0aa63ec78bd07ebfa0924fb1129e1edeadd209f35e08fed361b7	736	evidence
bc07-result-rewrite--case-bc07-rewrite/oracle-result.tsv	100644	3c4641205311d46d6673d5ff8eb9158d9e4792e72f29f65bcfbdd3630cc9f454	83	evidence
bc07-result-rewrite--case-bc07-rewrite/pragma.tsv	100644	7e43917078236704fbbfa26c0d4597570b1990d3a9b45dce3e445e4dcd177d8d	773	evidence
bc07-result-rewrite--case-bc07-rewrite/raw-observations.tsv	100644	0491317974ccb142849b6590ddc5f99fc4d1a5bfa3759466c2090c0c70be5d7c	736	evidence
bc07-result-rewrite--case-bc07-rewrite/raw-seal.tsv	100644	e5baefb1f9212933d435ac09fbca5bb965e123d81f2935eeb93bd3cd7a324994	279	evidence
bc08-complete-effect--case-bc08-complete/action-receipts.tsv	100644	2000e7addb950ebc99501a74f439c10ec1a72cea5022bb4cbeeacba4b8b7378c	411	evidence
bc08-complete-effect--case-bc08-complete/command-receipts.tsv	100644	8ca6cad4892b4d8a9e3774d43d2d5044c3e1348e66c9ed7c64f7cb7a07e616c4	3169	evidence
bc08-complete-effect--case-bc08-complete/coverage.tsv	100644	a3d50769367f862a11e69a5366401d72b86ad7cfa453e5907aae34cece2dbe7d	1308	evidence
bc08-complete-effect--case-bc08-complete/exclusions.tsv	100644	e3b0c44298fc1c149afbf4c8996fb92427ae41e4649b934ca495991b7852b855	0	evidence
bc08-complete-effect--case-bc08-complete/fault-activation-receipts.tsv	100644	e3b0c44298fc1c149afbf4c8996fb92427ae41e4649b934ca495991b7852b855	0	evidence
bc08-complete-effect--case-bc08-complete/fault-configuration-receipts.tsv	100644	e3b0c44298fc1c149afbf4c8996fb92427ae41e4649b934ca495991b7852b855	0	evidence
bc08-complete-effect--case-bc08-complete/fault-inventory-healthy.tsv	100644	e3b0c44298fc1c149afbf4c8996fb92427ae41e4649b934ca495991b7852b855	0	evidence
bc08-complete-effect--case-bc08-complete/fault-inventory-reopened.tsv	100644	e3b0c44298fc1c149afbf4c8996fb92427ae41e4649b934ca495991b7852b855	0	evidence
bc08-complete-effect--case-bc08-complete/fault-inventory-rollback.tsv	100644	e3b0c44298fc1c149afbf4c8996fb92427ae41e4649b934ca495991b7852b855	0	evidence
bc08-complete-effect--case-bc08-complete/fault-inventory-setup.tsv	100644	e3b0c44298fc1c149afbf4c8996fb92427ae41e4649b934ca495991b7852b855	0	evidence
bc08-complete-effect--case-bc08-complete/fault-markers.tsv	100644	e3b0c44298fc1c149afbf4c8996fb92427ae41e4649b934ca495991b7852b855	0	evidence
bc08-complete-effect--case-bc08-complete/fault-trigger-receipts.tsv	100644	e3b0c44298fc1c149afbf4c8996fb92427ae41e4649b934ca495991b7852b855	0	evidence
bc08-complete-effect--case-bc08-complete/inventory-after.tsv	100644	bd2de420b9d33d21adf956c9bf122e960e29cabffc0d593219281aeb6e506436	809	evidence
bc08-complete-effect--case-bc08-complete/inventory-before.tsv	100644	d879f6a7f54492de4c56ba6892f69782acd2b148be1f65c7d132f5c009817513	376	evidence
bc08-complete-effect--case-bc08-complete/inventory-reopened.tsv	100644	bd2de420b9d33d21adf956c9bf122e960e29cabffc0d593219281aeb6e506436	809	evidence
bc08-complete-effect--case-bc08-complete/normalized-observations.tsv	100644	e7301c9bc31654a004e59fcc66ea2a97f19743fda8ee5c80f142fb6ec6d24a8c	1086	evidence
bc08-complete-effect--case-bc08-complete/oracle-result.tsv	100644	2c895b9a7102375c6f4647510da6ef30bb03c94ca44f42832aaf150188df10d6	85	evidence
bc08-complete-effect--case-bc08-complete/pragma.tsv	100644	571d96195d631464525020d882f8b0e4d7f47276c448bd85b5706c0315a68e0b	797	evidence
bc08-complete-effect--case-bc08-complete/raw-observations.tsv	100644	cae1f86bf3280d24e2789bd6d53a370e943832ec1c260d7790e0f5e44a049883	1086	evidence
bc08-complete-effect--case-bc08-complete/raw-seal.tsv	100644	e70108c3240d94005d638223e1d52e521633d0404521d27ddbe4ce754eecf44f	284	evidence
bc08-control-receipts.tsv	100644	50e2250e1d8176fd7549634d57ebaaa43870ea3ecf02507d635b5508bdbbfb08	3403	evidence
bc08-mid-boundary-failure--case-bc08-boundary/action-receipts.tsv	100644	f4c2a1493a86737ff6d04415a86c929d911abfe60f2aee62be64090855742473	431	evidence
bc08-mid-boundary-failure--case-bc08-boundary/command-receipts.tsv	100644	25e33910afa4f53020244066c97ef7f5809d241fd184d96d1a18c9da387ac712	3269	evidence
bc08-mid-boundary-failure--case-bc08-boundary/coverage.tsv	100644	35f7e931ba79eba4bc72dd07436e3ac575cbaa5233fc86fc05fd2a35eb01d074	1428	evidence
bc08-mid-boundary-failure--case-bc08-boundary/exclusions.tsv	100644	e3b0c44298fc1c149afbf4c8996fb92427ae41e4649b934ca495991b7852b855	0	evidence
bc08-mid-boundary-failure--case-bc08-boundary/fault-activation-receipts.tsv	100644	65101252073747281f7b969e0a12a84060cf6c734826f0368d8269447ee518ed	1190	evidence
bc08-mid-boundary-failure--case-bc08-boundary/fault-configuration-receipts.tsv	100644	5ad6f1756d3a9defc91394319610a0599f9ecf88878f5c4c99111d0527f80c84	2460	evidence
bc08-mid-boundary-failure--case-bc08-boundary/fault-inventory-healthy.tsv	100644	deb12a4d101225bbc0e8445f61bd364a026db8a09afa2cc5b509693012dccec4	3525	evidence
bc08-mid-boundary-failure--case-bc08-boundary/fault-inventory-reopened.tsv	100644	deb12a4d101225bbc0e8445f61bd364a026db8a09afa2cc5b509693012dccec4	3525	evidence
bc08-mid-boundary-failure--case-bc08-boundary/fault-inventory-rollback.tsv	100644	a8a86cbe1687d81e2d22fe4e86823e2d02981eb90b99241f1780f0f97ffee582	1620	evidence
bc08-mid-boundary-failure--case-bc08-boundary/fault-inventory-setup.tsv	100644	a8a86cbe1687d81e2d22fe4e86823e2d02981eb90b99241f1780f0f97ffee582	1620	evidence
bc08-mid-boundary-failure--case-bc08-boundary/fault-markers.tsv	100644	28364d954cb6b34d381c8ca8f24c0ea1255d5eef348c18f1776063a7a7405515	1625	evidence
bc08-mid-boundary-failure--case-bc08-boundary/fault-trigger-receipts.tsv	100644	df741926fce73f55dd4e54e3f8f91c02f12ed643543c2d7cfd249d9ecb9bed9d	2650	evidence
bc08-mid-boundary-failure--case-bc08-boundary/inventory-after.tsv	100644	fc5e1b7e3d20779226272f9d12d218fb173e5394b3f437ef4975a0de78889b89	849	evidence
bc08-mid-boundary-failure--case-bc08-boundary/inventory-before.tsv	100644	4d728450b58fda3e910b576127f3dc5fe6214257e06e7488fec15692581594d5	396	evidence
bc08-mid-boundary-failure--case-bc08-boundary/inventory-reopened.tsv	100644	fc5e1b7e3d20779226272f9d12d218fb173e5394b3f437ef4975a0de78889b89	849	evidence
bc08-mid-boundary-failure--case-bc08-boundary/normalized-observations.tsv	100644	2d3cf705eba66907a8bb49cbeec24fd2daa92a2507c2f5b7d2cc63947dbd6c8d	1120	evidence
bc08-mid-boundary-failure--case-bc08-boundary/oracle-result.tsv	100644	942d509b8140d1a8929bae97ebe7e287f92c6af46858a1bfa1a8b18f0233e786	95	evidence
bc08-mid-boundary-failure--case-bc08-boundary/pragma.tsv	100644	d7bb61163209cbd44e3a168cab4bf7a181175c8979d32dfdc45db36680118778	877	evidence
bc08-mid-boundary-failure--case-bc08-boundary/raw-observations.tsv	100644	5da86aa9eb98814c6133f745f421e2020bd85b245fe7c7ef13357d077b208563	1120	evidence
bc08-mid-boundary-failure--case-bc08-boundary/raw-seal.tsv	100644	44992f006024b5e7e041057d2195e9ff3f367802d17a86c6da0f98978b96b26b	294	evidence
bc08-missing-current--case-bc08-current/action-receipts.tsv	100644	b811affe32e3531d5ae03cc362ac0bd8cd62cdaee301756d4ea79da768b67cd1	407	evidence
bc08-missing-current--case-bc08-current/command-receipts.tsv	100644	9b46dcb040f2eb93e899e4159ee1670c89153281944705cca0ef0923cefc33f9	3159	evidence
bc08-missing-current--case-bc08-current/coverage.tsv	100644	e8b16c63a6843bf7db727a1decd6114e564cd9c47b7d910a13b6b082bbc338f9	1284	evidence
bc08-missing-current--case-bc08-current/exclusions.tsv	100644	e3b0c44298fc1c149afbf4c8996fb92427ae41e4649b934ca495991b7852b855	0	evidence
bc08-missing-current--case-bc08-current/fault-activation-receipts.tsv	100644	e3b0c44298fc1c149afbf4c8996fb92427ae41e4649b934ca495991b7852b855	0	evidence
bc08-missing-current--case-bc08-current/fault-configuration-receipts.tsv	100644	e3b0c44298fc1c149afbf4c8996fb92427ae41e4649b934ca495991b7852b855	0	evidence
bc08-missing-current--case-bc08-current/fault-inventory-healthy.tsv	100644	e3b0c44298fc1c149afbf4c8996fb92427ae41e4649b934ca495991b7852b855	0	evidence
bc08-missing-current--case-bc08-current/fault-inventory-reopened.tsv	100644	e3b0c44298fc1c149afbf4c8996fb92427ae41e4649b934ca495991b7852b855	0	evidence
bc08-missing-current--case-bc08-current/fault-inventory-rollback.tsv	100644	e3b0c44298fc1c149afbf4c8996fb92427ae41e4649b934ca495991b7852b855	0	evidence
bc08-missing-current--case-bc08-current/fault-inventory-setup.tsv	100644	e3b0c44298fc1c149afbf4c8996fb92427ae41e4649b934ca495991b7852b855	0	evidence
bc08-missing-current--case-bc08-current/fault-markers.tsv	100644	e3b0c44298fc1c149afbf4c8996fb92427ae41e4649b934ca495991b7852b855	0	evidence
bc08-missing-current--case-bc08-current/fault-trigger-receipts.tsv	100644	e3b0c44298fc1c149afbf4c8996fb92427ae41e4649b934ca495991b7852b855	0	evidence
bc08-missing-current--case-bc08-current/inventory-after.tsv	100644	3d95a56559db036fd2fbc7269e14ab48e152ce2a116df69cf803593b4f7003eb	801	evidence
bc08-missing-current--case-bc08-current/inventory-before.tsv	100644	6a8bc1d5af6ed53164d133e5551d92e37ddb1d34f686d672180af93917067fd8	372	evidence
bc08-missing-current--case-bc08-current/inventory-reopened.tsv	100644	3d95a56559db036fd2fbc7269e14ab48e152ce2a116df69cf803593b4f7003eb	801	evidence
bc08-missing-current--case-bc08-current/normalized-observations.tsv	100644	4285004d4b83a5675b76e1384113f16289d6fba96dcda0eac678c12c45e33188	1074	evidence
bc08-missing-current--case-bc08-current/oracle-result.tsv	100644	4859f02eacaa84de6314bdb27aee2e76f1dd36fb2c5b5c30983934ee6789fd7f	85	evidence
bc08-missing-current--case-bc08-current/pragma.tsv	100644	4137bf9b55bd4e687a3f035ca9301817af5cb40c9b2634d5ee58d355e0ff6699	789	evidence
bc08-missing-current--case-bc08-current/raw-observations.tsv	100644	e2430afdba8d2cf183cd0fcbf581ab026d92400684c040ba5164465e43a03ca4	1074	evidence
bc08-missing-current--case-bc08-current/raw-seal.tsv	100644	e6f4bec9ee17bec10d0a197d238b72619926308caf846d69b56f272250124725	282	evidence
bc08-missing-observation--case-bc08-observation/action-receipts.tsv	100644	bbd21526e26053a027b8f5c0736b03b190268d50ea6926d69f22133a30d9ddfb	439	evidence
bc08-missing-observation--case-bc08-observation/command-receipts.tsv	100644	bae26b0f72728739352299e23775dfd4d6c0c50842176db0c9eae6c088fbf642	3279	evidence
bc08-missing-observation--case-bc08-observation/coverage.tsv	100644	305055ed320d4f46102356b3e57c2d26c685711067c5ead16e98d5166d9d84db	1476	evidence
bc08-missing-observation--case-bc08-observation/exclusions.tsv	100644	e3b0c44298fc1c149afbf4c8996fb92427ae41e4649b934ca495991b7852b855	0	evidence
bc08-missing-observation--case-bc08-observation/fault-activation-receipts.tsv	100644	e3b0c44298fc1c149afbf4c8996fb92427ae41e4649b934ca495991b7852b855	0	evidence
bc08-missing-observation--case-bc08-observation/fault-configuration-receipts.tsv	100644	e3b0c44298fc1c149afbf4c8996fb92427ae41e4649b934ca495991b7852b855	0	evidence
bc08-missing-observation--case-bc08-observation/fault-inventory-healthy.tsv	100644	e3b0c44298fc1c149afbf4c8996fb92427ae41e4649b934ca495991b7852b855	0	evidence
bc08-missing-observation--case-bc08-observation/fault-inventory-reopened.tsv	100644	e3b0c44298fc1c149afbf4c8996fb92427ae41e4649b934ca495991b7852b855	0	evidence
bc08-missing-observation--case-bc08-observation/fault-inventory-rollback.tsv	100644	e3b0c44298fc1c149afbf4c8996fb92427ae41e4649b934ca495991b7852b855	0	evidence
bc08-missing-observation--case-bc08-observation/fault-inventory-setup.tsv	100644	e3b0c44298fc1c149afbf4c8996fb92427ae41e4649b934ca495991b7852b855	0	evidence
bc08-missing-observation--case-bc08-observation/fault-markers.tsv	100644	e3b0c44298fc1c149afbf4c8996fb92427ae41e4649b934ca495991b7852b855	0	evidence
bc08-missing-observation--case-bc08-observation/fault-trigger-receipts.tsv	100644	e3b0c44298fc1c149afbf4c8996fb92427ae41e4649b934ca495991b7852b855	0	evidence
bc08-missing-observation--case-bc08-observation/inventory-after.tsv	100644	09190daa08cc032d2a10f36de01568d0aae62f7c1623fa04472af56b87ce9848	865	evidence
bc08-missing-observation--case-bc08-observation/inventory-before.tsv	100644	3725b4192bf8e3f089186be503deca434d801bc9597c71b7997bd3ac6e613685	404	evidence
bc08-missing-observation--case-bc08-observation/inventory-reopened.tsv	100644	09190daa08cc032d2a10f36de01568d0aae62f7c1623fa04472af56b87ce9848	865	evidence
bc08-missing-observation--case-bc08-observation/normalized-observations.tsv	100644	598252292b54063f28c56b61fb3b743501e5b9300b51f3d3cb9bf699d6c34f7f	1170	evidence
bc08-missing-observation--case-bc08-observation/oracle-result.tsv	100644	e804236099ea6705004d6d5799d0331db85d61fced76dfa69a4ae003ae9c779d	93	evidence
bc08-missing-observation--case-bc08-observation/pragma.tsv	100644	66f306ddae596da4fa65c9c5ff0d3b906bf17cb08c2c94b47937db5f56561e60	885	evidence
bc08-missing-observation--case-bc08-observation/raw-observations.tsv	100644	89721072a7fd7ab2b28b64bc074013b74b769e00c2700499ff98bc10f0e5ffb5	1170	evidence
bc08-missing-observation--case-bc08-observation/raw-seal.tsv	100644	1fc8e23056da72c9ad1640e4d5bb6d58c4c799807909b399e48155ed6dc29742	298	evidence
bc08-missing-result--case-bc08-result/action-receipts.tsv	100644	4e2087ff2530d38d04b6b3594633a030f58410b0443551bc8121409ad06dc530	399	evidence
bc08-missing-result--case-bc08-result/command-receipts.tsv	100644	7566b83078ba70220a97b128d8894cbe48d26d1a33b68c9dd6c4d16a596effd7	3129	evidence
bc08-missing-result--case-bc08-result/coverage.tsv	100644	ee074b05dc4633f91f872805e0fb79ed46fb2a60d75a67c9801a2c93145923b6	1236	evidence
bc08-missing-result--case-bc08-result/exclusions.tsv	100644	e3b0c44298fc1c149afbf4c8996fb92427ae41e4649b934ca495991b7852b855	0	evidence
bc08-missing-result--case-bc08-result/fault-activation-receipts.tsv	100644	e3b0c44298fc1c149afbf4c8996fb92427ae41e4649b934ca495991b7852b855	0	evidence
bc08-missing-result--case-bc08-result/fault-configuration-receipts.tsv	100644	e3b0c44298fc1c149afbf4c8996fb92427ae41e4649b934ca495991b7852b855	0	evidence
bc08-missing-result--case-bc08-result/fault-inventory-healthy.tsv	100644	e3b0c44298fc1c149afbf4c8996fb92427ae41e4649b934ca495991b7852b855	0	evidence
bc08-missing-result--case-bc08-result/fault-inventory-reopened.tsv	100644	e3b0c44298fc1c149afbf4c8996fb92427ae41e4649b934ca495991b7852b855	0	evidence
bc08-missing-result--case-bc08-result/fault-inventory-rollback.tsv	100644	e3b0c44298fc1c149afbf4c8996fb92427ae41e4649b934ca495991b7852b855	0	evidence
bc08-missing-result--case-bc08-result/fault-inventory-setup.tsv	100644	e3b0c44298fc1c149afbf4c8996fb92427ae41e4649b934ca495991b7852b855	0	evidence
bc08-missing-result--case-bc08-result/fault-markers.tsv	100644	e3b0c44298fc1c149afbf4c8996fb92427ae41e4649b934ca495991b7852b855	0	evidence
bc08-missing-result--case-bc08-result/fault-trigger-receipts.tsv	100644	e3b0c44298fc1c149afbf4c8996fb92427ae41e4649b934ca495991b7852b855	0	evidence
bc08-missing-result--case-bc08-result/inventory-after.tsv	100644	d829412b66c8a6da6b20d5fbd446f64ed4659f310b917789dff680e2cc3bdb6f	785	evidence
bc08-missing-result--case-bc08-result/inventory-before.tsv	100644	a769b2b2f70e7f8e8f4427707836e91abb00df48080070d40d6120c25b7fa907	364	evidence
bc08-missing-result--case-bc08-result/inventory-reopened.tsv	100644	d829412b66c8a6da6b20d5fbd446f64ed4659f310b917789dff680e2cc3bdb6f	785	evidence
bc08-missing-result--case-bc08-result/normalized-observations.tsv	100644	21cd71a86fefabacee4baee518acd3b11d7c13c3636877278eacf017f3a98caf	1050	evidence
bc08-missing-result--case-bc08-result/oracle-result.tsv	100644	e911d1a48d0c2d1f8320881f509a03228b404c9da93a8df340bcdc4e553a1800	83	evidence
bc08-missing-result--case-bc08-result/pragma.tsv	100644	c1aaca55f034ca0d5a22e0282614ed7d06a41694e38e85ff43d18eb1ba9c4c13	765	evidence
bc08-missing-result--case-bc08-result/raw-observations.tsv	100644	682bda710fb6ee2e3acf0e1917f04b4fc6e6249d5036842bac03f084a997740f	1050	evidence
bc08-missing-result--case-bc08-result/raw-seal.tsv	100644	7213168d9454cd1cb6a8c8f9d234c0166a102738188415ca00280f872664158c	278	evidence
bc08-missing-transition--case-bc08-transition/action-receipts.tsv	100644	93eb2ce1a0fee97c6878fdd90633529c107504c45e6a07ec537f9242dfb21afc	431	evidence
bc08-missing-transition--case-bc08-transition/command-receipts.tsv	100644	70eeaaa928d8439fd8aed240e82d20475b5e74535ece88f940d42c2c47633c3d	3249	evidence
bc08-missing-transition--case-bc08-transition/coverage.tsv	100644	23bd56fb8744e95f34193a3186f7272eebc3409af53a543a3329391048edb45c	1428	evidence
bc08-missing-transition--case-bc08-transition/exclusions.tsv	100644	e3b0c44298fc1c149afbf4c8996fb92427ae41e4649b934ca495991b7852b855	0	evidence
bc08-missing-transition--case-bc08-transition/fault-activation-receipts.tsv	100644	e3b0c44298fc1c149afbf4c8996fb92427ae41e4649b934ca495991b7852b855	0	evidence
bc08-missing-transition--case-bc08-transition/fault-configuration-receipts.tsv	100644	e3b0c44298fc1c149afbf4c8996fb92427ae41e4649b934ca495991b7852b855	0	evidence
bc08-missing-transition--case-bc08-transition/fault-inventory-healthy.tsv	100644	e3b0c44298fc1c149afbf4c8996fb92427ae41e4649b934ca495991b7852b855	0	evidence
bc08-missing-transition--case-bc08-transition/fault-inventory-reopened.tsv	100644	e3b0c44298fc1c149afbf4c8996fb92427ae41e4649b934ca495991b7852b855	0	evidence
bc08-missing-transition--case-bc08-transition/fault-inventory-rollback.tsv	100644	e3b0c44298fc1c149afbf4c8996fb92427ae41e4649b934ca495991b7852b855	0	evidence
bc08-missing-transition--case-bc08-transition/fault-inventory-setup.tsv	100644	e3b0c44298fc1c149afbf4c8996fb92427ae41e4649b934ca495991b7852b855	0	evidence
bc08-missing-transition--case-bc08-transition/fault-markers.tsv	100644	e3b0c44298fc1c149afbf4c8996fb92427ae41e4649b934ca495991b7852b855	0	evidence
bc08-missing-transition--case-bc08-transition/fault-trigger-receipts.tsv	100644	e3b0c44298fc1c149afbf4c8996fb92427ae41e4649b934ca495991b7852b855	0	evidence
bc08-missing-transition--case-bc08-transition/inventory-after.tsv	100644	21456cfcda60fbbf47ba52ccbb3f3f0c56326095579875332dedf40f25cc0058	849	evidence
bc08-missing-transition--case-bc08-transition/inventory-before.tsv	100644	229d293dd93cec83d4aa42549e84072c2476faf16d3ab1b92bddfa34d388fd56	396	evidence
bc08-missing-transition--case-bc08-transition/inventory-reopened.tsv	100644	21456cfcda60fbbf47ba52ccbb3f3f0c56326095579875332dedf40f25cc0058	849	evidence
bc08-missing-transition--case-bc08-transition/normalized-observations.tsv	100644	88a0d4e1166dbc5b7d0caaa449b9040e023555ed9cbff0d3a1c0ccc5d4368d11	1146	evidence
bc08-missing-transition--case-bc08-transition/oracle-result.tsv	100644	e995394b477895415af326d9fc10aa4eaaa6ac1ef81b6f309f584536f3776a10	91	evidence
bc08-missing-transition--case-bc08-transition/pragma.tsv	100644	e4bb4f0f59d29ee0d67807792ab0d2e8b1cfb0110bd94341a1ae8e46eab1f18b	861	evidence
bc08-missing-transition--case-bc08-transition/raw-observations.tsv	100644	c9935d198ce6041f6540ab9f26c3423f83dda61c3c29617b7e82b065e5c59237	1146	evidence
bc08-missing-transition--case-bc08-transition/raw-seal.tsv	100644	49a96e15d68e734d6b0cb3a04bd50e64b212e89fa354cfff576a14963a96d207	294	evidence
bc08-missing-view--case-bc08-view/action-receipts.tsv	100644	712a2b31d5d2cf1bba661a860c06ea279a1bc2b2a89e58d01afe2c6912df8f52	383	evidence
bc08-missing-view--case-bc08-view/command-receipts.tsv	100644	a48b5d898f2c538037135c1dcb3e0fa3c5471f9a8339676f5dfc6cc6bcee1479	3069	evidence
bc08-missing-view--case-bc08-view/coverage.tsv	100644	bd74b15d546581873110e54f6090c4a4cdce1faf5a9afb14a20020de1d37747d	1140	evidence
bc08-missing-view--case-bc08-view/exclusions.tsv	100644	e3b0c44298fc1c149afbf4c8996fb92427ae41e4649b934ca495991b7852b855	0	evidence
bc08-missing-view--case-bc08-view/fault-activation-receipts.tsv	100644	e3b0c44298fc1c149afbf4c8996fb92427ae41e4649b934ca495991b7852b855	0	evidence
bc08-missing-view--case-bc08-view/fault-configuration-receipts.tsv	100644	e3b0c44298fc1c149afbf4c8996fb92427ae41e4649b934ca495991b7852b855	0	evidence
bc08-missing-view--case-bc08-view/fault-inventory-healthy.tsv	100644	e3b0c44298fc1c149afbf4c8996fb92427ae41e4649b934ca495991b7852b855	0	evidence
bc08-missing-view--case-bc08-view/fault-inventory-reopened.tsv	100644	e3b0c44298fc1c149afbf4c8996fb92427ae41e4649b934ca495991b7852b855	0	evidence
bc08-missing-view--case-bc08-view/fault-inventory-rollback.tsv	100644	e3b0c44298fc1c149afbf4c8996fb92427ae41e4649b934ca495991b7852b855	0	evidence
bc08-missing-view--case-bc08-view/fault-inventory-setup.tsv	100644	e3b0c44298fc1c149afbf4c8996fb92427ae41e4649b934ca495991b7852b855	0	evidence
bc08-missing-view--case-bc08-view/fault-markers.tsv	100644	e3b0c44298fc1c149afbf4c8996fb92427ae41e4649b934ca495991b7852b855	0	evidence
bc08-missing-view--case-bc08-view/fault-trigger-receipts.tsv	100644	e3b0c44298fc1c149afbf4c8996fb92427ae41e4649b934ca495991b7852b855	0	evidence
bc08-missing-view--case-bc08-view/inventory-after.tsv	100644	526750ddde22fd3ed054b45cc7be3f1d736d854d05a20505fbc5cec6f201c539	753	evidence
bc08-missing-view--case-bc08-view/inventory-before.tsv	100644	6cbc247c9c8738b64af2937121e849ebc5b1d706cab93dc4360a4f81a7e5bf1f	348	evidence
bc08-missing-view--case-bc08-view/inventory-reopened.tsv	100644	526750ddde22fd3ed054b45cc7be3f1d736d854d05a20505fbc5cec6f201c539	753	evidence
bc08-missing-view--case-bc08-view/normalized-observations.tsv	100644	cc6d710680379e7ba64d202ed1c45519f4bfe92b27f3d95b8b1f3a4167f6ec3c	1002	evidence
bc08-missing-view--case-bc08-view/oracle-result.tsv	100644	660507e1763c751dcdc099251227132ca6e9edab8f3b65c8619d18112581ba7d	79	evidence
bc08-missing-view--case-bc08-view/pragma.tsv	100644	934af4a6ab5a79072cacebb33af49662c7b3a809f50ba1bf420f1ee322b70a0a	717	evidence
bc08-missing-view--case-bc08-view/raw-observations.tsv	100644	a7fa15a8c836d7140177a30fa576d50fefbbb000b324bafb01efda15e7d2a678	1002	evidence
bc08-missing-view--case-bc08-view/raw-seal.tsv	100644	14e5db17d22ef9ddf10063d7adff86fb951ae61707f3cbea4c98172ceb5b65d6	270	evidence
bc09-control-receipts.tsv	100644	db64d7bf5d252f70717f2cc134f534ead386ca2be881741365ca9e363d5a6d37	4096	evidence
bc09-diagnostic-ephemeral--case-bc09-diagnostic/action-receipts.tsv	100644	25b949f64f1691681cb6777c3ea4a0ef2eb79ac24bd4515efa8e65013edeba04	1389	evidence
bc09-diagnostic-ephemeral--case-bc09-diagnostic/command-receipts.tsv	100644	0fbde9c197690e968bcc78e8628861227e4e84ee583bee361aa0b9bd910f0f12	14758	evidence
bc09-diagnostic-ephemeral--case-bc09-diagnostic/coverage.tsv	100644	92dcb0b6d0de41d550a587bda95660d5ac1b97763ffa473b151de422d4f34008	7490	evidence
bc09-diagnostic-ephemeral--case-bc09-diagnostic/exclusions.tsv	100644	e3b0c44298fc1c149afbf4c8996fb92427ae41e4649b934ca495991b7852b855	0	evidence
bc09-diagnostic-ephemeral--case-bc09-diagnostic/fault-activation-receipts.tsv	100644	e3b0c44298fc1c149afbf4c8996fb92427ae41e4649b934ca495991b7852b855	0	evidence
bc09-diagnostic-ephemeral--case-bc09-diagnostic/fault-configuration-receipts.tsv	100644	e3b0c44298fc1c149afbf4c8996fb92427ae41e4649b934ca495991b7852b855	0	evidence
bc09-diagnostic-ephemeral--case-bc09-diagnostic/fault-inventory-healthy.tsv	100644	e3b0c44298fc1c149afbf4c8996fb92427ae41e4649b934ca495991b7852b855	0	evidence
bc09-diagnostic-ephemeral--case-bc09-diagnostic/fault-inventory-reopened.tsv	100644	e3b0c44298fc1c149afbf4c8996fb92427ae41e4649b934ca495991b7852b855	0	evidence
bc09-diagnostic-ephemeral--case-bc09-diagnostic/fault-inventory-rollback.tsv	100644	e3b0c44298fc1c149afbf4c8996fb92427ae41e4649b934ca495991b7852b855	0	evidence
bc09-diagnostic-ephemeral--case-bc09-diagnostic/fault-inventory-setup.tsv	100644	e3b0c44298fc1c149afbf4c8996fb92427ae41e4649b934ca495991b7852b855	0	evidence
bc09-diagnostic-ephemeral--case-bc09-diagnostic/fault-markers.tsv	100644	e3b0c44298fc1c149afbf4c8996fb92427ae41e4649b934ca495991b7852b855	0	evidence
bc09-diagnostic-ephemeral--case-bc09-diagnostic/fault-trigger-receipts.tsv	100644	e3b0c44298fc1c149afbf4c8996fb92427ae41e4649b934ca495991b7852b855	0	evidence
bc09-diagnostic-ephemeral--case-bc09-diagnostic/inventory-after.tsv	100644	4cf9534ae4246cb743cafd18da7daa943972f9490ec669d5059896006f3d5e3a	1657	evidence
bc09-diagnostic-ephemeral--case-bc09-diagnostic/inventory-before.tsv	100644	4cf9534ae4246cb743cafd18da7daa943972f9490ec669d5059896006f3d5e3a	1657	evidence
bc09-diagnostic-ephemeral--case-bc09-diagnostic/inventory-reopened.tsv	100644	4cf9534ae4246cb743cafd18da7daa943972f9490ec669d5059896006f3d5e3a	1657	evidence
bc09-diagnostic-ephemeral--case-bc09-diagnostic/normalized-observations.tsv	100644	383e3abb0268b1c1e526df52b2b6e2cd2e474d369e00aacfba7177b73b98fa4b	5098	evidence
bc09-diagnostic-ephemeral--case-bc09-diagnostic/oracle-result.tsv	100644	89e24e875c366223e2b3a0027136b8eb5808caa9330cb53815b775d448769fd0	101	evidence
bc09-diagnostic-ephemeral--case-bc09-diagnostic/pragma.tsv	100644	c699ca0b2088eae009b26708ea80a8f6fcb63fd99623efa144cdcab5b612cd20	4621	evidence
bc09-diagnostic-ephemeral--case-bc09-diagnostic/raw-observations.tsv	100644	f885a5681c478e47b7a46be416178f4356cf7ab5d98332740b854f3306a48985	5098	evidence
bc09-diagnostic-ephemeral--case-bc09-diagnostic/raw-seal.tsv	100644	cd4a283b6c7b6778e374e75d80c1788bc374d90d4efdad963486a7c491eb2f24	298	evidence
bc09-duplicate-persists--case-bc09-duplicate/action-receipts.tsv	100644	d0457ceebbb9079e7039faaa7805e741aef299ccdfc71e93648e607061c66fcf	472	evidence
bc09-duplicate-persists--case-bc09-duplicate/command-receipts.tsv	100644	cc15e5d89188eaf3500ce83f76cfd8d773fd0b245565b0311d5c26d2437dccd6	3053	evidence
bc09-duplicate-persists--case-bc09-duplicate/coverage.tsv	100644	b99a4805e6b37f8dd135aac4bcb44ee162e14fdd79601699972e22acef2c4076	1470	evidence
bc09-duplicate-persists--case-bc09-duplicate/exclusions.tsv	100644	e3b0c44298fc1c149afbf4c8996fb92427ae41e4649b934ca495991b7852b855	0	evidence
bc09-duplicate-persists--case-bc09-duplicate/fault-activation-receipts.tsv	100644	e3b0c44298fc1c149afbf4c8996fb92427ae41e4649b934ca495991b7852b855	0	evidence
bc09-duplicate-persists--case-bc09-duplicate/fault-configuration-receipts.tsv	100644	e3b0c44298fc1c149afbf4c8996fb92427ae41e4649b934ca495991b7852b855	0	evidence
bc09-duplicate-persists--case-bc09-duplicate/fault-inventory-healthy.tsv	100644	e3b0c44298fc1c149afbf4c8996fb92427ae41e4649b934ca495991b7852b855	0	evidence
bc09-duplicate-persists--case-bc09-duplicate/fault-inventory-reopened.tsv	100644	e3b0c44298fc1c149afbf4c8996fb92427ae41e4649b934ca495991b7852b855	0	evidence
bc09-duplicate-persists--case-bc09-duplicate/fault-inventory-rollback.tsv	100644	e3b0c44298fc1c149afbf4c8996fb92427ae41e4649b934ca495991b7852b855	0	evidence
bc09-duplicate-persists--case-bc09-duplicate/fault-inventory-setup.tsv	100644	e3b0c44298fc1c149afbf4c8996fb92427ae41e4649b934ca495991b7852b855	0	evidence
bc09-duplicate-persists--case-bc09-duplicate/fault-markers.tsv	100644	e3b0c44298fc1c149afbf4c8996fb92427ae41e4649b934ca495991b7852b855	0	evidence
bc09-duplicate-persists--case-bc09-duplicate/fault-trigger-receipts.tsv	100644	e3b0c44298fc1c149afbf4c8996fb92427ae41e4649b934ca495991b7852b855	0	evidence
bc09-duplicate-persists--case-bc09-duplicate/inventory-after.tsv	100644	0f24eaa60da80c1fb015f3b6e615c55517e7f9a84c8bb6b5c004b6b01ce23d58	339	evidence
bc09-duplicate-persists--case-bc09-duplicate/inventory-before.tsv	100644	0f24eaa60da80c1fb015f3b6e615c55517e7f9a84c8bb6b5c004b6b01ce23d58	339	evidence
bc09-duplicate-persists--case-bc09-duplicate/inventory-reopened.tsv	100644	0f24eaa60da80c1fb015f3b6e615c55517e7f9a84c8bb6b5c004b6b01ce23d58	339	evidence
bc09-duplicate-persists--case-bc09-duplicate/normalized-observations.tsv	100644	f9ac89aa7767a5aa137832a87377ca24303b88c64ca7c5d0426a6e9608b3f2f7	1011	evidence
bc09-duplicate-persists--case-bc09-duplicate/oracle-result.tsv	100644	73c614b4ade0966469c711e0fc8203bd6e1d3727973abe973eb53aac55ae3c43	96	evidence
bc09-duplicate-persists--case-bc09-duplicate/pragma.tsv	100644	5b72a97d82018d18cc719ceff1faaea83c8342ce04e72a967454ed86931ecdd0	970	evidence
bc09-duplicate-persists--case-bc09-duplicate/raw-observations.tsv	100644	819533fdb2bf57a9d4eb8a01311c977b889f5c78d9232e6a8fd190b978b3d95c	1011	evidence
bc09-duplicate-persists--case-bc09-duplicate/raw-seal.tsv	100644	150a0e2380473ae556198683c6253542f213d1b9e9fac8a2751f0d6221631138	292	evidence
bc09-failpoint-persists--case-bc09-failpoint/action-receipts.tsv	100644	c14a7b90a04488cd2ffe1556c7c913baffd180c45ac191e5d04216be94c93768	2413	evidence
bc09-failpoint-persists--case-bc09-failpoint/command-receipts.tsv	100644	37dcdc41180642d0feb8b6d6c0151739f6da85ed00ade626e44b307b7c856268	25911	evidence
bc09-failpoint-persists--case-bc09-failpoint/coverage.tsv	100644	8babfc56a66e8dfd9db231c2a3f7c144e5951093a9fea64297869722431d686e	7190	evidence
bc09-failpoint-persists--case-bc09-failpoint/exclusions.tsv	100644	e3b0c44298fc1c149afbf4c8996fb92427ae41e4649b934ca495991b7852b855	0	evidence
bc09-failpoint-persists--case-bc09-failpoint/fault-activation-receipts.tsv	100644	5624637806f7b3e96a7a173b9cb4620ac8843307648b790972ad41d9dc0b8c2a	1058	evidence
bc09-failpoint-persists--case-bc09-failpoint/fault-configuration-receipts.tsv	100644	93b7a0bf113d285ec5eaaa30aa5308242c0be6a3a8cb03a2ab8aacc1582517a0	2377	evidence
bc09-failpoint-persists--case-bc09-failpoint/fault-inventory-healthy.tsv	100644	f50552ef63cf92f534b258a3f8ed3bbd0abe0409845965da4d6a850702deff53	3268	evidence
bc09-failpoint-persists--case-bc09-failpoint/fault-inventory-reopened.tsv	100644	f50552ef63cf92f534b258a3f8ed3bbd0abe0409845965da4d6a850702deff53	3268	evidence
bc09-failpoint-persists--case-bc09-failpoint/fault-inventory-rollback.tsv	100644	4cf9534ae4246cb743cafd18da7daa943972f9490ec669d5059896006f3d5e3a	1657	evidence
bc09-failpoint-persists--case-bc09-failpoint/fault-inventory-setup.tsv	100644	4cf9534ae4246cb743cafd18da7daa943972f9490ec669d5059896006f3d5e3a	1657	evidence
bc09-failpoint-persists--case-bc09-failpoint/fault-markers.tsv	100644	4f6564d3526b7af54168f5648a60d3d58895f8f55eba40f7c47c46b475af7402	1541	evidence
bc09-failpoint-persists--case-bc09-failpoint/fault-trigger-receipts.tsv	100644	6d46ecea91932a275566dbb4ec361c02b53440f143ce1a47c65ec854e6c5146d	2520	evidence
bc09-failpoint-persists--case-bc09-failpoint/inventory-after.tsv	100644	4cf9534ae4246cb743cafd18da7daa943972f9490ec669d5059896006f3d5e3a	1657	evidence
bc09-failpoint-persists--case-bc09-failpoint/inventory-before.tsv	100644	4cf9534ae4246cb743cafd18da7daa943972f9490ec669d5059896006f3d5e3a	1657	evidence
bc09-failpoint-persists--case-bc09-failpoint/inventory-reopened.tsv	100644	4cf9534ae4246cb743cafd18da7daa943972f9490ec669d5059896006f3d5e3a	1657	evidence
bc09-failpoint-persists--case-bc09-failpoint/normalized-observations.tsv	100644	9d5d94f83798da2b009c17dd181f9b4763be63f7a03a0027e8dc682b07f8c20d	4986	evidence
bc09-failpoint-persists--case-bc09-failpoint/oracle-result.tsv	100644	8ecd4ee75bcd3f2f15afb182563e1c2948c7a347736debb4777efcae4377bead	96	evidence
bc09-failpoint-persists--case-bc09-failpoint/pragma.tsv	100644	33b9e5a2743c6d1a8c180ebadbd20cc64406eee13ccd6f3b70ad3aac9cb99402	8115	evidence
bc09-failpoint-persists--case-bc09-failpoint/raw-observations.tsv	100644	73d0964d1b9ee586153d0e6e382f052b4fceec536ee1009360464c3137b85b4d	4986	evidence
bc09-failpoint-persists--case-bc09-failpoint/raw-seal.tsv	100644	561ab96a026552e174d897e8c997d4a0fb0a5338382d6ba3d7c2d70f656e45ae	292	evidence
bc09-failure-no-persistent-artifact--case-bc09-failure/action-receipts.tsv	100644	61d74bf42d59005d6eb83be01e1655722510f896b6e8f750ead47f19a678e433	1491	evidence
bc09-failure-no-persistent-artifact--case-bc09-failure/command-receipts.tsv	100644	b70c5fcb0f3f36bc25b549bdec1f394f1591ba75a7cc7013822f797f4422f118	15489	evidence
bc09-failure-no-persistent-artifact--case-bc09-failure/coverage.tsv	100644	f02d736ce41d050cbed398e4f903eaa34d2a5a244e88f6652cd91c8e8b8aa2de	8190	evidence
bc09-failure-no-persistent-artifact--case-bc09-failure/exclusions.tsv	100644	e3b0c44298fc1c149afbf4c8996fb92427ae41e4649b934ca495991b7852b855	0	evidence
bc09-failure-no-persistent-artifact--case-bc09-failure/fault-activation-receipts.tsv	100644	e3b0c44298fc1c149afbf4c8996fb92427ae41e4649b934ca495991b7852b855	0	evidence
bc09-failure-no-persistent-artifact--case-bc09-failure/fault-configuration-receipts.tsv	100644	e3b0c44298fc1c149afbf4c8996fb92427ae41e4649b934ca495991b7852b855	0	evidence
bc09-failure-no-persistent-artifact--case-bc09-failure/fault-inventory-healthy.tsv	100644	e3b0c44298fc1c149afbf4c8996fb92427ae41e4649b934ca495991b7852b855	0	evidence
bc09-failure-no-persistent-artifact--case-bc09-failure/fault-inventory-reopened.tsv	100644	e3b0c44298fc1c149afbf4c8996fb92427ae41e4649b934ca495991b7852b855	0	evidence
bc09-failure-no-persistent-artifact--case-bc09-failure/fault-inventory-rollback.tsv	100644	e3b0c44298fc1c149afbf4c8996fb92427ae41e4649b934ca495991b7852b855	0	evidence
bc09-failure-no-persistent-artifact--case-bc09-failure/fault-inventory-setup.tsv	100644	e3b0c44298fc1c149afbf4c8996fb92427ae41e4649b934ca495991b7852b855	0	evidence
bc09-failure-no-persistent-artifact--case-bc09-failure/fault-markers.tsv	100644	e3b0c44298fc1c149afbf4c8996fb92427ae41e4649b934ca495991b7852b855	0	evidence
bc09-failure-no-persistent-artifact--case-bc09-failure/fault-trigger-receipts.tsv	100644	e3b0c44298fc1c149afbf4c8996fb92427ae41e4649b934ca495991b7852b855	0	evidence
bc09-failure-no-persistent-artifact--case-bc09-failure/inventory-after.tsv	100644	4cf9534ae4246cb743cafd18da7daa943972f9490ec669d5059896006f3d5e3a	1657	evidence
bc09-failure-no-persistent-artifact--case-bc09-failure/inventory-before.tsv	100644	4cf9534ae4246cb743cafd18da7daa943972f9490ec669d5059896006f3d5e3a	1657	evidence
bc09-failure-no-persistent-artifact--case-bc09-failure/inventory-reopened.tsv	100644	4cf9534ae4246cb743cafd18da7daa943972f9490ec669d5059896006f3d5e3a	1657	evidence
bc09-failure-no-persistent-artifact--case-bc09-failure/normalized-observations.tsv	100644	6a421568694497885160a0f3c6d2dd93dd98bd90c7ea2b8a10019635e307d48d	5448	evidence
bc09-failure-no-persistent-artifact--case-bc09-failure/oracle-result.tsv	100644	2489b442ba14b0998ec60c20aefd391ecc81fd0f8e59ad51f47a1860a6755ff1	118	evidence
bc09-failure-no-persistent-artifact--case-bc09-failure/pragma.tsv	100644	1428e3cc19b696fac5e9cf992b5910c7da77e5f01574d37bac02b328f0138061	5250	evidence
bc09-failure-no-persistent-artifact--case-bc09-failure/raw-observations.tsv	100644	1e1f55941091c825a0e37cd8d7982edd88e4ab435f4c9112c4f30e0f3d294229	5448	evidence
bc09-failure-no-persistent-artifact--case-bc09-failure/raw-seal.tsv	100644	c67c4071528847bd2d12950b5fb95921c2c53a5d229b5901ff5f7c09b8962a81	312	evidence
bc09-incomplete-persists--case-bc09-incomplete/action-receipts.tsv	100644	0998ad87d502e4d986dd785b5fdb4395d8d07557d4be99bbff43dafa147edf83	237	evidence
bc09-incomplete-persists--case-bc09-incomplete/command-receipts.tsv	100644	e58c97b4a8aacd5dc96371293933bf64ff7d0571ec94ab09807695ae80fd3eea	2749	evidence
bc09-incomplete-persists--case-bc09-incomplete/coverage.tsv	100644	62d8852ad9ca27ec1d377ad35791c77a0a75dd3ef0789feed5c9d8c5aedf8134	1530	evidence
bc09-incomplete-persists--case-bc09-incomplete/exclusions.tsv	100644	e3b0c44298fc1c149afbf4c8996fb92427ae41e4649b934ca495991b7852b855	0	evidence
bc09-incomplete-persists--case-bc09-incomplete/fault-activation-receipts.tsv	100644	e3b0c44298fc1c149afbf4c8996fb92427ae41e4649b934ca495991b7852b855	0	evidence
bc09-incomplete-persists--case-bc09-incomplete/fault-configuration-receipts.tsv	100644	e3b0c44298fc1c149afbf4c8996fb92427ae41e4649b934ca495991b7852b855	0	evidence
bc09-incomplete-persists--case-bc09-incomplete/fault-inventory-healthy.tsv	100644	e3b0c44298fc1c149afbf4c8996fb92427ae41e4649b934ca495991b7852b855	0	evidence
bc09-incomplete-persists--case-bc09-incomplete/fault-inventory-reopened.tsv	100644	e3b0c44298fc1c149afbf4c8996fb92427ae41e4649b934ca495991b7852b855	0	evidence
bc09-incomplete-persists--case-bc09-incomplete/fault-inventory-rollback.tsv	100644	e3b0c44298fc1c149afbf4c8996fb92427ae41e4649b934ca495991b7852b855	0	evidence
bc09-incomplete-persists--case-bc09-incomplete/fault-inventory-setup.tsv	100644	e3b0c44298fc1c149afbf4c8996fb92427ae41e4649b934ca495991b7852b855	0	evidence
bc09-incomplete-persists--case-bc09-incomplete/fault-markers.tsv	100644	e3b0c44298fc1c149afbf4c8996fb92427ae41e4649b934ca495991b7852b855	0	evidence
bc09-incomplete-persists--case-bc09-incomplete/fault-trigger-receipts.tsv	100644	e3b0c44298fc1c149afbf4c8996fb92427ae41e4649b934ca495991b7852b855	0	evidence
bc09-incomplete-persists--case-bc09-incomplete/inventory-after.tsv	100644	db48d8ac44e4c8496789f3c5a12c9d46c4e27c1e8b74dc8206bb089607c9d586	346	evidence
bc09-incomplete-persists--case-bc09-incomplete/inventory-before.tsv	100644	db48d8ac44e4c8496789f3c5a12c9d46c4e27c1e8b74dc8206bb089607c9d586	346	evidence
bc09-incomplete-persists--case-bc09-incomplete/inventory-reopened.tsv	100644	db48d8ac44e4c8496789f3c5a12c9d46c4e27c1e8b74dc8206bb089607c9d586	346	evidence
bc09-incomplete-persists--case-bc09-incomplete/normalized-observations.tsv	100644	3467990ebbac9e2365eb8cfafdac1e3e2f4c82ddd01cde07e871e478c1a4eb71	1036	evidence
bc09-incomplete-persists--case-bc09-incomplete/oracle-result.tsv	100644	830138237a43e3a0f2655d00ec2f8f7dd7dc4db423b8ccf99720824890318be8	99	evidence
bc09-incomplete-persists--case-bc09-incomplete/pragma.tsv	100644	0ab1294a8f52efaeeb46011c2c8b124c5473fff552f41f2cb5f6ba0aa4f0e0de	877	evidence
bc09-incomplete-persists--case-bc09-incomplete/raw-observations.tsv	100644	cc6a6dae6159256225d3be6ffc36d7b26003947cba6c8aa014bb02115d5f1674	1036	evidence
bc09-incomplete-persists--case-bc09-incomplete/raw-seal.tsv	100644	28e9a8d4c01192a30956f7845b44c5ead0a667abe5518b03625c8af0d815eda6	296	evidence
bc09-rejected-persists--case-bc09-rejected/action-receipts.tsv	100644	eb82f45b7466e6d0602e5ef2de64cf7d5030ae54fcde5afe62a9a8d0ce3322d4	223	evidence
bc09-rejected-persists--case-bc09-rejected/command-receipts.tsv	100644	ee844f561657207aba5bd7ad242f79a415b2c91967cd52cbbb619cca6ce558f3	2685	evidence
bc09-rejected-persists--case-bc09-rejected/coverage.tsv	100644	0da50a7eafac096ed0d05d74185882b4a74476704f06cd8146dce41e95ae439f	1410	evidence
bc09-rejected-persists--case-bc09-rejected/exclusions.tsv	100644	e3b0c44298fc1c149afbf4c8996fb92427ae41e4649b934ca495991b7852b855	0	evidence
bc09-rejected-persists--case-bc09-rejected/fault-activation-receipts.tsv	100644	e3b0c44298fc1c149afbf4c8996fb92427ae41e4649b934ca495991b7852b855	0	evidence
bc09-rejected-persists--case-bc09-rejected/fault-configuration-receipts.tsv	100644	e3b0c44298fc1c149afbf4c8996fb92427ae41e4649b934ca495991b7852b855	0	evidence
bc09-rejected-persists--case-bc09-rejected/fault-inventory-healthy.tsv	100644	e3b0c44298fc1c149afbf4c8996fb92427ae41e4649b934ca495991b7852b855	0	evidence
bc09-rejected-persists--case-bc09-rejected/fault-inventory-reopened.tsv	100644	e3b0c44298fc1c149afbf4c8996fb92427ae41e4649b934ca495991b7852b855	0	evidence
bc09-rejected-persists--case-bc09-rejected/fault-inventory-rollback.tsv	100644	e3b0c44298fc1c149afbf4c8996fb92427ae41e4649b934ca495991b7852b855	0	evidence
bc09-rejected-persists--case-bc09-rejected/fault-inventory-setup.tsv	100644	e3b0c44298fc1c149afbf4c8996fb92427ae41e4649b934ca495991b7852b855	0	evidence
bc09-rejected-persists--case-bc09-rejected/fault-markers.tsv	100644	e3b0c44298fc1c149afbf4c8996fb92427ae41e4649b934ca495991b7852b855	0	evidence
bc09-rejected-persists--case-bc09-rejected/fault-trigger-receipts.tsv	100644	e3b0c44298fc1c149afbf4c8996fb92427ae41e4649b934ca495991b7852b855	0	evidence
bc09-rejected-persists--case-bc09-rejected/inventory-after.tsv	100644	4c889f58a075f45c7ebc52fd9a3c182c0d02d0ed7684289a69945228da36e4bb	334	evidence
bc09-rejected-persists--case-bc09-rejected/inventory-before.tsv	100644	4c889f58a075f45c7ebc52fd9a3c182c0d02d0ed7684289a69945228da36e4bb	334	evidence
bc09-rejected-persists--case-bc09-rejected/inventory-reopened.tsv	100644	4c889f58a075f45c7ebc52fd9a3c182c0d02d0ed7684289a69945228da36e4bb	334	evidence
bc09-rejected-persists--case-bc09-rejected/normalized-observations.tsv	100644	3f4ed3f07ce5e93e5a38cb06325a7d0e9c82d4bc017e9097671d943be3484e0d	974	evidence
bc09-rejected-persists--case-bc09-rejected/oracle-result.tsv	100644	bf93dd932106c33ee732ad6ec0739010602393f34b48388abde6cfb2ac460d71	93	evidence
bc09-rejected-persists--case-bc09-rejected/pragma.tsv	100644	2e498f7555c944b3d55270e0dfdb79aeb0dce39670d1c974efe93be1b2755725	821	evidence
bc09-rejected-persists--case-bc09-rejected/raw-observations.tsv	100644	1d405318eb4d761476c02e110696f6168f34aeca37430756c4aec1b1dce35aaf	974	evidence
bc09-rejected-persists--case-bc09-rejected/raw-seal.tsv	100644	56e6f6601f036e21076cd9005881ae16c000d2b27c1faf78aa78db1df322f9dd	287	evidence
bc09-stale-persists--case-bc09-stale/action-receipts.tsv	100644	21d764a1ace78f151864006095c41e32da8d3480bff93456ac6a1fee70e40dfe	204	evidence
bc09-stale-persists--case-bc09-stale/command-receipts.tsv	100644	0dc2b25e0229f45718a26416ded46c73fa085f3e364b63101bb1f1c962bc407b	2589	evidence
bc09-stale-persists--case-bc09-stale/coverage.tsv	100644	9c941047bb2f09db8c811d1b1e13dec7725036163eceab2ba3169e81f5492c4e	1230	evidence
bc09-stale-persists--case-bc09-stale/exclusions.tsv	100644	e3b0c44298fc1c149afbf4c8996fb92427ae41e4649b934ca495991b7852b855	0	evidence
bc09-stale-persists--case-bc09-stale/fault-activation-receipts.tsv	100644	e3b0c44298fc1c149afbf4c8996fb92427ae41e4649b934ca495991b7852b855	0	evidence
bc09-stale-persists--case-bc09-stale/fault-configuration-receipts.tsv	100644	e3b0c44298fc1c149afbf4c8996fb92427ae41e4649b934ca495991b7852b855	0	evidence
bc09-stale-persists--case-bc09-stale/fault-inventory-healthy.tsv	100644	e3b0c44298fc1c149afbf4c8996fb92427ae41e4649b934ca495991b7852b855	0	evidence
bc09-stale-persists--case-bc09-stale/fault-inventory-reopened.tsv	100644	e3b0c44298fc1c149afbf4c8996fb92427ae41e4649b934ca495991b7852b855	0	evidence
bc09-stale-persists--case-bc09-stale/fault-inventory-rollback.tsv	100644	e3b0c44298fc1c149afbf4c8996fb92427ae41e4649b934ca495991b7852b855	0	evidence
bc09-stale-persists--case-bc09-stale/fault-inventory-setup.tsv	100644	e3b0c44298fc1c149afbf4c8996fb92427ae41e4649b934ca495991b7852b855	0	evidence
bc09-stale-persists--case-bc09-stale/fault-markers.tsv	100644	e3b0c44298fc1c149afbf4c8996fb92427ae41e4649b934ca495991b7852b855	0	evidence
bc09-stale-persists--case-bc09-stale/fault-trigger-receipts.tsv	100644	e3b0c44298fc1c149afbf4c8996fb92427ae41e4649b934ca495991b7852b855	0	evidence
bc09-stale-persists--case-bc09-stale/inventory-after.tsv	100644	e5f7ed4f8109db7dc4939fecae0d231389904a1ef3a5485864fc0b902fb24218	319	evidence
bc09-stale-persists--case-bc09-stale/inventory-before.tsv	100644	e5f7ed4f8109db7dc4939fecae0d231389904a1ef3a5485864fc0b902fb24218	319	evidence
bc09-stale-persists--case-bc09-stale/inventory-reopened.tsv	100644	e5f7ed4f8109db7dc4939fecae0d231389904a1ef3a5485864fc0b902fb24218	319	evidence
bc09-stale-persists--case-bc09-stale/normalized-observations.tsv	100644	6951bf60791968d8a4a61b8e7678dbaf707a3a8b16568dccc4a7a7f5eaa2b4f0	883	evidence
bc09-stale-persists--case-bc09-stale/oracle-result.tsv	100644	bcb5b3d7bc9abf7482a83462876b243ec069d8ec016d417ed3fd78d9cc339a62	84	evidence
bc09-stale-persists--case-bc09-stale/pragma.tsv	100644	4c6ba16abb3b085069484afa94d59549dfaa3a9f39d7eaab2889dc920950f4cd	737	evidence
bc09-stale-persists--case-bc09-stale/raw-observations.tsv	100644	31b59adfef06cd979938d7e9cb6e346997dcca223030ae4b2eee0d076f469452	883	evidence
bc09-stale-persists--case-bc09-stale/raw-seal.tsv	100644	8396d351926562452878a742d1a6f56a3bd7b934bf087573e3cdb6e9af565953	275	evidence
bc10-control-receipts.tsv	100644	038c759434181650b99bbe15b9304913b404fbbefbac354120b5dff33434c51a	2505	evidence
bc10-explanation-closed--case-bc10-explanation-closed/action-receipts.tsv	100644	fce7cb5e8d4772f485652794ac9a68d251db8b198cf5aeadbb62201df08b7b01	235	evidence
bc10-explanation-closed--case-bc10-explanation-closed/command-receipts.tsv	100644	96cc00bf5c6f39a76ecbb577e575872071ee04fe7ca44fc85a03cc7c8b8ba887	1975	evidence
bc10-explanation-closed--case-bc10-explanation-closed/coverage.tsv	100644	ffe265f5a782a5b1625cea5c5fb49d15ebe8ed06a2cd6add9a1e046a5d0240e8	945	evidence
bc10-explanation-closed--case-bc10-explanation-closed/exclusions.tsv	100644	e3b0c44298fc1c149afbf4c8996fb92427ae41e4649b934ca495991b7852b855	0	evidence
bc10-explanation-closed--case-bc10-explanation-closed/fault-markers.tsv	100644	e3b0c44298fc1c149afbf4c8996fb92427ae41e4649b934ca495991b7852b855	0	evidence
bc10-explanation-closed--case-bc10-explanation-closed/normalized-observations.tsv	100644	b25f29006b65251f0205569a80d52b10db616429e4ec709966daa7121f76184b	702	evidence
bc10-explanation-closed--case-bc10-explanation-closed/oracle-result.tsv	100644	165c7478c18ff1eea575262a4a69c707a7bfc331a0573ddcb09a250fbea812de	91	evidence
bc10-explanation-closed--case-bc10-explanation-closed/pragma.tsv	100644	d5cfb35c60b9696491d3f59ddbbd339cdbcd00b854590917b3a5b28dc7c7d185	555	evidence
bc10-explanation-closed--case-bc10-explanation-closed/raw-observations.tsv	100644	78b59d940929f04c8e57ecca74f937e4abfa6f87bf6ed8d533064258953a5678	702	evidence
bc10-explanation-closed--case-bc10-explanation-closed/raw-seal.tsv	100644	c58f2e2cd6cdd82703e5fdf1de70f34de39a4595d7782442776259daee7ac588	309	evidence
bc10-explanation-leak--case-bc10-explanation-leak/action-receipts.tsv	100644	b79d525071d990b7edc45b50d23efcf0989b2891e251404d0c44536df213d465	225	evidence
bc10-explanation-leak--case-bc10-explanation-leak/command-receipts.tsv	100644	6a644fbde45503c1d1c441543aedb6b7c22cd43e780027490af2ce5c25bed29a	1939	evidence
bc10-explanation-leak--case-bc10-explanation-leak/coverage.tsv	100644	9225a71cf070a0e853547eed33893da4168a872efab4df19e1e265d0ac368fab	889	evidence
bc10-explanation-leak--case-bc10-explanation-leak/exclusions.tsv	100644	e3b0c44298fc1c149afbf4c8996fb92427ae41e4649b934ca495991b7852b855	0	evidence
bc10-explanation-leak--case-bc10-explanation-leak/fault-markers.tsv	100644	e3b0c44298fc1c149afbf4c8996fb92427ae41e4649b934ca495991b7852b855	0	evidence
bc10-explanation-leak--case-bc10-explanation-leak/normalized-observations.tsv	100644	961f62a8bab5f9ccd5e9a24f9a0c5d0fad71aa4af5688e65cf0d2339c4a7c36e	674	evidence
bc10-explanation-leak--case-bc10-explanation-leak/oracle-result.tsv	100644	fac26329e3771af508fc624ce58f033411866e0aac0dc7b526595e0961aa3b3d	87	evidence
bc10-explanation-leak--case-bc10-explanation-leak/pragma.tsv	100644	1deddbf8ad3d6d4a51ffa6dc42643815d53565e0e1a5a50794208adb0fc3fa60	525	evidence
bc10-explanation-leak--case-bc10-explanation-leak/raw-observations.tsv	100644	3f4872c7880c857c1c6a44c3617b27b0e4f219571587a76a2f57cfb403a205e2	674	evidence
bc10-explanation-leak--case-bc10-explanation-leak/raw-seal.tsv	100644	dac7b9983662a20fe093c0d179f1b49918ba92e15f7ef9a3a4b7fe737758399f	301	evidence
bc10-replay-closed--case-bc10-replay-closed/action-receipts.tsv	100644	4e2b520a6fcd7daf87cd27f3d7986091087c3e87c3f1871850175b72fa35ad19	204	evidence
bc10-replay-closed--case-bc10-replay-closed/command-receipts.tsv	100644	6648c58f07cb1182e6edbfbdc5f08714a3d13f93df0171e62f05cd222f0f3f78	1885	evidence
bc10-replay-closed--case-bc10-replay-closed/coverage.tsv	100644	065fe4c70e7ab8f8f547913cb991d1db68334ec075e4c2c2e3418f2c88600726	1495	evidence
bc10-replay-closed--case-bc10-replay-closed/exclusions.tsv	100644	e3b0c44298fc1c149afbf4c8996fb92427ae41e4649b934ca495991b7852b855	0	evidence
bc10-replay-closed--case-bc10-replay-closed/fault-markers.tsv	100644	e3b0c44298fc1c149afbf4c8996fb92427ae41e4649b934ca495991b7852b855	0	evidence
bc10-replay-closed--case-bc10-replay-closed/normalized-observations.tsv	100644	bc849e59e5f669eaff627e3c4dd69319e760f8dabf4fc3d7dc7b422e15a216be	1169	evidence
bc10-replay-closed--case-bc10-replay-closed/oracle-result.tsv	100644	be2c015dfedb84d452a64f1c7f9a52919cb617d2b3f9b0baff6da2118c617083	81	evidence
bc10-replay-closed--case-bc10-replay-closed/pragma.tsv	100644	ea91e44c20d257f40ab64fcaea228a150fdd47a534342f18cebb5a3e85c7be1e	480	evidence
bc10-replay-closed--case-bc10-replay-closed/raw-observations.tsv	100644	85925ce3650193126670f0f8f1d5d4a76e70c72ebb5faab506b98ae3a99ad8b9	1169	evidence
bc10-replay-closed--case-bc10-replay-closed/raw-seal.tsv	100644	3ff6f6132ab82072fe8c32bf1ca4d25862a12e070f269569b94e12dd93734648	290	evidence
bc10-replay-leak--case-bc10-replay-leak/action-receipts.tsv	100644	2336664db301345f414be20c75bf15e438085a45d3f4a15fc8dee03410f829f0	194	evidence
bc10-replay-leak--case-bc10-replay-leak/command-receipts.tsv	100644	75edb88c35a5d541b1e025c5475c3faf76ee00992745c82d3c897d81d0aff621	1849	evidence
bc10-replay-leak--case-bc10-replay-leak/coverage.tsv	100644	69a0af7895204bdfa8b5c9e6b96472fe2e3e474c89b80d3e1a8ad23ba0e9e393	1391	evidence
bc10-replay-leak--case-bc10-replay-leak/exclusions.tsv	100644	e3b0c44298fc1c149afbf4c8996fb92427ae41e4649b934ca495991b7852b855	0	evidence
bc10-replay-leak--case-bc10-replay-leak/fault-markers.tsv	100644	e3b0c44298fc1c149afbf4c8996fb92427ae41e4649b934ca495991b7852b855	0	evidence
bc10-replay-leak--case-bc10-replay-leak/normalized-observations.tsv	100644	fea27f9c750f30a32edb4379951afa2ab9adfba7361c89d29f17b37eddf56ee4	1117	evidence
bc10-replay-leak--case-bc10-replay-leak/oracle-result.tsv	100644	61356d66fa45aac1cb26020e25cb04a9f68f44f04486d4bb36d24ae30f207a9d	77	evidence
bc10-replay-leak--case-bc10-replay-leak/pragma.tsv	100644	2b67234d37841245334c808f1723fa6297475698e49a5c764c05165e076a7499	450	evidence
bc10-replay-leak--case-bc10-replay-leak/raw-observations.tsv	100644	c2bd156541e101e85bdd51679be0e70cef5c98ebd24855740329d859dcdebcdb	1117	evidence
bc10-replay-leak--case-bc10-replay-leak/raw-seal.tsv	100644	8b5d3bc7c080628d742f442da718846e81e650db91646860c3de81a32f7b52a8	282	evidence
bc10-result-closed--case-bc10-result-closed/action-receipts.tsv	100644	286f4131b38bdba7fea393d21aa9143c439f073a612323d075beab31aaff88df	206	evidence
bc10-result-closed--case-bc10-result-closed/command-receipts.tsv	100644	ab59f26c2180854dc9896e7df77b3095639be0bbbb9f0c54bf41af950e1ac7a4	1886	evidence
bc10-result-closed--case-bc10-result-closed/coverage.tsv	100644	3f8145992937582b1fb1d8e7aaf80b24d5cca7370e40885e24976311b9f8cf57	1150	evidence
bc10-result-closed--case-bc10-result-closed/exclusions.tsv	100644	e3b0c44298fc1c149afbf4c8996fb92427ae41e4649b934ca495991b7852b855	0	evidence
bc10-result-closed--case-bc10-result-closed/fault-markers.tsv	100644	e3b0c44298fc1c149afbf4c8996fb92427ae41e4649b934ca495991b7852b855	0	evidence
bc10-result-closed--case-bc10-result-closed/normalized-observations.tsv	100644	017558db796971747a92a21117edfa01e912bda7d58dac21ed488381267b805b	893	evidence
bc10-result-closed--case-bc10-result-closed/oracle-result.tsv	100644	5ded448bf2ae2984a596e2a9c80c4ce7795712d7e4885e7a9c3a09717424802b	81	evidence
bc10-result-closed--case-bc10-result-closed/pragma.tsv	100644	e397cbed4872ab4b78f07310a2ea588d712a9c6981944764423a9c39360c620e	480	evidence
bc10-result-closed--case-bc10-result-closed/raw-observations.tsv	100644	f005129faf2b0353dc143632bb056a0d9c5367a48c5fea2fae116aeaa1a7a08c	893	evidence
bc10-result-closed--case-bc10-result-closed/raw-seal.tsv	100644	fe01fc72cdc09f4409f0edde4862d1a4cb72ff3d859677cf464e228446b0f157	289	evidence
bc10-result-leak--case-bc10-result-leak/action-receipts.tsv	100644	521fbf1aaf43126b740fe09d46ec3e476ba51ca256d5ede1921df4748c1f3d67	196	evidence
bc10-result-leak--case-bc10-result-leak/command-receipts.tsv	100644	4107d1fafde370b4c8b2a2742c96071fd1df27fac5a6eed95e133ddbf2163a6f	1850	evidence
bc10-result-leak--case-bc10-result-leak/coverage.tsv	100644	94fe7fae16dd63e818fa78c8ba62277f2c411987a58bfc8e4af6d5c7a6f5735d	1070	evidence
bc10-result-leak--case-bc10-result-leak/exclusions.tsv	100644	e3b0c44298fc1c149afbf4c8996fb92427ae41e4649b934ca495991b7852b855	0	evidence
bc10-result-leak--case-bc10-result-leak/fault-markers.tsv	100644	e3b0c44298fc1c149afbf4c8996fb92427ae41e4649b934ca495991b7852b855	0	evidence
bc10-result-leak--case-bc10-result-leak/normalized-observations.tsv	100644	7e793a29e5e36760b5629fee8d1b031c488a1673039b41642c2250ae1d2c4667	853	evidence
bc10-result-leak--case-bc10-result-leak/oracle-result.tsv	100644	d57ae18526cc6f2df4311cf7df273ab5fa478bf626a4a3f682f440b868c01dd9	77	evidence
bc10-result-leak--case-bc10-result-leak/pragma.tsv	100644	913a95e95feda1bcae4cef514c0e1660bdb85807589674b1bd8df69903330297	450	evidence
bc10-result-leak--case-bc10-result-leak/raw-observations.tsv	100644	9620cc32347fd14385051e71a444c73a36d8b95ccb7692a5f772ccfea6903015	853	evidence
bc10-result-leak--case-bc10-result-leak/raw-seal.tsv	100644	eb1fb816d958484af5558efaac854c914aa68d7f34bef9b1dae9613fdb4cc796	281	evidence
bc10-view-closed--case-bc10-view-closed/action-receipts.tsv	100644	98fafdb50367c5e4c41f511e1b8277c8d3bd144b1d49c54490c50be7be6f561e	195	evidence
bc10-view-closed--case-bc10-view-closed/command-receipts.tsv	100644	e59679dfde333750d75a9e3af66d38fc9b3312986562f5b6d86fcbad2e530024	1851	evidence
bc10-view-closed--case-bc10-view-closed/coverage.tsv	100644	a0ff05099a56fed47de520c3281133b5139d6f01da88b4b4d0a804bef142f188	749	evidence
bc10-view-closed--case-bc10-view-closed/exclusions.tsv	100644	e3b0c44298fc1c149afbf4c8996fb92427ae41e4649b934ca495991b7852b855	0	evidence
bc10-view-closed--case-bc10-view-closed/fault-markers.tsv	100644	e3b0c44298fc1c149afbf4c8996fb92427ae41e4649b934ca495991b7852b855	0	evidence
bc10-view-closed--case-bc10-view-closed/normalized-observations.tsv	100644	8a045c0a61946beade75f7c043686280bb9c6c5d27a3135ac3f1dfa1392502eb	572	evidence
bc10-view-closed--case-bc10-view-closed/oracle-result.tsv	100644	972a47a2d89318e3e47cc8e73875cd86e2c336cc0525074d15351c7231571f0b	77	evidence
bc10-view-closed--case-bc10-view-closed/pragma.tsv	100644	a26ba1f45ffcf45b14388c0fad0a7ed4901d0a71d3e27aeb0bf3e10eb49984a5	450	evidence
bc10-view-closed--case-bc10-view-closed/raw-observations.tsv	100644	35588f78d8421b9deada777eb2c63382ed45b8a14051a5ecaccddf9da20155ff	572	evidence
bc10-view-closed--case-bc10-view-closed/raw-seal.tsv	100644	099702f3d084f8c782786861a37c9d855e19687aff44388801629e9dac296c8b	281	evidence
bc10-view-leak--case-bc10-view-leak/action-receipts.tsv	100644	032b3a422024d2546617b438cdd217b25222c32441e5a2dfb181fd34595fa63a	185	evidence
bc10-view-leak--case-bc10-view-leak/command-receipts.tsv	100644	80d790af240dad0b115c8992f3b408b069ce2e91d2b1fdf7ecf583aaf07744e0	1815	evidence
bc10-view-leak--case-bc10-view-leak/coverage.tsv	100644	0437672d3d64c1184785f4e1b828320cf6ce96dd142db22dcbe0559dbb1e003a	693	evidence
bc10-view-leak--case-bc10-view-leak/exclusions.tsv	100644	e3b0c44298fc1c149afbf4c8996fb92427ae41e4649b934ca495991b7852b855	0	evidence
bc10-view-leak--case-bc10-view-leak/fault-markers.tsv	100644	e3b0c44298fc1c149afbf4c8996fb92427ae41e4649b934ca495991b7852b855	0	evidence
bc10-view-leak--case-bc10-view-leak/normalized-observations.tsv	100644	802087f298bed906dd3e713dc94d2d534a5115e6a96acc784be2719aa18263cc	544	evidence
bc10-view-leak--case-bc10-view-leak/oracle-result.tsv	100644	0e08bebaf19dd266d32e5dbf5ba3d2dcb2f1b26c56aff0f069f23b5240a8e525	73	evidence
bc10-view-leak--case-bc10-view-leak/pragma.tsv	100644	5bc741303174d706ee9e0afc66f2a48af296003fbd1aa24ad55b8cdbf3d845ed	420	evidence
bc10-view-leak--case-bc10-view-leak/raw-observations.tsv	100644	3876a5988728a675f3b0011d0a272a5c881e9da44745a8bda3e35224718a764d	544	evidence
bc10-view-leak--case-bc10-view-leak/raw-seal.tsv	100644	09f94dcfa50ff9eb80eb33188b296ed86db8d55058bc89aa7d7df7d6217cb15e	273	evidence
bc11-control-receipts.tsv	100644	c15e79ed87c139e612a35ce6e103f10072178a4c33d8cdbbaf8d824d7ee383ff	2471	evidence
bc11-explanation-closure--case-bc11-explanation-closure/action-receipts.tsv	100644	c0adb26af2886fceed66f0ca5d65ca334ea06bad77072c84b12ecf63fa916ae0	240	evidence
bc11-explanation-closure--case-bc11-explanation-closure/command-receipts.tsv	100644	5582078830faac5d53ab81ab5f1f68785dafd943a0b5e8f08034fdae9b405584	1993	evidence
bc11-explanation-closure--case-bc11-explanation-closure/coverage.tsv	100644	af21a884aeb455c79139427873c1b4a76a8273b33918923f7a1195b1fedd84ec	834	evidence
bc11-explanation-closure--case-bc11-explanation-closure/exclusions.tsv	100644	e3b0c44298fc1c149afbf4c8996fb92427ae41e4649b934ca495991b7852b855	0	evidence
bc11-explanation-closure--case-bc11-explanation-closure/fault-markers.tsv	100644	e3b0c44298fc1c149afbf4c8996fb92427ae41e4649b934ca495991b7852b855	0	evidence
bc11-explanation-closure--case-bc11-explanation-closure/normalized-observations.tsv	100644	9311dc5c62061d45e9d21afce87d92578c41d21719d6f0615839af67e7e2b517	620	evidence
bc11-explanation-closure--case-bc11-explanation-closure/oracle-result.tsv	100644	6779f6f251caca2e1b901da2f159c75bc8edc61575f67f196078df95fddb9417	93	evidence
bc11-explanation-closure--case-bc11-explanation-closure/pragma.tsv	100644	34b804b1020c7300cea42931b3ff35a73a177f8d4c2d8f2668a1af5a5df97853	570	evidence
bc11-explanation-closure--case-bc11-explanation-closure/raw-observations.tsv	100644	2e6aeadb9d1d32670ebbf8caff66d0052aa64e1826486d70fbb0c1b52a06dc39	620	evidence
bc11-explanation-closure--case-bc11-explanation-closure/raw-seal.tsv	100644	fa8f00e5845e803e699d7ec605ee82e266456ee5070d45ebac41b00d72f6c9b7	313	evidence
bc11-finding-cross-link--case-bc11-finding-cross-link/action-receipts.tsv	100644	c7eec3af084f67ecb746d26bede5de4607b69c96ccff696c87cacaeec3b012d9	237	evidence
bc11-finding-cross-link--case-bc11-finding-cross-link/command-receipts.tsv	100644	85621d3922af7e2cc9b780c0bc7e6e8debc147c5e409256004fee3b8812618fd	1979	evidence
bc11-finding-cross-link--case-bc11-finding-cross-link/coverage.tsv	100644	cbeb1ce06b99869d3141018ec28fa16767a8de4e2775b4a7e3bf387a8dc5c7af	810	evidence
bc11-finding-cross-link--case-bc11-finding-cross-link/exclusions.tsv	100644	e3b0c44298fc1c149afbf4c8996fb92427ae41e4649b934ca495991b7852b855	0	evidence
bc11-finding-cross-link--case-bc11-finding-cross-link/fault-markers.tsv	100644	e3b0c44298fc1c149afbf4c8996fb92427ae41e4649b934ca495991b7852b855	0	evidence
bc11-finding-cross-link--case-bc11-finding-cross-link/normalized-observations.tsv	100644	8988f682b43327ec9392d4343b008ec9b4857a4d932fa26021f8a195c0cd16c5	592	evidence
bc11-finding-cross-link--case-bc11-finding-cross-link/oracle-result.tsv	100644	fc023875a7f457d93ff267c81847f44a9f617521011d883433d7680650734108	91	evidence
bc11-finding-cross-link--case-bc11-finding-cross-link/pragma.tsv	100644	7f90bbedeacaa7ff733d32ef24aad3ba792224278f2bd8da523ba5a5ffeaa92c	555	evidence
bc11-finding-cross-link--case-bc11-finding-cross-link/raw-observations.tsv	100644	afe8adfb4a316f770aa98f82e9ecc35a6930be08f0e4cc85608412a11c486626	592	evidence
bc11-finding-cross-link--case-bc11-finding-cross-link/raw-seal.tsv	100644	09525654b20fd46156071282600208d154f82e322851153b4eee5602fe62f8e8	309	evidence
bc11-finding-dangling--case-bc11-finding-dangling/action-receipts.tsv	100644	53eb0a6c715b7b25150a1de79eb55d920cc1ab52247ab70076a618ce16779803	227	evidence
bc11-finding-dangling--case-bc11-finding-dangling/command-receipts.tsv	100644	fb2437b167926c220ed0619db66d064e17248cbb5339d42943ea6cce9924c30a	1943	evidence
bc11-finding-dangling--case-bc11-finding-dangling/coverage.tsv	100644	fc7794a00f169db8a81489aad9017478b20ce52100a4c634bc00c8aa8a397d5b	762	evidence
bc11-finding-dangling--case-bc11-finding-dangling/exclusions.tsv	100644	e3b0c44298fc1c149afbf4c8996fb92427ae41e4649b934ca495991b7852b855	0	evidence
bc11-finding-dangling--case-bc11-finding-dangling/fault-markers.tsv	100644	e3b0c44298fc1c149afbf4c8996fb92427ae41e4649b934ca495991b7852b855	0	evidence
bc11-finding-dangling--case-bc11-finding-dangling/normalized-observations.tsv	100644	c9c7090f90bd5a1f40c59e9bac16ae6b9c027ff92af1347661c53caf7ac49fbb	570	evidence
bc11-finding-dangling--case-bc11-finding-dangling/oracle-result.tsv	100644	7d77435b6580b67d808155e7102262fc1fe99f0a7749ebd9df313cf23cfff11c	87	evidence
bc11-finding-dangling--case-bc11-finding-dangling/pragma.tsv	100644	004cdf1c204b995384c1a7c7d72384f55dd0b1d011a8f28514e4bc58536198f0	525	evidence
bc11-finding-dangling--case-bc11-finding-dangling/raw-observations.tsv	100644	9cddb7bfb4d4696029e4413d92a6aa70f8b0e3ae9eb20a9a7412f78fbd3d24e8	570	evidence
bc11-finding-dangling--case-bc11-finding-dangling/raw-seal.tsv	100644	25d921363e46b693b5620f465be6602eaadcf12517954ff57c71f5334b61a314	301	evidence
bc11-latest-substitution--case-bc11-latest-substitution/action-receipts.tsv	100644	3a4c3000fd9418a58d672f7a3c6307bf66ff9f69a05a7d1aad0db3ea6128c492	234	evidence
bc11-latest-substitution--case-bc11-latest-substitution/command-receipts.tsv	100644	8f7ee7cbddcd15c3852f891ec039e5fce99193831daf44825707624761c14bc1	1993	evidence
bc11-latest-substitution--case-bc11-latest-substitution/coverage.tsv	100644	5015d9963193e57398352e0c788c708f7c69d2b41a1a1b4510ab2d746b919c45	1529	evidence
bc11-latest-substitution--case-bc11-latest-substitution/exclusions.tsv	100644	e3b0c44298fc1c149afbf4c8996fb92427ae41e4649b934ca495991b7852b855	0	evidence
bc11-latest-substitution--case-bc11-latest-substitution/fault-markers.tsv	100644	e3b0c44298fc1c149afbf4c8996fb92427ae41e4649b934ca495991b7852b855	0	evidence
bc11-latest-substitution--case-bc11-latest-substitution/normalized-observations.tsv	100644	3d271830dcab9ad2208785e50a94f3ca6b5709d11ddf9e7b7dba27192bea040d	1146	evidence
bc11-latest-substitution--case-bc11-latest-substitution/oracle-result.tsv	100644	bfcda59a4e81d24ad25046d52bb71516bc341b7daae53959cb9fb4aa547e7ea2	93	evidence
bc11-latest-substitution--case-bc11-latest-substitution/pragma.tsv	100644	c2e19c13a788e35c9ea9c7acd87ede03f56fe339e351cad313584cbcb8f81e7f	570	evidence
bc11-latest-substitution--case-bc11-latest-substitution/raw-observations.tsv	100644	c0980e1d9c024aa08f40cda556458644478d0488e7caaaf9f344b35ce6b76bef	1146	evidence
bc11-latest-substitution--case-bc11-latest-substitution/raw-seal.tsv	100644	49f940dffb2233324e1eaa8eacd162b5e7630e79a568bee96038f65b8e23165e	314	evidence
bc11-missing-as-empty--case-bc11-missing-as-empty/action-receipts.tsv	100644	050da85b5b043f566a5a4d25d5d4dce90f3b1b06a8f12d02149403f7ff64b37f	219	evidence
bc11-missing-as-empty--case-bc11-missing-as-empty/command-receipts.tsv	100644	a8499fee6245cf5f93bcbeff62909a151409610cee7b536e4df3edfbb5fa1eee	1939	evidence
bc11-missing-as-empty--case-bc11-missing-as-empty/coverage.tsv	100644	ee4a945cb4310d6a95a890cb2f1948ac64f7f0a74567e406601cdad60d82cc78	4445	evidence
bc11-missing-as-empty--case-bc11-missing-as-empty/exclusions.tsv	100644	e3b0c44298fc1c149afbf4c8996fb92427ae41e4649b934ca495991b7852b855	0	evidence
bc11-missing-as-empty--case-bc11-missing-as-empty/fault-markers.tsv	100644	e3b0c44298fc1c149afbf4c8996fb92427ae41e4649b934ca495991b7852b855	0	evidence
bc11-missing-as-empty--case-bc11-missing-as-empty/normalized-observations.tsv	100644	f179a330739fd3ef3c28911cafeb8e727e955fc5bea52f66f68b07fc8a835da2	3875	evidence
bc11-missing-as-empty--case-bc11-missing-as-empty/oracle-result.tsv	100644	5d65e9445566e25f362752ec755209daa91f0cdd30875ff8e2334f2353a139ee	87	evidence
bc11-missing-as-empty--case-bc11-missing-as-empty/pragma.tsv	100644	fb04783169a9d48708af6ff50cc7f1670ebee49ef71f43457371b0856c965148	525	evidence
bc11-missing-as-empty--case-bc11-missing-as-empty/raw-observations.tsv	100644	fc7ba4fe7fe3385d2992f49ffb6094f8451659a912a7ea0a3b8f768a64ac8ba9	3875	evidence
bc11-missing-as-empty--case-bc11-missing-as-empty/raw-seal.tsv	100644	3edb589c5e1f3f42f77837c2fda0a2e922b7ec4aa5cf54cd1896146d11b05906	302	evidence
bc11-replay-result--case-bc11-replay-result/action-receipts.tsv	100644	8c520ebd95469622cd045a6fb1052a52eb1b9466428988b0ac4fe5748396c7e7	204	evidence
bc11-replay-result--case-bc11-replay-result/command-receipts.tsv	100644	8b7a41c908202fbadade16f961f447ac127455ab26255fe4b7d3d81e80353996	1884	evidence
bc11-replay-result--case-bc11-replay-result/coverage.tsv	100644	c8081d3e4e05d1d0ca95af0546244730fa26b2ef786fa16523727ea2ca127015	1150	evidence
bc11-replay-result--case-bc11-replay-result/exclusions.tsv	100644	e3b0c44298fc1c149afbf4c8996fb92427ae41e4649b934ca495991b7852b855	0	evidence
bc11-replay-result--case-bc11-replay-result/fault-markers.tsv	100644	e3b0c44298fc1c149afbf4c8996fb92427ae41e4649b934ca495991b7852b855	0	evidence
bc11-replay-result--case-bc11-replay-result/normalized-observations.tsv	100644	7ff5768b94d72eb93294c05ed1cbeb3bb2ca3902072fc8a2e63a920a64074830	922	evidence
bc11-replay-result--case-bc11-replay-result/oracle-result.tsv	100644	9ceed78193a504df1fc4ca6950288471e94f03bd09848448b6a812a7005a68b7	81	evidence
bc11-replay-result--case-bc11-replay-result/pragma.tsv	100644	e0ed7c5a20a9ade065c654812faf6571abeb2dec8bc18ef065caa8c4a6d45b76	480	evidence
bc11-replay-result--case-bc11-replay-result/raw-observations.tsv	100644	ed0974f7b13960aa867813365ffd19202eebb2a024c460f9310adaf6e1d6646b	922	evidence
bc11-replay-result--case-bc11-replay-result/raw-seal.tsv	100644	ef76755f6783d340216d59e3f2270bcb8260bf0ffd423c51be6b55d0036f0446	289	evidence
bc11-silent-cross-link--case-bc11-silent-cross-link/action-receipts.tsv	100644	6ff5645371f9e5f5b274c9b049a68c778da80116968d15758f25334475a932c8	232	evidence
bc11-silent-cross-link--case-bc11-silent-cross-link/command-receipts.tsv	100644	1fe26b896ff7ebf20d00fbf5257ee5d1fe48a193c00c9fa9f515f11465d37740	1961	evidence
bc11-silent-cross-link--case-bc11-silent-cross-link/coverage.tsv	100644	e5c930ca7a78235040aca4a2ad4d6b7411a4afcf92cd998e40cb1f3c9d399e47	1179	evidence
bc11-silent-cross-link--case-bc11-silent-cross-link/exclusions.tsv	100644	e3b0c44298fc1c149afbf4c8996fb92427ae41e4649b934ca495991b7852b855	0	evidence
bc11-silent-cross-link--case-bc11-silent-cross-link/fault-markers.tsv	100644	e3b0c44298fc1c149afbf4c8996fb92427ae41e4649b934ca495991b7852b855	0	evidence
bc11-silent-cross-link--case-bc11-silent-cross-link/normalized-observations.tsv	100644	56e47f702916572333d4bdf93a7ba1343d25dbcb9d78028c46ad8c5e384ecc54	911	evidence
bc11-silent-cross-link--case-bc11-silent-cross-link/oracle-result.tsv	100644	8351e1d2d8f7afcd39d1afd7a6992e6364caea95ce6c7899006646405bb4aa8d	89	evidence
bc11-silent-cross-link--case-bc11-silent-cross-link/pragma.tsv	100644	ce3501d0dc61cc7bfbd4aa7c77cafafe57e5cd97b5e4e48feddb9a33108379c4	540	evidence
bc11-silent-cross-link--case-bc11-silent-cross-link/raw-observations.tsv	100644	97ee94f23e4a4e322d1161b2a5d57cf1ae88b0c9c4b84b3faf51336bd3ca2f64	911	evidence
bc11-silent-cross-link--case-bc11-silent-cross-link/raw-seal.tsv	100644	3078d18c8498a6336ac4c92467ea2025997ada5ceb2c5d3a919a350c058a5233	305	evidence
bc11-silent-dangling--case-bc11-silent-dangling/action-receipts.tsv	100644	3a0708aa6341a645428aae70ccc6f76de2965e99de6178faa4c678fe6dc17c4f	222	evidence
bc11-silent-dangling--case-bc11-silent-dangling/command-receipts.tsv	100644	072bdaed33052ee3bb8f99108add2dbaed218464cb4ff52afb98bfda479d5040	1925	evidence
bc11-silent-dangling--case-bc11-silent-dangling/coverage.tsv	100644	c133548248364c57f0442953ab1733b12b7b3a732f72b5395389849051cd7a7c	1107	evidence
bc11-silent-dangling--case-bc11-silent-dangling/exclusions.tsv	100644	e3b0c44298fc1c149afbf4c8996fb92427ae41e4649b934ca495991b7852b855	0	evidence
bc11-silent-dangling--case-bc11-silent-dangling/fault-markers.tsv	100644	e3b0c44298fc1c149afbf4c8996fb92427ae41e4649b934ca495991b7852b855	0	evidence
bc11-silent-dangling--case-bc11-silent-dangling/normalized-observations.tsv	100644	e7c922bb1d953d1b51273092bde2fbed4750f36dbd8e98351d1498fe5137d297	873	evidence
bc11-silent-dangling--case-bc11-silent-dangling/oracle-result.tsv	100644	56804eeb23a5cec4d7e2aa29db68e0661cd9cbf0e9a771d03a1f24462bbae206	85	evidence
bc11-silent-dangling--case-bc11-silent-dangling/pragma.tsv	100644	655b112c8cf881b5e54ba06b71f59cc5e48cfe753dedfb7045f4be47b845cc00	510	evidence
bc11-silent-dangling--case-bc11-silent-dangling/raw-observations.tsv	100644	fea54a15d04227b8fc14a58995b5fd2645c7e3357e1375391a0602c174fc4c52	873	evidence
bc11-silent-dangling--case-bc11-silent-dangling/raw-seal.tsv	100644	4eaf143d28d122f0946f5f0b65de31bb4b01d7a8fc5d613ea0248a20c3ac7bad	297	evidence
bc12-archive-bypass--case-bc12-archive-bypass/action-receipts.tsv	100644	603ba9b125195dd504d85e851ef3fb94e4bd5d0797691756c75b49d8d54b6dd5	226	evidence
bc12-archive-bypass--case-bc12-archive-bypass/command-receipts.tsv	100644	ed58c081ad46fa23661ffe17859be123e06762101d16d56d20687e37513e0f12	1907	evidence
bc12-archive-bypass--case-bc12-archive-bypass/coverage.tsv	100644	f47fbf6801933ac8a0601e3ca7d753c145f2a1c5ac849544fb7dab0943474819	595	evidence
bc12-archive-bypass--case-bc12-archive-bypass/exclusions.tsv	100644	e3b0c44298fc1c149afbf4c8996fb92427ae41e4649b934ca495991b7852b855	0	evidence
bc12-archive-bypass--case-bc12-archive-bypass/fault-markers.tsv	100644	e3b0c44298fc1c149afbf4c8996fb92427ae41e4649b934ca495991b7852b855	0	evidence
bc12-archive-bypass--case-bc12-archive-bypass/normalized-observations.tsv	100644	1d7bc2fd37df3702393c26a8d7d047b926b97eb7c2c0a58d07bf48d4306908f3	475	evidence
bc12-archive-bypass--case-bc12-archive-bypass/oracle-result.tsv	100644	d56a016893863abc60cfead13173b338d8ab1229ec7323808e2e068000ae22f2	83	evidence
bc12-archive-bypass--case-bc12-archive-bypass/pragma.tsv	100644	925f0905da01e89c23d8eeb01fb6129913089dd55cce6650b85342bf51bcd9d8	495	evidence
bc12-archive-bypass--case-bc12-archive-bypass/raw-observations.tsv	100644	7d293cf79b85e12b24a76dc2bea14a8489a2cd0f4a042ed8f37dd14c2ac74d78	475	evidence
bc12-archive-bypass--case-bc12-archive-bypass/raw-seal.tsv	100644	68273ad7db81077ffd4b0da5eb682eda345463de70933f2c124f09bdd4725673	293	evidence
bc12-canonical-unchanged--case-bc12-canonical-unchanged/action-receipts.tsv	100644	1ea6aec395210604193743e9b6fa0b4d70ccd440ce5e1e65ee2a3cf8daeafeac	251	evidence
bc12-canonical-unchanged--case-bc12-canonical-unchanged/command-receipts.tsv	100644	06cd690322bf7088e726b44537d36db44845a3935f05fd1bab48260ed1d208cd	1997	evidence
bc12-canonical-unchanged--case-bc12-canonical-unchanged/coverage.tsv	100644	3ed52877848294f436ddc7e014eaa73c3157c897a6e058c87ea7a3f572ec0587	695	evidence
bc12-canonical-unchanged--case-bc12-canonical-unchanged/exclusions.tsv	100644	e3b0c44298fc1c149afbf4c8996fb92427ae41e4649b934ca495991b7852b855	0	evidence
bc12-canonical-unchanged--case-bc12-canonical-unchanged/fault-markers.tsv	100644	e3b0c44298fc1c149afbf4c8996fb92427ae41e4649b934ca495991b7852b855	0	evidence
bc12-canonical-unchanged--case-bc12-canonical-unchanged/normalized-observations.tsv	100644	c95e9f06ffc55edf16448e56101cecf9de9c556fa70bbcab9140944360f3ae82	551	evidence
bc12-canonical-unchanged--case-bc12-canonical-unchanged/oracle-result.tsv	100644	4f962eb7f0fbaef19de10598aa44da060dc245fff2ebe43d88ee941666a6dc64	93	evidence
bc12-canonical-unchanged--case-bc12-canonical-unchanged/pragma.tsv	100644	19c079fa4940554e2383c249953e8aded0f03059b764d78fade3db134f86fbab	570	evidence
bc12-canonical-unchanged--case-bc12-canonical-unchanged/raw-observations.tsv	100644	2786fc872fa5e4c425e281ecc9cdb77e2a0c6d867d8df4ba51d5d8ee87353359	551	evidence
bc12-canonical-unchanged--case-bc12-canonical-unchanged/raw-seal.tsv	100644	5873e8990bea127f9c57c9395162051355937967a417530bd107da6653fc06d6	313	evidence
bc12-control-receipts.tsv	100644	50cbfeae15e451334c9154a090f377974526eff4333b24a5496530924f897473	3053	evidence
bc12-decision-provenance--case-bc12-decision-provenance/action-receipts.tsv	100644	df94e6300218a6b5febb185bf9d535efa8294c7d7e6f7fa461e1dc0369a02d5d	251	evidence
bc12-decision-provenance--case-bc12-decision-provenance/command-receipts.tsv	100644	71e97464fd55d1d2163ce6269c4589010149b7cc2973e13505664bfe98942f03	1998	evidence
bc12-decision-provenance--case-bc12-decision-provenance/coverage.tsv	100644	51de8e343eeb0aff5bdc975424dbdaef82abab7925bcd47482736225f328ea55	1390	evidence
bc12-decision-provenance--case-bc12-decision-provenance/exclusions.tsv	100644	e3b0c44298fc1c149afbf4c8996fb92427ae41e4649b934ca495991b7852b855	0	evidence
bc12-decision-provenance--case-bc12-decision-provenance/fault-markers.tsv	100644	e3b0c44298fc1c149afbf4c8996fb92427ae41e4649b934ca495991b7852b855	0	evidence
bc12-decision-provenance--case-bc12-decision-provenance/normalized-observations.tsv	100644	dcee4739541485dfb2afea427ca38fbe039c11300c7e7f93a0a0c7a13c54bb96	1044	evidence
bc12-decision-provenance--case-bc12-decision-provenance/oracle-result.tsv	100644	9064676d75b9d7f87733d0bd8948b67d6e4edb3273ed4cff992a1c6a7e4b0925	93	evidence
bc12-decision-provenance--case-bc12-decision-provenance/pragma.tsv	100644	c2a8d66834a4d884cca1af3c2f4b2b2395c35bb7d123e88405ee357266db2a40	570	evidence
bc12-decision-provenance--case-bc12-decision-provenance/raw-observations.tsv	100644	3cf86e5729437d6a0f8c999a957803f5ea8532b1baf7a1a367def1df00317735	1044	evidence
bc12-decision-provenance--case-bc12-decision-provenance/raw-seal.tsv	100644	09056a11c1887a992e6b34b0b7aba6c525c317f12e53168a6914b91c37b129e2	314	evidence
bc12-derived-protection--case-bc12-derived-protection/action-receipts.tsv	100644	20d964acab7ab2e231dbc04e4e01c5194d824a7ca5ae56f623e27e97b924adcf	246	evidence
bc12-derived-protection--case-bc12-derived-protection/command-receipts.tsv	100644	9982e0e47a383d3dd6323c9fa0a809c27818c4add73323fb2a4b6ac28fa9ef75	1979	evidence
bc12-derived-protection--case-bc12-derived-protection/coverage.tsv	100644	1de63f14cf04eee7083c3dd257f98daf4293748ef637893f01eaab80e5c935c0	1080	evidence
bc12-derived-protection--case-bc12-derived-protection/exclusions.tsv	100644	e3b0c44298fc1c149afbf4c8996fb92427ae41e4649b934ca495991b7852b855	0	evidence
bc12-derived-protection--case-bc12-derived-protection/fault-markers.tsv	100644	e3b0c44298fc1c149afbf4c8996fb92427ae41e4649b934ca495991b7852b855	0	evidence
bc12-derived-protection--case-bc12-derived-protection/normalized-observations.tsv	100644	5c1cb564755c88a73c69e2070294091df13819fd3e33a6ea626629e00b8bbd27	890	evidence
bc12-derived-protection--case-bc12-derived-protection/oracle-result.tsv	100644	20f5bcc87021f657240af29499bfd40aeefc98b8e47d6d885115aa8d27846dce	91	evidence
bc12-derived-protection--case-bc12-derived-protection/pragma.tsv	100644	4d1cee0d278481de07ea195320192073f55dec17e9c600795ce39e6b51a40b7a	555	evidence
bc12-derived-protection--case-bc12-derived-protection/raw-observations.tsv	100644	32e90ace7465d09c45ed9654f6d7d66857075b0e1fb92bf958742d4d65d20dde	890	evidence
bc12-derived-protection--case-bc12-derived-protection/raw-seal.tsv	100644	f94397aaf362bbfde7b5fbdb8d40dab5b23d0d9c387dde6fccf73563893b8ff5	309	evidence
bc12-eligibility-delete--case-bc12-eligibility-delete/action-receipts.tsv	100644	ee306864898f3d8448ddfd775d4f79bd2710bcd8114da97fceac8c27c426a03d	246	evidence
bc12-eligibility-delete--case-bc12-eligibility-delete/command-receipts.tsv	100644	094f5df938756947cb2a8b71fcf13de24b3abda9e4aefd53cf628e925b8b34ab	1979	evidence
bc12-eligibility-delete--case-bc12-eligibility-delete/coverage.tsv	100644	2fdd32caf3806827563a58a72077ac75efd02235f51843b6860717653a652b75	540	evidence
bc12-eligibility-delete--case-bc12-eligibility-delete/exclusions.tsv	100644	e3b0c44298fc1c149afbf4c8996fb92427ae41e4649b934ca495991b7852b855	0	evidence
bc12-eligibility-delete--case-bc12-eligibility-delete/fault-markers.tsv	100644	e3b0c44298fc1c149afbf4c8996fb92427ae41e4649b934ca495991b7852b855	0	evidence
bc12-eligibility-delete--case-bc12-eligibility-delete/normalized-observations.tsv	100644	841c68f249ad948610934fc4784b0afbde89358ffcb3b9cd3321a478d811540a	418	evidence
bc12-eligibility-delete--case-bc12-eligibility-delete/oracle-result.tsv	100644	9bce74ab81fd4cacbd06084abfa256d3efde3775117e29501b0c891e0382cfdd	91	evidence
bc12-eligibility-delete--case-bc12-eligibility-delete/pragma.tsv	100644	adbd68fcc88de131c351fe08ce081930984833d805fbc501f2d32a90e3e9ee42	555	evidence
bc12-eligibility-delete--case-bc12-eligibility-delete/raw-observations.tsv	100644	604fd24f327c367fd048e790b0e20246be7247aa156d5ef8e768416f44ddcf6b	418	evidence
bc12-eligibility-delete--case-bc12-eligibility-delete/raw-seal.tsv	100644	b2c9b2c59753f68161ef9b7a9d5545e67084a9400a962904855a26ddd8d8c780	309	evidence
bc12-forget-bypass--case-bc12-forget-bypass/action-receipts.tsv	100644	c3b5decb42b6805b94c5a1a1065b34a89588e079007285aa781547df55b445cf	221	evidence
bc12-forget-bypass--case-bc12-forget-bypass/command-receipts.tsv	100644	2d1b4607122a953b959524f50c02f26c8f2bfe9332a8a48d58c77dfc32a2f0cc	1889	evidence
bc12-forget-bypass--case-bc12-forget-bypass/coverage.tsv	100644	9901dc4bf26fad87c3c554fdb0ea82696de3d6b5916e5c6e623683b5dec32005	575	evidence
bc12-forget-bypass--case-bc12-forget-bypass/exclusions.tsv	100644	e3b0c44298fc1c149afbf4c8996fb92427ae41e4649b934ca495991b7852b855	0	evidence
bc12-forget-bypass--case-bc12-forget-bypass/fault-markers.tsv	100644	e3b0c44298fc1c149afbf4c8996fb92427ae41e4649b934ca495991b7852b855	0	evidence
bc12-forget-bypass--case-bc12-forget-bypass/normalized-observations.tsv	100644	2c546a60e4c16048b66c2f56711d0f63688545f1a48134e1f32745f91712cfec	453	evidence
bc12-forget-bypass--case-bc12-forget-bypass/oracle-result.tsv	100644	40a854b870d033668ea1e2386b911f0f8fcfce4eb93b65237bae46779b01cb3b	81	evidence
bc12-forget-bypass--case-bc12-forget-bypass/pragma.tsv	100644	f01d6cb0ea9a26457dd33452780c9e119e761988dcbf999222d617c02851e926	480	evidence
bc12-forget-bypass--case-bc12-forget-bypass/raw-observations.tsv	100644	dbd86771335b20b892256cc56c54833429fba9dfe9f31fc2cd4f753070f7de2e	453	evidence
bc12-forget-bypass--case-bc12-forget-bypass/raw-seal.tsv	100644	a777f84017cc2bf0111494ca5baf97862c95acd7c49c5c64915ee3f982d65b74	289	evidence
bc12-forget-consumed--case-bc12-forget-consumed/action-receipts.tsv	100644	f45c5414591f618f0d798cbed4ee9114702656378f3b2b252d01181eac9ba6b1	231	evidence
bc12-forget-consumed--case-bc12-forget-consumed/command-receipts.tsv	100644	a1809d4894f2fa1930c061f52eeec40dbc2f7924d8f00646c24ace79af1fe00f	1925	evidence
bc12-forget-consumed--case-bc12-forget-consumed/coverage.tsv	100644	0c13889077edd1b243485654f51812c7a371daf6343ea89fc6e3921964ba2052	615	evidence
bc12-forget-consumed--case-bc12-forget-consumed/exclusions.tsv	100644	e3b0c44298fc1c149afbf4c8996fb92427ae41e4649b934ca495991b7852b855	0	evidence
bc12-forget-consumed--case-bc12-forget-consumed/fault-markers.tsv	100644	e3b0c44298fc1c149afbf4c8996fb92427ae41e4649b934ca495991b7852b855	0	evidence
bc12-forget-consumed--case-bc12-forget-consumed/normalized-observations.tsv	100644	c4bc61f1036b40c5d532a0d8bb75fc95e675724eceaf872a6a00f672af221b60	483	evidence
bc12-forget-consumed--case-bc12-forget-consumed/oracle-result.tsv	100644	81c4420f22e82712a1e464bd9eafa0be1536b5b8518de3b0327faac36d6b49e3	85	evidence
bc12-forget-consumed--case-bc12-forget-consumed/pragma.tsv	100644	49b3fc6bfa7636c26a9dbf42a2f71764e478f1ff4db987c236d5516bd602266e	510	evidence
bc12-forget-consumed--case-bc12-forget-consumed/raw-observations.tsv	100644	a0e6ccccfde6780df93b224726366e36c5a48a3e2219be17e3ee2697b279e213	483	evidence
bc12-forget-consumed--case-bc12-forget-consumed/raw-seal.tsv	100644	97893f75cea8c8b3d560d7893097061fc862766714924c2067edf41473ea7cc6	297	evidence
bc12-noop-evaluator--case-bc12-noop-evaluator/action-receipts.tsv	100644	707643a8f5f15904be1310ff272256cdc26658f7ef80888e2ed35f5d501917f3	226	evidence
bc12-noop-evaluator--case-bc12-noop-evaluator/command-receipts.tsv	100644	0c25de241151d5f5d98540cdb5631ae845b7ef2f4e30d94c493c25225c1f9b1f	1907	evidence
bc12-noop-evaluator--case-bc12-noop-evaluator/coverage.tsv	100644	81571a5e1ef688e080c462ddd2260d56bc04b5640431dd20969a5c178e76db2b	714	evidence
bc12-noop-evaluator--case-bc12-noop-evaluator/exclusions.tsv	100644	e3b0c44298fc1c149afbf4c8996fb92427ae41e4649b934ca495991b7852b855	0	evidence
bc12-noop-evaluator--case-bc12-noop-evaluator/fault-markers.tsv	100644	e3b0c44298fc1c149afbf4c8996fb92427ae41e4649b934ca495991b7852b855	0	evidence
bc12-noop-evaluator--case-bc12-noop-evaluator/normalized-observations.tsv	100644	bd83158da74d37c7512d8a45e0401e042eb41094e41fb2297f2cf933a8dbfa11	550	evidence
bc12-noop-evaluator--case-bc12-noop-evaluator/oracle-result.tsv	100644	dad974d99352c6a2d1f93e7915af7d2121f917dfa046a7f62a5b3dbd9984ad2a	83	evidence
bc12-noop-evaluator--case-bc12-noop-evaluator/pragma.tsv	100644	09209125dc23b58a286269b77edae7c89f3241ff107e9d5d2635708b27a2d059	495	evidence
bc12-noop-evaluator--case-bc12-noop-evaluator/raw-observations.tsv	100644	d0f752f5e98dc85a6f7a4053f7bae3279ea2e1f9809990860a4ace0ccf4420dd	550	evidence
bc12-noop-evaluator--case-bc12-noop-evaluator/raw-seal.tsv	100644	d4f2646816b73cee1224faee3a575544b90bf2e24de52a024d0b82d5d22415f8	293	evidence
bc12-placement-decision--case-bc12-placement-decision/action-receipts.tsv	100644	74dbe5f4a42f0af87066165e06d161534b25562ef2ff31dae52cd99cc5a578dd	246	evidence
bc12-placement-decision--case-bc12-placement-decision/command-receipts.tsv	100644	9125fdc4f6ae4c45cbc39ab2393cd74459b47ed337e89f2ec9a6d33224ac4a54	1979	evidence
bc12-placement-decision--case-bc12-placement-decision/coverage.tsv	100644	678ae22324460f7abd1a310377fc683f27e939c4a361a74075db0451b30084f4	1080	evidence
bc12-placement-decision--case-bc12-placement-decision/exclusions.tsv	100644	e3b0c44298fc1c149afbf4c8996fb92427ae41e4649b934ca495991b7852b855	0	evidence
bc12-placement-decision--case-bc12-placement-decision/fault-markers.tsv	100644	e3b0c44298fc1c149afbf4c8996fb92427ae41e4649b934ca495991b7852b855	0	evidence
bc12-placement-decision--case-bc12-placement-decision/normalized-observations.tsv	100644	2a624cadd9c2599e32c302be22b934ccc20beaf7a62556f684404846a9ea6371	883	evidence
bc12-placement-decision--case-bc12-placement-decision/oracle-result.tsv	100644	661639b7ef1c8dd617208b6659dff945d0c9eef5732f38f270bd3c95e15bec92	91	evidence
bc12-placement-decision--case-bc12-placement-decision/pragma.tsv	100644	4fcbe19fa69fdf792736675d7a3e3e91092be7ffa509669e024907e5e0d8f2ee	555	evidence
bc12-placement-decision--case-bc12-placement-decision/raw-observations.tsv	100644	daa3dc4c13549346b5d8027a5462d340ddf66ffba2a2cb6ff6baffca0b7d7773	883	evidence
bc12-placement-decision--case-bc12-placement-decision/raw-seal.tsv	100644	827d32d4956b55e5e865aed22f5f038e7a974c1cbbd39bc54ced267246979f3b	309	evidence
bc12-protection-bypass--case-bc12-protection-bypass/action-receipts.tsv	100644	963583ef6f50f7cbfcf3b15d5c57653aec8a9bf22515876365130620675798b1	241	evidence
bc12-protection-bypass--case-bc12-protection-bypass/command-receipts.tsv	100644	c946b9c86129e586186dec82d815f9e925f93ac32698772f910425b9e4f6d15d	1962	evidence
bc12-protection-bypass--case-bc12-protection-bypass/coverage.tsv	100644	8e3e697485cf8df76383187aee432b55a43213887e0809c9f2544c4814bdf4ed	1703	evidence
bc12-protection-bypass--case-bc12-protection-bypass/exclusions.tsv	100644	e3b0c44298fc1c149afbf4c8996fb92427ae41e4649b934ca495991b7852b855	0	evidence
bc12-protection-bypass--case-bc12-protection-bypass/fault-markers.tsv	100644	e3b0c44298fc1c149afbf4c8996fb92427ae41e4649b934ca495991b7852b855	0	evidence
bc12-protection-bypass--case-bc12-protection-bypass/normalized-observations.tsv	100644	4b22fb32cdddf9ce073351a7f15ed77512451ae780f3d3471f21aa4a45b7b0a3	1356	evidence
bc12-protection-bypass--case-bc12-protection-bypass/oracle-result.tsv	100644	ed223608d2d81b59ee5000442911e77ab84422c0e3ecca42071c1275cd8584c3	89	evidence
bc12-protection-bypass--case-bc12-protection-bypass/pragma.tsv	100644	d05b285eaf5b728ab913f82ee296274946b6bd00ff6784b707b57497b6027c20	540	evidence
bc12-protection-bypass--case-bc12-protection-bypass/raw-observations.tsv	100644	ff95fa2780aa4f6e5526e3f1d84a00505a18b78d25d21ba84125129d3defe34b	1356	evidence
bc12-protection-bypass--case-bc12-protection-bypass/raw-seal.tsv	100644	850ce353434b01ed36f1359956fc8d3d3bd914ece77a64a788105855c0a844b7	306	evidence
bc12-window-bypass--case-bc12-window-bypass/action-receipts.tsv	100644	220b038f08d8596c74590a690d3c4b6efbfe2b51887e0857ac1e58db47417cb3	221	evidence
bc12-window-bypass--case-bc12-window-bypass/command-receipts.tsv	100644	c8ef8674a70845a5c8bc6ffcde6817d98d7d695197b9b575cfb79779d13c5293	1889	evidence
bc12-window-bypass--case-bc12-window-bypass/coverage.tsv	100644	c7369ddd2ad59a2b4628ef216a9a53859463660b78a6e5b0acf08ac56c397fe5	805	evidence
bc12-window-bypass--case-bc12-window-bypass/exclusions.tsv	100644	e3b0c44298fc1c149afbf4c8996fb92427ae41e4649b934ca495991b7852b855	0	evidence
bc12-window-bypass--case-bc12-window-bypass/fault-markers.tsv	100644	e3b0c44298fc1c149afbf4c8996fb92427ae41e4649b934ca495991b7852b855	0	evidence
bc12-window-bypass--case-bc12-window-bypass/normalized-observations.tsv	100644	b4c56a6274b6b30590ab4db75e03064d4a66db4abfea1bc53fc5bf9ac5a4fa76	658	evidence
bc12-window-bypass--case-bc12-window-bypass/oracle-result.tsv	100644	294a0f009a6e80c932e2b10c59e83bcaccdddf7490cc60adcebba783059e8b0e	81	evidence
bc12-window-bypass--case-bc12-window-bypass/pragma.tsv	100644	2c5d03897acfab51f788c82d1b0469840acd3fc9eb924002b1caa933caf898bb	480	evidence
bc12-window-bypass--case-bc12-window-bypass/raw-observations.tsv	100644	efdd46304a0b93c6c0ab3cfe41664c29c10ad44cc85398ddb6ded60d532c32c2	658	evidence
bc12-window-bypass--case-bc12-window-bypass/raw-seal.tsv	100644	eedb83cca9ce9b707d7c0b14935034a96e096a4c1207fbfa8892702663d08545	289	evidence
namespace-inventory.tsv	100644	ceace43346987a54324bb60a6d77ac4a8099525d95bb173099d96e5e7ac90e10	44	evidence
run-metadata.tsv	100644	defe2425f1500425608c5c48bdbc07d0ce695c6d7add1dc738d61041651b7305	7121	evidence
runtime-status.tsv	100644	1432a2d9a5cdb058c1a1cee8722e445849d84d0493c1d2c59b86e75db187255c	6231	evidence
