assertions.tsv	100644	4d22c8b0313f4b5fb1577045e68b34d01663f59c3fdff9c596bc080e878daf58	7264	evidence
bc01-association-idempotent--case-bc01-retry/action-receipts.tsv	100644	d9f93afb9677cc5df1357bd410938128651a99481896c96886c25f22e522f710	413	evidence
bc01-association-idempotent--case-bc01-retry/command-receipts.tsv	100644	5818acb6f8946f396692d646f3b24abaa9eaaaa88108c6b08e1668ce7f1f084e	2962	evidence
bc01-association-idempotent--case-bc01-retry/coverage.tsv	100644	56291a3a2d705d072696a5120a84afd95eeeab356b9e75ae005815c663c82e78	1053	evidence
bc01-association-idempotent--case-bc01-retry/exclusions.tsv	100644	e3b0c44298fc1c149afbf4c8996fb92427ae41e4649b934ca495991b7852b855	0	evidence
bc01-association-idempotent--case-bc01-retry/fault-markers.tsv	100644	e3b0c44298fc1c149afbf4c8996fb92427ae41e4649b934ca495991b7852b855	0	evidence
bc01-association-idempotent--case-bc01-retry/inventory-after.tsv	100644	614d11768c6144db5e07064c0dcdee8536ba1d9db86f85d8d01622e6e835bb60	912	evidence
bc01-association-idempotent--case-bc01-retry/inventory-before.tsv	100644	614d11768c6144db5e07064c0dcdee8536ba1d9db86f85d8d01622e6e835bb60	912	evidence
bc01-association-idempotent--case-bc01-retry/inventory-reopened.tsv	100644	614d11768c6144db5e07064c0dcdee8536ba1d9db86f85d8d01622e6e835bb60	912	evidence
bc01-association-idempotent--case-bc01-retry/normalized-observations.tsv	100644	529e4f4003bc48dd48ca1c05f1dc71b90d2247b6f028a06fa8f61ce1e449ea7b	568	evidence
bc01-association-idempotent--case-bc01-retry/oracle-result.tsv	100644	bb21c7914a6e551b1f47c969dccf82c870b7929d40739d990fc6be9d2daa6ca6	99	evidence
bc01-association-idempotent--case-bc01-retry/pragma.tsv	100644	6d79edc4d9631db2be94488474f6be0bc3e044a6bb4ced75cc648072aaf93ed6	885	evidence
bc01-association-idempotent--case-bc01-retry/raw-observations.tsv	100644	d6f322060fc532f8551e7dec60d666677c09314896ca2c1fa1d60d0cc1df5f23	849	evidence
bc01-association-idempotent--case-bc01-retry/raw-seal.tsv	100644	897b98e7d1949c20aaaf9be8cba7373a79f0454ce95120640c779b467b26f062	291	evidence
bc01-control-receipts.tsv	100644	f42edcd57c873e19fbc9b836901d6ea70210bca1d9d9659d0689e53da7e0077b	1778	evidence
bc01-distinct-occurrence--case-bc01-distinct/action-receipts.tsv	100644	94473a8df4616f244da071433d0199d20c3af02894a363e0d759e08ec5956ca6	419	evidence
bc01-distinct-occurrence--case-bc01-distinct/command-receipts.tsv	100644	ae5c361261480cd8a5123592b68974dddc7c04dd46f30c67bbd12fff38c54cca	2940	evidence
bc01-distinct-occurrence--case-bc01-distinct/coverage.tsv	100644	baa6ac569c03022350dbf582a4c3140189e5d0cb4f641131073746b8975e4458	1989	evidence
bc01-distinct-occurrence--case-bc01-distinct/exclusions.tsv	100644	e3b0c44298fc1c149afbf4c8996fb92427ae41e4649b934ca495991b7852b855	0	evidence
bc01-distinct-occurrence--case-bc01-distinct/fault-markers.tsv	100644	e3b0c44298fc1c149afbf4c8996fb92427ae41e4649b934ca495991b7852b855	0	evidence
bc01-distinct-occurrence--case-bc01-distinct/inventory-after.tsv	100644	f32ba964a07708e16e024ba57d88abca4a02966bd9b03a97efa70851a2ae2e09	1470	evidence
bc01-distinct-occurrence--case-bc01-distinct/inventory-before.tsv	100644	24bbca3739bde95ee9aedef7995f32413f08ddbf3c2a4861a00f45a8da246d80	912	evidence
bc01-distinct-occurrence--case-bc01-distinct/inventory-reopened.tsv	100644	f32ba964a07708e16e024ba57d88abca4a02966bd9b03a97efa70851a2ae2e09	1470	evidence
bc01-distinct-occurrence--case-bc01-distinct/normalized-observations.tsv	100644	cabeca6df8695b154b71407ec888a89025eea1a6b2a3b56c436006f53fbf4e17	760	evidence
bc01-distinct-occurrence--case-bc01-distinct/oracle-result.tsv	100644	97721b57f875176d3855e67f0a46b657b48320f329dbebf4ef1c6cec705d1e2d	93	evidence
bc01-distinct-occurrence--case-bc01-distinct/pragma.tsv	100644	05a4bc08b965e866fc221fe1466eaf32114bc9c10dea8c57f05079d70a7fc6a5	861	evidence
bc01-distinct-occurrence--case-bc01-distinct/raw-observations.tsv	100644	3b56297785c44a7e88e2ef48b75667d6af1ae80d812ccdc00b88d791da6fa35f	1534	evidence
bc01-distinct-occurrence--case-bc01-distinct/raw-seal.tsv	100644	07cac7eab14d183434a25679fc810160c86994adc0da27bee37596f6c4fe8469	292	evidence
bc01-occurrence-collapse--case-bc01-distinct/action-receipts.tsv	100644	1ab974d288798d621738ff3b44a92e39a134f2c1784f171081f3964aad4c289c	419	evidence
bc01-occurrence-collapse--case-bc01-distinct/command-receipts.tsv	100644	2be2a0cea6323b439ec16095634d599162d6c9a9881c829e1650124983a5b364	2940	evidence
bc01-occurrence-collapse--case-bc01-distinct/coverage.tsv	100644	c2e1a06d4d9a41dcc150b00b952449719d2007da239efc50d5acb87629d4efbc	1989	evidence
bc01-occurrence-collapse--case-bc01-distinct/exclusions.tsv	100644	e3b0c44298fc1c149afbf4c8996fb92427ae41e4649b934ca495991b7852b855	0	evidence
bc01-occurrence-collapse--case-bc01-distinct/fault-markers.tsv	100644	e3b0c44298fc1c149afbf4c8996fb92427ae41e4649b934ca495991b7852b855	0	evidence
bc01-occurrence-collapse--case-bc01-distinct/inventory-after.tsv	100644	0cc7da0d4554d8703a529e45bf21f7ccfebcd4a08c18c24f58d95edc1b3b1b34	1470	evidence
bc01-occurrence-collapse--case-bc01-distinct/inventory-before.tsv	100644	5ed9e83c848ed19795093d3f053180b9cd5f859024a828cfb90c49d18ca3ec9b	912	evidence
bc01-occurrence-collapse--case-bc01-distinct/inventory-reopened.tsv	100644	0cc7da0d4554d8703a529e45bf21f7ccfebcd4a08c18c24f58d95edc1b3b1b34	1470	evidence
bc01-occurrence-collapse--case-bc01-distinct/normalized-observations.tsv	100644	d6c09ae99534969b025c0adf8d536fa100c968ffe93e482cd0683a6b2853309c	760	evidence
bc01-occurrence-collapse--case-bc01-distinct/oracle-result.tsv	100644	ce98805c99e20efa808bff3999f61c0133f541b27ee31506e6a41a2a2ba26d1a	93	evidence
bc01-occurrence-collapse--case-bc01-distinct/pragma.tsv	100644	bf26e0e2dcd23a045c71381d97ebc585380fbc4ae0faaa55d83f090dfe58109a	861	evidence
bc01-occurrence-collapse--case-bc01-distinct/raw-observations.tsv	100644	2d123ba36f9ddd3744dcd37f7be189469ff4bff1d8d9a87525a01567772b0d9c	1534	evidence
bc01-occurrence-collapse--case-bc01-distinct/raw-seal.tsv	100644	91d6fb3877d01722d697fbb75caecfe74afec12ecce4bb670f8bb105af2b5985	292	evidence
bc01-payload-collision--case-bc01-payload-collision/action-receipts.tsv	100644	70dedcd19b60895de872996ef1b6407f42fcc01c4ddf4b7d197668a8ac67c194	483	evidence
bc01-payload-collision--case-bc01-payload-collision/command-receipts.tsv	100644	d4e39fd25298c08685bae03db5a979ff9a359ace104ef66a87ae7e859afe2e43	2983	evidence
bc01-payload-collision--case-bc01-payload-collision/coverage.tsv	100644	ea53ee0db94747e33526d4d03ee4613ff8bc88541e54ab6795a45de0fbd49bff	1572	evidence
bc01-payload-collision--case-bc01-payload-collision/exclusions.tsv	100644	e3b0c44298fc1c149afbf4c8996fb92427ae41e4649b934ca495991b7852b855	0	evidence
bc01-payload-collision--case-bc01-payload-collision/fault-markers.tsv	100644	e3b0c44298fc1c149afbf4c8996fb92427ae41e4649b934ca495991b7852b855	0	evidence
bc01-payload-collision--case-bc01-payload-collision/inventory-after.tsv	100644	b345a42c6ef9bf05f382ea04ddd48a3a6098ddaa665522761ebff6ea53dd6d9d	982	evidence
bc01-payload-collision--case-bc01-payload-collision/inventory-before.tsv	100644	b345a42c6ef9bf05f382ea04ddd48a3a6098ddaa665522761ebff6ea53dd6d9d	982	evidence
bc01-payload-collision--case-bc01-payload-collision/inventory-reopened.tsv	100644	b345a42c6ef9bf05f382ea04ddd48a3a6098ddaa665522761ebff6ea53dd6d9d	982	evidence
bc01-payload-collision--case-bc01-payload-collision/normalized-observations.tsv	100644	8adaad5c9ff69ef2248aad91fa492fbd2fdc0b815ccd547933b736703f0a45eb	910	evidence
bc01-payload-collision--case-bc01-payload-collision/oracle-result.tsv	100644	e7a65a02eb7c05b3a189b434fa838338a16d49ef0c7074f1aea309496e868659	89	evidence
bc01-payload-collision--case-bc01-payload-collision/pragma.tsv	100644	7a10ce310eb561bfcc1740fce901a1581136b9a1ca31ef435725d4a6bad983f3	901	evidence
bc01-payload-collision--case-bc01-payload-collision/raw-observations.tsv	100644	0caf386c2d238cdd83715f06bfa42720f9cdea7de139db3d8472c6d6ba5fccdf	1237	evidence
bc01-payload-collision--case-bc01-payload-collision/raw-seal.tsv	100644	3b146dfe504db8a3f6b110c11d16a10846baf5bf238abd9a0e4709da5127f210	306	evidence
bc01-retry-duplication--case-bc01-retry/action-receipts.tsv	100644	24af39c01b8eb066bbc0e688ef8e86cfee0f0ffe6b0b7481b6a228539a3ec997	393	evidence
bc01-retry-duplication--case-bc01-retry/command-receipts.tsv	100644	51b9d971ebe8bc8f70a1c0cfd69e282f06b3721d74a985a4e44317fa73f88538	2872	evidence
bc01-retry-duplication--case-bc01-retry/coverage.tsv	100644	896fd745184513a0a77bdafe2a8fc69ab510bef6389f3cfec79a3ccaa12751ff	963	evidence
bc01-retry-duplication--case-bc01-retry/exclusions.tsv	100644	e3b0c44298fc1c149afbf4c8996fb92427ae41e4649b934ca495991b7852b855	0	evidence
bc01-retry-duplication--case-bc01-retry/fault-markers.tsv	100644	e3b0c44298fc1c149afbf4c8996fb92427ae41e4649b934ca495991b7852b855	0	evidence
bc01-retry-duplication--case-bc01-retry/inventory-after.tsv	100644	aa30a6c01c947d750ca4a065d785f5b7a3d89d8a6015e4357640207a8b132f20	862	evidence
bc01-retry-duplication--case-bc01-retry/inventory-before.tsv	100644	aa30a6c01c947d750ca4a065d785f5b7a3d89d8a6015e4357640207a8b132f20	862	evidence
bc01-retry-duplication--case-bc01-retry/inventory-reopened.tsv	100644	aa30a6c01c947d750ca4a065d785f5b7a3d89d8a6015e4357640207a8b132f20	862	evidence
bc01-retry-duplication--case-bc01-retry/normalized-observations.tsv	100644	9573e62bac220b9abee03d68fe9fccca0d29a976105384c04478630d6a03f085	538	evidence
bc01-retry-duplication--case-bc01-retry/oracle-result.tsv	100644	8635c29c5601f1deae3d553449673708f54710fa65ce3b1e49e7b326b25a8679	89	evidence
bc01-retry-duplication--case-bc01-retry/pragma.tsv	100644	2a134e30749419296cfd744cbe0e895a8e5c9a8935d4f79e83981815e0bc44d9	805	evidence
bc01-retry-duplication--case-bc01-retry/raw-observations.tsv	100644	900448d23a6aab5d5bb7bf46910b97772f8a4d302eddde1930692d0227c020ff	804	evidence
bc01-retry-duplication--case-bc01-retry/raw-seal.tsv	100644	81d0da99f3a3d83148af733c1e546a6b19971007a315085a4ca5581da7e649c9	281	evidence
bc02-complete-available--case-bc02-complete/action-receipts.tsv	100644	1c0ee8dbd7f7499c9192f2c5a48561061cf974db4874ff4798f647af19c5ae5d	203	evidence
bc02-complete-available--case-bc02-complete/command-receipts.tsv	100644	efd9313b907203c8bfbcc8d0f48919293a313f82c2d3d78b6386b5fb934f9b7d	2898	evidence
bc02-complete-available--case-bc02-complete/correction-receipts.tsv	100644	e3b0c44298fc1c149afbf4c8996fb92427ae41e4649b934ca495991b7852b855	0	evidence
bc02-complete-available--case-bc02-complete/correction-write-guard-receipts.tsv	100644	e3b0c44298fc1c149afbf4c8996fb92427ae41e4649b934ca495991b7852b855	0	evidence
bc02-complete-available--case-bc02-complete/coverage.tsv	100644	10ab615c9ee47e8f8b4f099afea82d3f93c92837226305e03e01d4bda8de643e	1124	evidence
bc02-complete-available--case-bc02-complete/data-version-receipts.tsv	100644	e3b0c44298fc1c149afbf4c8996fb92427ae41e4649b934ca495991b7852b855	0	evidence
bc02-complete-available--case-bc02-complete/evidence-binding-receipts.tsv	100644	e3b0c44298fc1c149afbf4c8996fb92427ae41e4649b934ca495991b7852b855	0	evidence
bc02-complete-available--case-bc02-complete/exclusions.tsv	100644	e3b0c44298fc1c149afbf4c8996fb92427ae41e4649b934ca495991b7852b855	0	evidence
bc02-complete-available--case-bc02-complete/fault-activation-receipts.tsv	100644	e3b0c44298fc1c149afbf4c8996fb92427ae41e4649b934ca495991b7852b855	0	evidence
bc02-complete-available--case-bc02-complete/fault-configuration-receipts.tsv	100644	e3b0c44298fc1c149afbf4c8996fb92427ae41e4649b934ca495991b7852b855	0	evidence
bc02-complete-available--case-bc02-complete/fault-markers.tsv	100644	e3b0c44298fc1c149afbf4c8996fb92427ae41e4649b934ca495991b7852b855	0	evidence
bc02-complete-available--case-bc02-complete/fault-trigger-receipts.tsv	100644	e3b0c44298fc1c149afbf4c8996fb92427ae41e4649b934ca495991b7852b855	0	evidence
bc02-complete-available--case-bc02-complete/gate-results.tsv	100644	e3b0c44298fc1c149afbf4c8996fb92427ae41e4649b934ca495991b7852b855	0	evidence
bc02-complete-available--case-bc02-complete/inventory-correction-after.tsv	100644	e3b0c44298fc1c149afbf4c8996fb92427ae41e4649b934ca495991b7852b855	0	evidence
bc02-complete-available--case-bc02-complete/inventory-retry-after.tsv	100644	e3b0c44298fc1c149afbf4c8996fb92427ae41e4649b934ca495991b7852b855	0	evidence
bc02-complete-available--case-bc02-complete/inventory-rollback-after.tsv	100644	e3b0c44298fc1c149afbf4c8996fb92427ae41e4649b934ca495991b7852b855	0	evidence
bc02-complete-available--case-bc02-complete/inventory-setup-before.tsv	100644	ca123abb63b65e7ee913beb58d88795e8cbceaf12034434363aade7b800a698a	1560	evidence
bc02-complete-available--case-bc02-complete/inventory-success-after.tsv	100644	ddca57a69e374a7864b369e7ce47b91bd6de6e079f0acf956bb021668df15d90	2193	evidence
bc02-complete-available--case-bc02-complete/normalized-observations.tsv	100644	3b2d2adecf065ff3e9dfabdf4732e92f23dad02e3e0a59a9ff0b151c1f59977a	790	evidence
bc02-complete-available--case-bc02-complete/observer-custody-receipts.tsv	100644	e3b0c44298fc1c149afbf4c8996fb92427ae41e4649b934ca495991b7852b855	0	evidence
bc02-complete-available--case-bc02-complete/oracle-result.tsv	100644	a75c6f3ae95c64f8e7214025d81f64876cd217ca05be95a9e752cfbecd510127	303	evidence
bc02-complete-available--case-bc02-complete/pragma.tsv	100644	9aba9e2cf0e5d3cc9b662acca35475325a4cf876b7c2a82ff333ae777a95c182	832	evidence
bc02-complete-available--case-bc02-complete/raw-observations.tsv	100644	9d2f378c76a10f988298f2f847c51f2804ce9617e73b681a118b0e2b432682ba	1052	evidence
bc02-complete-available--case-bc02-complete/raw-seal.tsv	100644	6a4828544e275505dc19235384bd9107e66789493274b6bb184e741f5b22450a	290	evidence
bc02-complete-available--case-bc02-complete/resolution-receipts.tsv	100644	6d82cbb6ae468435e29f208b2ad9d887a610bd4dacb160d6d784fd7d7f64bafc	301	evidence
bc02-healthy-retry--case-bc02-incomplete-corrected/action-receipts.tsv	100644	0e21858323568fe27e235c3f014da1da6707340622ba461002ddfca846a55a63	508	evidence
bc02-healthy-retry--case-bc02-incomplete-corrected/command-receipts.tsv	100644	dc787d5817e9c9fd56b6990ce635e0c84d8e96d52479935e497065c42d66632c	4555	evidence
bc02-healthy-retry--case-bc02-incomplete-corrected/correction-receipts.tsv	100644	b9aa38a3455eeacda354b33f39b0303367f0d118fce4acb145ddd140a1aed4d2	213	evidence
bc02-healthy-retry--case-bc02-incomplete-corrected/correction-write-guard-receipts.tsv	100644	c45cd5b527d4b4553586df36a1227be628565bc344cf0a9b9507f2829dd90d64	300	evidence
bc02-healthy-retry--case-bc02-incomplete-corrected/coverage.tsv	100644	7fd97e0fec29c0c802cf015c63b0b34ad19e9315ff5302b4dd161206f36ab255	3158	evidence
bc02-healthy-retry--case-bc02-incomplete-corrected/data-version-receipts.tsv	100644	e3b0c44298fc1c149afbf4c8996fb92427ae41e4649b934ca495991b7852b855	0	evidence
bc02-healthy-retry--case-bc02-incomplete-corrected/evidence-binding-receipts.tsv	100644	e3b0c44298fc1c149afbf4c8996fb92427ae41e4649b934ca495991b7852b855	0	evidence
bc02-healthy-retry--case-bc02-incomplete-corrected/exclusions.tsv	100644	e3b0c44298fc1c149afbf4c8996fb92427ae41e4649b934ca495991b7852b855	0	evidence
bc02-healthy-retry--case-bc02-incomplete-corrected/fault-activation-receipts.tsv	100644	e3b0c44298fc1c149afbf4c8996fb92427ae41e4649b934ca495991b7852b855	0	evidence
bc02-healthy-retry--case-bc02-incomplete-corrected/fault-configuration-receipts.tsv	100644	e3b0c44298fc1c149afbf4c8996fb92427ae41e4649b934ca495991b7852b855	0	evidence
bc02-healthy-retry--case-bc02-incomplete-corrected/fault-markers.tsv	100644	e3b0c44298fc1c149afbf4c8996fb92427ae41e4649b934ca495991b7852b855	0	evidence
bc02-healthy-retry--case-bc02-incomplete-corrected/fault-trigger-receipts.tsv	100644	e3b0c44298fc1c149afbf4c8996fb92427ae41e4649b934ca495991b7852b855	0	evidence
bc02-healthy-retry--case-bc02-incomplete-corrected/gate-results.tsv	100644	e3b0c44298fc1c149afbf4c8996fb92427ae41e4649b934ca495991b7852b855	0	evidence
bc02-healthy-retry--case-bc02-incomplete-corrected/inventory-correction-after.tsv	100644	21d1990964e360f275bc63242622b5d31603f2d384a8573ee35c2b11a697517e	1679	evidence
bc02-healthy-retry--case-bc02-incomplete-corrected/inventory-retry-after.tsv	100644	93f9713b42b4a228e6164daa035189d059f47a1e7bf433173936927736bbb3e9	2361	evidence
bc02-healthy-retry--case-bc02-incomplete-corrected/inventory-rollback-after.tsv	100644	a32ef7172421315b9d541ea1b3ec0017a19ef50fa0006c249a1191a6fa59d629	1497	evidence
bc02-healthy-retry--case-bc02-incomplete-corrected/inventory-setup-before.tsv	100644	a32ef7172421315b9d541ea1b3ec0017a19ef50fa0006c249a1191a6fa59d629	1497	evidence
bc02-healthy-retry--case-bc02-incomplete-corrected/inventory-success-after.tsv	100644	e3b0c44298fc1c149afbf4c8996fb92427ae41e4649b934ca495991b7852b855	0	evidence
bc02-healthy-retry--case-bc02-incomplete-corrected/normalized-observations.tsv	100644	cadf669a2b5c0e4745ae1faf27ba1a2a1749076906a53871e330c0f03d67a2da	1651	evidence
bc02-healthy-retry--case-bc02-incomplete-corrected/observer-custody-receipts.tsv	100644	e3b0c44298fc1c149afbf4c8996fb92427ae41e4649b934ca495991b7852b855	0	evidence
bc02-healthy-retry--case-bc02-incomplete-corrected/oracle-result.tsv	100644	d5e8c451fd6f48e45e08cde4b454d3d4078fbce9c5c03e7d8f903d12614b2a6a	305	evidence
bc02-healthy-retry--case-bc02-incomplete-corrected/pragma.tsv	100644	a416757bd780823949173c0fea687030ad1fdc8eab15ad53d9f6a7ded8843b02	1393	evidence
bc02-healthy-retry--case-bc02-incomplete-corrected/raw-observations.tsv	100644	617d35974e66813616bb7926351dbeb523170995ba65829438c273182cecb1d9	3350	evidence
bc02-healthy-retry--case-bc02-incomplete-corrected/raw-seal.tsv	100644	57a23b4f7b1c605a54f67fa60166dd0fe8430d2ef5def08f4bcfe8e14f154743	304	evidence
bc02-healthy-retry--case-bc02-incomplete-corrected/resolution-receipts.tsv	100644	6bf960296a9c7bba6f59b717b8382bbba607c60cbaf5b55e65eb47add190f946	501	evidence
bc02-incomplete-as-complete--case-bc02-incomplete-missing/action-receipts.tsv	100644	1795dde624ade8e36442e8cc1f71c2640098877501b16b2d7fef2e82e2566a8c	306	evidence
bc02-incomplete-as-complete--case-bc02-incomplete-missing/command-receipts.tsv	100644	8b5e955c757355701bb925da3b2790bdd8b7cb5d283006d5b4a7a7a8200502a5	3065	evidence
bc02-incomplete-as-complete--case-bc02-incomplete-missing/correction-receipts.tsv	100644	e3b0c44298fc1c149afbf4c8996fb92427ae41e4649b934ca495991b7852b855	0	evidence
bc02-incomplete-as-complete--case-bc02-incomplete-missing/correction-write-guard-receipts.tsv	100644	e3b0c44298fc1c149afbf4c8996fb92427ae41e4649b934ca495991b7852b855	0	evidence
bc02-incomplete-as-complete--case-bc02-incomplete-missing/coverage.tsv	100644	8622464c9478f28d0a2d0982ea038c5169ace51ce637411a536734f2c1469256	2010	evidence
bc02-incomplete-as-complete--case-bc02-incomplete-missing/data-version-receipts.tsv	100644	e3b0c44298fc1c149afbf4c8996fb92427ae41e4649b934ca495991b7852b855	0	evidence
bc02-incomplete-as-complete--case-bc02-incomplete-missing/evidence-binding-receipts.tsv	100644	e3b0c44298fc1c149afbf4c8996fb92427ae41e4649b934ca495991b7852b855	0	evidence
bc02-incomplete-as-complete--case-bc02-incomplete-missing/exclusions.tsv	100644	e3b0c44298fc1c149afbf4c8996fb92427ae41e4649b934ca495991b7852b855	0	evidence
bc02-incomplete-as-complete--case-bc02-incomplete-missing/fault-activation-receipts.tsv	100644	e3b0c44298fc1c149afbf4c8996fb92427ae41e4649b934ca495991b7852b855	0	evidence
bc02-incomplete-as-complete--case-bc02-incomplete-missing/fault-configuration-receipts.tsv	100644	e3b0c44298fc1c149afbf4c8996fb92427ae41e4649b934ca495991b7852b855	0	evidence
bc02-incomplete-as-complete--case-bc02-incomplete-missing/fault-markers.tsv	100644	e3b0c44298fc1c149afbf4c8996fb92427ae41e4649b934ca495991b7852b855	0	evidence
bc02-incomplete-as-complete--case-bc02-incomplete-missing/fault-trigger-receipts.tsv	100644	e3b0c44298fc1c149afbf4c8996fb92427ae41e4649b934ca495991b7852b855	0	evidence
bc02-incomplete-as-complete--case-bc02-incomplete-missing/gate-results.tsv	100644	e3b0c44298fc1c149afbf4c8996fb92427ae41e4649b934ca495991b7852b855	0	evidence
bc02-incomplete-as-complete--case-bc02-incomplete-missing/inventory-correction-after.tsv	100644	e3b0c44298fc1c149afbf4c8996fb92427ae41e4649b934ca495991b7852b855	0	evidence
bc02-incomplete-as-complete--case-bc02-incomplete-missing/inventory-retry-after.tsv	100644	e3b0c44298fc1c149afbf4c8996fb92427ae41e4649b934ca495991b7852b855	0	evidence
bc02-incomplete-as-complete--case-bc02-incomplete-missing/inventory-rollback-after.tsv	100644	0d503af144a717cb83e17dec34aa0162512716b2781b9d8bd97b1527248283da	1602	evidence
bc02-incomplete-as-complete--case-bc02-incomplete-missing/inventory-setup-before.tsv	100644	0d503af144a717cb83e17dec34aa0162512716b2781b9d8bd97b1527248283da	1602	evidence
bc02-incomplete-as-complete--case-bc02-incomplete-missing/inventory-success-after.tsv	100644	e3b0c44298fc1c149afbf4c8996fb92427ae41e4649b934ca495991b7852b855	0	evidence
bc02-incomplete-as-complete--case-bc02-incomplete-missing/normalized-observations.tsv	100644	4e2c60895f2d21b05017216730fbd53253ca17249b4b6158560b358a927337ef	1278	evidence
bc02-incomplete-as-complete--case-bc02-incomplete-missing/observer-custody-receipts.tsv	100644	e3b0c44298fc1c149afbf4c8996fb92427ae41e4649b934ca495991b7852b855	0	evidence
bc02-incomplete-as-complete--case-bc02-incomplete-missing/oracle-result.tsv	100644	1fa588beef62aebabf2cc14810f6878833ff206fb4d59fa1591a571b9621edff	321	evidence
bc02-incomplete-as-complete--case-bc02-incomplete-missing/pragma.tsv	100644	8c847e433a8df09771e26f3fd25075f2b90e8e7be12bedf96c95654b38954dd3	981	evidence
bc02-incomplete-as-complete--case-bc02-incomplete-missing/raw-observations.tsv	100644	961bd25a87c886d210aadf6b582e28621222dccb261aaf24310e4a2a169c5cd8	1914	evidence
bc02-incomplete-as-complete--case-bc02-incomplete-missing/raw-seal.tsv	100644	0390f2a701db44e9a1c36f7aed9b47e8db0488b0fc98099d2214a955f6456cb8	318	evidence
bc02-incomplete-as-complete--case-bc02-incomplete-missing/resolution-receipts.tsv	100644	6a970dd0d08f3814e603c20ca340d363161465d312e459e84ebe31cd93a85005	357	evidence
bc02-incomplete-as-complete--case-bc02-incomplete-substitution/action-receipts.tsv	100644	26e2d289956a17327c55d65ede046a13976102e0647dfe4dc29da0ebac8e479f	316	evidence
bc02-incomplete-as-complete--case-bc02-incomplete-substitution/command-receipts.tsv	100644	5e0c43673b9b5f23c4b27c62d944fe9387284fce21a7ebad8356b6c16842e916	3110	evidence
bc02-incomplete-as-complete--case-bc02-incomplete-substitution/correction-receipts.tsv	100644	e3b0c44298fc1c149afbf4c8996fb92427ae41e4649b934ca495991b7852b855	0	evidence
bc02-incomplete-as-complete--case-bc02-incomplete-substitution/correction-write-guard-receipts.tsv	100644	e3b0c44298fc1c149afbf4c8996fb92427ae41e4649b934ca495991b7852b855	0	evidence
bc02-incomplete-as-complete--case-bc02-incomplete-substitution/coverage.tsv	100644	13f1325520c43aa5c9a5afb4e4d406c3bdfb0f369fa99f40a4821856e32d90d9	2130	evidence
bc02-incomplete-as-complete--case-bc02-incomplete-substitution/data-version-receipts.tsv	100644	e3b0c44298fc1c149afbf4c8996fb92427ae41e4649b934ca495991b7852b855	0	evidence
bc02-incomplete-as-complete--case-bc02-incomplete-substitution/evidence-binding-receipts.tsv	100644	e3b0c44298fc1c149afbf4c8996fb92427ae41e4649b934ca495991b7852b855	0	evidence
bc02-incomplete-as-complete--case-bc02-incomplete-substitution/exclusions.tsv	100644	e3b0c44298fc1c149afbf4c8996fb92427ae41e4649b934ca495991b7852b855	0	evidence
bc02-incomplete-as-complete--case-bc02-incomplete-substitution/fault-activation-receipts.tsv	100644	e3b0c44298fc1c149afbf4c8996fb92427ae41e4649b934ca495991b7852b855	0	evidence
bc02-incomplete-as-complete--case-bc02-incomplete-substitution/fault-configuration-receipts.tsv	100644	e3b0c44298fc1c149afbf4c8996fb92427ae41e4649b934ca495991b7852b855	0	evidence
bc02-incomplete-as-complete--case-bc02-incomplete-substitution/fault-markers.tsv	100644	e3b0c44298fc1c149afbf4c8996fb92427ae41e4649b934ca495991b7852b855	0	evidence
bc02-incomplete-as-complete--case-bc02-incomplete-substitution/fault-trigger-receipts.tsv	100644	e3b0c44298fc1c149afbf4c8996fb92427ae41e4649b934ca495991b7852b855	0	evidence
bc02-incomplete-as-complete--case-bc02-incomplete-substitution/gate-results.tsv	100644	e3b0c44298fc1c149afbf4c8996fb92427ae41e4649b934ca495991b7852b855	0	evidence
bc02-incomplete-as-complete--case-bc02-incomplete-substitution/inventory-correction-after.tsv	100644	e3b0c44298fc1c149afbf4c8996fb92427ae41e4649b934ca495991b7852b855	0	evidence
bc02-incomplete-as-complete--case-bc02-incomplete-substitution/inventory-retry-after.tsv	100644	e3b0c44298fc1c149afbf4c8996fb92427ae41e4649b934ca495991b7852b855	0	evidence
bc02-incomplete-as-complete--case-bc02-incomplete-substitution/inventory-rollback-after.tsv	100644	41fe7c9c5f566af2ca5ec2cf447976780abd0a248520830dfc841e75ad22e683	1883	evidence
bc02-incomplete-as-complete--case-bc02-incomplete-substitution/inventory-setup-before.tsv	100644	41fe7c9c5f566af2ca5ec2cf447976780abd0a248520830dfc841e75ad22e683	1883	evidence
bc02-incomplete-as-complete--case-bc02-incomplete-substitution/inventory-success-after.tsv	100644	e3b0c44298fc1c149afbf4c8996fb92427ae41e4649b934ca495991b7852b855	0	evidence
bc02-incomplete-as-complete--case-bc02-incomplete-substitution/normalized-observations.tsv	100644	4e3aee88c1cf27deabbe00712f355a0b2ee8b5e8374832ec634b6bd047b47806	1355	evidence
bc02-incomplete-as-complete--case-bc02-incomplete-substitution/observer-custody-receipts.tsv	100644	e3b0c44298fc1c149afbf4c8996fb92427ae41e4649b934ca495991b7852b855	0	evidence
bc02-incomplete-as-complete--case-bc02-incomplete-substitution/oracle-result.tsv	100644	6ba53b5baa5cbb02c65f0289f336489d0ff084163b9dbc32a1db924bd3dacfc6	326	evidence
bc02-incomplete-as-complete--case-bc02-incomplete-substitution/pragma.tsv	100644	9c240c10fff96640369b466348af61e4d1a80baf51e935b88b206287e09f44de	1021	evidence
bc02-incomplete-as-complete--case-bc02-incomplete-substitution/raw-observations.tsv	100644	a081da40837598754c53073f0bae55ef05509f7f2136b43011877116efcd384b	1996	evidence
bc02-incomplete-as-complete--case-bc02-incomplete-substitution/raw-seal.tsv	100644	3999ace21659c3b2239b5cba7c769a408986e63c29c8df24b74776ac7bd3b544	328	evidence
bc02-incomplete-as-complete--case-bc02-incomplete-substitution/resolution-receipts.tsv	100644	bc955a3f9e0710a0b82120ad9e118d3afe5a71d0c1d4ee7b6ec97f6ce6acc8fb	377	evidence
bc02-negative-receipts.tsv	100644	fb80445a49f5f73d96f77df3186ec17586619733c67a83d5e7c3dc3769523514	1238	evidence
bc02-partial-residue--case-bc02-after-root-header/action-receipts.tsv	100644	e3b0c44298fc1c149afbf4c8996fb92427ae41e4649b934ca495991b7852b855	0	evidence
bc02-partial-residue--case-bc02-after-root-header/command-receipts.tsv	100644	c686814781862dbc09e1f113ec425c9057bc5ad5fb5d57f42825682f5ecc7286	3935	evidence
bc02-partial-residue--case-bc02-after-root-header/correction-receipts.tsv	100644	e3b0c44298fc1c149afbf4c8996fb92427ae41e4649b934ca495991b7852b855	0	evidence
bc02-partial-residue--case-bc02-after-root-header/correction-write-guard-receipts.tsv	100644	e3b0c44298fc1c149afbf4c8996fb92427ae41e4649b934ca495991b7852b855	0	evidence
bc02-partial-residue--case-bc02-after-root-header/coverage.tsv	100644	4f90c1102a497d0dcb4808b0a4ac091dec11fe77e7dd0d1c873c617a4207779e	3084	evidence
bc02-partial-residue--case-bc02-after-root-header/data-version-receipts.tsv	100644	7a16b17122f5acf224801188063578ca1d3a8d5739c8cfe2fac964e2868a1ef3	317	evidence
bc02-partial-residue--case-bc02-after-root-header/evidence-binding-receipts.tsv	100644	bb6505031209077d84a227884d724b866ddf2508e6729c7830d55c5e0fffd4a9	793	evidence
bc02-partial-residue--case-bc02-after-root-header/exclusions.tsv	100644	e3b0c44298fc1c149afbf4c8996fb92427ae41e4649b934ca495991b7852b855	0	evidence
bc02-partial-residue--case-bc02-after-root-header/fault-activation-receipts.tsv	100644	9dbd1da8fc6e7e92328c5acdad561b9a33f2aeac90411d7a62070482d7627ef9	268	evidence
bc02-partial-residue--case-bc02-after-root-header/fault-configuration-receipts.tsv	100644	d19bf79fc8df013034c125223537236b3cdf386cdd09fede93e23a178557c1c0	535	evidence
bc02-partial-residue--case-bc02-after-root-header/fault-markers.tsv	100644	2408e78678a88f3fd16871500e39efe1e8ef64f43f8e5c3c20828eca5ad418f2	368	evidence
bc02-partial-residue--case-bc02-after-root-header/fault-trigger-receipts.tsv	100644	9ee8451476172cd89b86944a04bd208c9edcdb251cb4f5106a49e10addf528cc	560	evidence
bc02-partial-residue--case-bc02-after-root-header/gate-results.tsv	100644	ade75eb7dce94b6bdb209d3c9f8e5b7670a488a410f8ad63565c3896976c0068	3057	evidence
bc02-partial-residue--case-bc02-after-root-header/inventory-correction-after.tsv	100644	e3b0c44298fc1c149afbf4c8996fb92427ae41e4649b934ca495991b7852b855	0	evidence
bc02-partial-residue--case-bc02-after-root-header/inventory-retry-after.tsv	100644	e3b0c44298fc1c149afbf4c8996fb92427ae41e4649b934ca495991b7852b855	0	evidence
bc02-partial-residue--case-bc02-after-root-header/inventory-rollback-after.tsv	100644	a6b5086466fdb81ee3064c56fc8d618c4ac8215bbdc25e4aa12f5f43a76b5708	1662	evidence
bc02-partial-residue--case-bc02-after-root-header/inventory-setup-before.tsv	100644	a6b5086466fdb81ee3064c56fc8d618c4ac8215bbdc25e4aa12f5f43a76b5708	1662	evidence
bc02-partial-residue--case-bc02-after-root-header/inventory-success-after.tsv	100644	e3b0c44298fc1c149afbf4c8996fb92427ae41e4649b934ca495991b7852b855	0	evidence
bc02-partial-residue--case-bc02-after-root-header/normalized-observations.tsv	100644	b7a110ea08c4e57a42a9db55738c714a7b5b8c507bba3434227748b0077ade10	1367	evidence
bc02-partial-residue--case-bc02-after-root-header/observer-custody-receipts.tsv	100644	6e6e62c8a366e50707d2ce7ca346b05696bf0cc4a32aeaa5cfbdf06eaa008237	282	evidence
bc02-partial-residue--case-bc02-after-root-header/oracle-result.tsv	100644	d2f35dea6ec905a37e194b8eb671d183cbf79c51cdd5fbf56add03445f1ebd24	306	evidence
bc02-partial-residue--case-bc02-after-root-header/pragma.tsv	100644	c087de91166d83e60100c00d0cc663ccb6ede30ea82105e4223b2fc2b0b46c8b	1204	evidence
bc02-partial-residue--case-bc02-after-root-header/raw-observations.tsv	100644	e8d20a65367062920d2da047461cc998e3736365f9894df191b3e5f311a1a7e5	3399	evidence
bc02-partial-residue--case-bc02-after-root-header/raw-seal.tsv	100644	8a8ae3262361a1259550ba86d39138b75872377febfe967533a113f3d3bdc80a	302	evidence
bc02-partial-residue--case-bc02-after-root-header/resolution-receipts.tsv	100644	526465cb0828db5e9e851b9179a86e22e8a330f3ba17a4086feb0821caa8b255	325	evidence
bc02-partial-residue--case-bc02-after-root-member/action-receipts.tsv	100644	e3b0c44298fc1c149afbf4c8996fb92427ae41e4649b934ca495991b7852b855	0	evidence
bc02-partial-residue--case-bc02-after-root-member/command-receipts.tsv	100644	08e6677107cc681c3ef7184254a36098c079abc12ace11cbed3af48d1585891a	3935	evidence
bc02-partial-residue--case-bc02-after-root-member/correction-receipts.tsv	100644	e3b0c44298fc1c149afbf4c8996fb92427ae41e4649b934ca495991b7852b855	0	evidence
bc02-partial-residue--case-bc02-after-root-member/correction-write-guard-receipts.tsv	100644	e3b0c44298fc1c149afbf4c8996fb92427ae41e4649b934ca495991b7852b855	0	evidence
bc02-partial-residue--case-bc02-after-root-member/coverage.tsv	100644	4dcc3577457345c6cf20a6e5c61d736e07d1fc8ec741554721fbc78555f53a74	3084	evidence
bc02-partial-residue--case-bc02-after-root-member/data-version-receipts.tsv	100644	810496dc35553695aab4089dfca1a0f1c5209b8711ba380c22bb35949e89ce5b	317	evidence
bc02-partial-residue--case-bc02-after-root-member/evidence-binding-receipts.tsv	100644	84854394d29aeaba931cc54cdc2eac4d85a7efdff0b229529ff631c31659c26f	793	evidence
bc02-partial-residue--case-bc02-after-root-member/exclusions.tsv	100644	e3b0c44298fc1c149afbf4c8996fb92427ae41e4649b934ca495991b7852b855	0	evidence
bc02-partial-residue--case-bc02-after-root-member/fault-activation-receipts.tsv	100644	d22a7f19e533e923696acc82bf24d97e5dcd6f4570ba2ec4706c3c0e3839ed14	268	evidence
bc02-partial-residue--case-bc02-after-root-member/fault-configuration-receipts.tsv	100644	737763aed979447856278efb5256983c9150c8fce2047255666809e7ba0886eb	535	evidence
bc02-partial-residue--case-bc02-after-root-member/fault-markers.tsv	100644	4a33bc9cda5868c3e276dec9c3967d08df5d896f3e5aa05520740b9b5fe39540	368	evidence
bc02-partial-residue--case-bc02-after-root-member/fault-trigger-receipts.tsv	100644	462f1ebc8fa3f3b5300ae4faeef22f09ba8d49705da856c790de9dabef35ae50	560	evidence
bc02-partial-residue--case-bc02-after-root-member/gate-results.tsv	100644	6164a9a9363559b0b88481df510df5a8c7d596dc3ae957aced17961a6b4e26f5	3057	evidence
bc02-partial-residue--case-bc02-after-root-member/inventory-correction-after.tsv	100644	e3b0c44298fc1c149afbf4c8996fb92427ae41e4649b934ca495991b7852b855	0	evidence
bc02-partial-residue--case-bc02-after-root-member/inventory-retry-after.tsv	100644	e3b0c44298fc1c149afbf4c8996fb92427ae41e4649b934ca495991b7852b855	0	evidence
bc02-partial-residue--case-bc02-after-root-member/inventory-rollback-after.tsv	100644	8333c7993342afc8c2e64c89243beea17c6e45a5943cb0a8cf67c69d2b5e2061	1662	evidence
bc02-partial-residue--case-bc02-after-root-member/inventory-setup-before.tsv	100644	8333c7993342afc8c2e64c89243beea17c6e45a5943cb0a8cf67c69d2b5e2061	1662	evidence
bc02-partial-residue--case-bc02-after-root-member/inventory-success-after.tsv	100644	e3b0c44298fc1c149afbf4c8996fb92427ae41e4649b934ca495991b7852b855	0	evidence
bc02-partial-residue--case-bc02-after-root-member/normalized-observations.tsv	100644	b105115530d795bff3c7fb7cdd5d977c9ec1317f8f1427c7c9ee5f6633aca085	1367	evidence
bc02-partial-residue--case-bc02-after-root-member/observer-custody-receipts.tsv	100644	8b5e836bbd242bf34627baabc8128c7b717dd2de2b6d1a9fe6ebcb4a4f9a5d27	282	evidence
bc02-partial-residue--case-bc02-after-root-member/oracle-result.tsv	100644	de9d9fd6c9203afff49f10cb95405fe356cdc7d06a49519cf43a755ed9c0967b	306	evidence
bc02-partial-residue--case-bc02-after-root-member/pragma.tsv	100644	cec6ab2b4b0c49f1350370ecc59b40d40769ebf0b1ae6c5f05ca118a05c9f7fc	1204	evidence
bc02-partial-residue--case-bc02-after-root-member/raw-observations.tsv	100644	b6fe46856c0942fa4f6fde83069f37f7a5edade72c2ad777769b91343b2a4bed	3399	evidence
bc02-partial-residue--case-bc02-after-root-member/raw-seal.tsv	100644	affd3a91dc195e01d428e13be223213c09beee35ef09be50b9ac6ad1c134f33f	302	evidence
bc02-partial-residue--case-bc02-after-root-member/resolution-receipts.tsv	100644	54c6a68e07776d9c2cb844afb9252e161050fabddd54aecee74e79ad2c7645d0	325	evidence
bc02-poisoned-retry--case-bc02-after-root-header/action-receipts.tsv	100644	b1bb2fce2844eac8c1d04935ae66679b3cab7d130f187a66891ee4d41d4a288a	212	evidence
bc02-poisoned-retry--case-bc02-after-root-header/command-receipts.tsv	100644	a7bce7fa312ca742581d67ea7dc2d9878fc1ea05380b6325c3ee663a765755f9	5532	evidence
bc02-poisoned-retry--case-bc02-after-root-header/correction-receipts.tsv	100644	e3b0c44298fc1c149afbf4c8996fb92427ae41e4649b934ca495991b7852b855	0	evidence
bc02-poisoned-retry--case-bc02-after-root-header/correction-write-guard-receipts.tsv	100644	e3b0c44298fc1c149afbf4c8996fb92427ae41e4649b934ca495991b7852b855	0	evidence
bc02-poisoned-retry--case-bc02-after-root-header/coverage.tsv	100644	09749310460094d430526e9959403e7c8e2728e68da02e7d314ad20595eb5b19	4832	evidence
bc02-poisoned-retry--case-bc02-after-root-header/data-version-receipts.tsv	100644	be47f12c25dbff5caabdcd796b9e4e5430f5862839e57535acac08f9062e10d5	470	evidence
bc02-poisoned-retry--case-bc02-after-root-header/evidence-binding-receipts.tsv	100644	3c3f46bfcff9be4a76d872e72122981a262b8e97380fa54f83616b7d87a634b5	791	evidence
bc02-poisoned-retry--case-bc02-after-root-header/exclusions.tsv	100644	e3b0c44298fc1c149afbf4c8996fb92427ae41e4649b934ca495991b7852b855	0	evidence
bc02-poisoned-retry--case-bc02-after-root-header/fault-activation-receipts.tsv	100644	5b0f29b7fc7d60ba7f1f93b692e39bd6de7054d35c3e26ca359fb1b377311b4e	266	evidence
bc02-poisoned-retry--case-bc02-after-root-header/fault-configuration-receipts.tsv	100644	5747d97a95155b179a6a9268b2c0f7584afb8f2b94b7bf244c76eec1b54b8644	533	evidence
bc02-poisoned-retry--case-bc02-after-root-header/fault-markers.tsv	100644	2401259ec9f8dee7bce8929a26b6ede936a8ef529b08eac4d73ce499513b2c6d	366	evidence
bc02-poisoned-retry--case-bc02-after-root-header/fault-trigger-receipts.tsv	100644	531a06f864512bfcc38e6df793b4e9155d3a91490d544574ad0c2fdaa4a6bbcb	558	evidence
bc02-poisoned-retry--case-bc02-after-root-header/gate-results.tsv	100644	248487c05260f764d49e7b7b49c08172b03bfe5f1b1aa1bcd37880b4bae86588	4060	evidence
bc02-poisoned-retry--case-bc02-after-root-header/inventory-correction-after.tsv	100644	e3b0c44298fc1c149afbf4c8996fb92427ae41e4649b934ca495991b7852b855	0	evidence
bc02-poisoned-retry--case-bc02-after-root-header/inventory-retry-after.tsv	100644	8f47f796a5afed1b94b498b3c83f6d96cefaf63765d1193a5819736243061b35	2313	evidence
bc02-poisoned-retry--case-bc02-after-root-header/inventory-rollback-after.tsv	100644	19d8992231a1eb2a60f07eec27bf9f3058413e3096e2f23908ab36f478ccf120	1645	evidence
bc02-poisoned-retry--case-bc02-after-root-header/inventory-setup-before.tsv	100644	19d8992231a1eb2a60f07eec27bf9f3058413e3096e2f23908ab36f478ccf120	1645	evidence
bc02-poisoned-retry--case-bc02-after-root-header/inventory-success-after.tsv	100644	e3b0c44298fc1c149afbf4c8996fb92427ae41e4649b934ca495991b7852b855	0	evidence
bc02-poisoned-retry--case-bc02-after-root-header/normalized-observations.tsv	100644	986bc8346103c19b6161dc028c8aff0496a2ae5e7007680ec1ca6f8058d0d19b	2210	evidence
bc02-poisoned-retry--case-bc02-after-root-header/observer-custody-receipts.tsv	100644	9409913be74b0691c47a83b0c70ac92c8852ab326f4ea7c5ff29e512376fe7e2	282	evidence
bc02-poisoned-retry--case-bc02-after-root-header/oracle-result.tsv	100644	54726c4bbc7c14fa7886442c054a5af4af6b6350789497b941643c352afa00f1	304	evidence
bc02-poisoned-retry--case-bc02-after-root-header/pragma.tsv	100644	2ea9cddccfd34e90a9eb65e9b13a3573e47d08ba543ad6934d0894e266300d02	1715	evidence
bc02-poisoned-retry--case-bc02-after-root-header/raw-observations.tsv	100644	a29fc696d727ae4a55a56a59acd7a552225ed40ba2497a03e08d06ca5c6c5e39	5187	evidence
bc02-poisoned-retry--case-bc02-after-root-header/raw-seal.tsv	100644	baddaea36d71226f474cb7f134b15b8a7f805f90eb5a7e99c038234872e2b97d	300	evidence
bc02-poisoned-retry--case-bc02-after-root-header/resolution-receipts.tsv	100644	d2ccbbffda43fd21aa1bdf55440738af9c3d7586ed0aa1bf408d4788ccd4b794	489	evidence
bc02-poisoned-retry--case-bc02-after-root-member/action-receipts.tsv	100644	24ca05c48ffc5e59d54b85d99f1a94e98a6d82b3a78d24ee43302a7c6abf1e74	212	evidence
bc02-poisoned-retry--case-bc02-after-root-member/command-receipts.tsv	100644	44252dd93ac2977feaa8bf907f32406bc922c5e650fe6909d0ee1575e2ee8929	5532	evidence
bc02-poisoned-retry--case-bc02-after-root-member/correction-receipts.tsv	100644	e3b0c44298fc1c149afbf4c8996fb92427ae41e4649b934ca495991b7852b855	0	evidence
bc02-poisoned-retry--case-bc02-after-root-member/correction-write-guard-receipts.tsv	100644	e3b0c44298fc1c149afbf4c8996fb92427ae41e4649b934ca495991b7852b855	0	evidence
bc02-poisoned-retry--case-bc02-after-root-member/coverage.tsv	100644	1ce8cd4c3892af888c815ee9978ddc90e9d7f1ef4f901c9fe93ebfb39728659e	4832	evidence
bc02-poisoned-retry--case-bc02-after-root-member/data-version-receipts.tsv	100644	97f98a8e12a90ffb526b60397b77333d76ce0723d9256a4a51e3bd8296517b1e	470	evidence
bc02-poisoned-retry--case-bc02-after-root-member/evidence-binding-receipts.tsv	100644	f9b0d39669b7225c47b834fce39f61a8f6eab42331b2f4f494246325f09162ef	791	evidence
bc02-poisoned-retry--case-bc02-after-root-member/exclusions.tsv	100644	e3b0c44298fc1c149afbf4c8996fb92427ae41e4649b934ca495991b7852b855	0	evidence
bc02-poisoned-retry--case-bc02-after-root-member/fault-activation-receipts.tsv	100644	04ab07a5352e7b602c92b2ed75795e9fbc6092511705f3f8ba03b3a3d7be946a	266	evidence
bc02-poisoned-retry--case-bc02-after-root-member/fault-configuration-receipts.tsv	100644	616553ad7cb722eeee8044f46a54f4591ded536513e98cab2807a4e2d196796b	533	evidence
bc02-poisoned-retry--case-bc02-after-root-member/fault-markers.tsv	100644	f05839778a8163598aabbdb3edbef80660331ba3fb81cedcdd9145da8cafcb27	366	evidence
bc02-poisoned-retry--case-bc02-after-root-member/fault-trigger-receipts.tsv	100644	bc22007fd565cd8dbb8b7d668e6ba60aeefc13ff384cee3e367788689875f0f4	558	evidence
bc02-poisoned-retry--case-bc02-after-root-member/gate-results.tsv	100644	88738fe8a0a21bab30b90cf99650ff61e568f4cbd53d55033d7c8efe19bdc43a	4060	evidence
bc02-poisoned-retry--case-bc02-after-root-member/inventory-correction-after.tsv	100644	e3b0c44298fc1c149afbf4c8996fb92427ae41e4649b934ca495991b7852b855	0	evidence
bc02-poisoned-retry--case-bc02-after-root-member/inventory-retry-after.tsv	100644	a05bf86b56bde4d12abee20de492e41d97e2a4308bded571a265308f328c850b	2313	evidence
bc02-poisoned-retry--case-bc02-after-root-member/inventory-rollback-after.tsv	100644	d802441f1cf8a90f2d16963c0ae6a4307ff2ed00437f2de16aa7949fc2db52ca	1645	evidence
bc02-poisoned-retry--case-bc02-after-root-member/inventory-setup-before.tsv	100644	d802441f1cf8a90f2d16963c0ae6a4307ff2ed00437f2de16aa7949fc2db52ca	1645	evidence
bc02-poisoned-retry--case-bc02-after-root-member/inventory-success-after.tsv	100644	e3b0c44298fc1c149afbf4c8996fb92427ae41e4649b934ca495991b7852b855	0	evidence
bc02-poisoned-retry--case-bc02-after-root-member/normalized-observations.tsv	100644	3996fe52fe37588ce4427046e8e960931cbc38d57bdccee21e3f97152d9e6158	2210	evidence
bc02-poisoned-retry--case-bc02-after-root-member/observer-custody-receipts.tsv	100644	ecf860d4b7d19895acfe8ea184f47ef7c98b70afba17dcc441ffcdfb992eb508	282	evidence
bc02-poisoned-retry--case-bc02-after-root-member/oracle-result.tsv	100644	706b21c3396ec39615bc8a8e3d15796f7b26de4c0c8ea5e703ded53523279d16	304	evidence
bc02-poisoned-retry--case-bc02-after-root-member/pragma.tsv	100644	8017121118c75ab150e91f53417d60f85b3b9a174b2813b2293ffe6d6a6a703e	1715	evidence
bc02-poisoned-retry--case-bc02-after-root-member/raw-observations.tsv	100644	16fe8d6fa37c0c3a5c7efcb7e6afcc5f447ed471607eed582bc951ce2e701a81	5187	evidence
bc02-poisoned-retry--case-bc02-after-root-member/raw-seal.tsv	100644	d29c8097a2f2ce72f3e56b220fbe3e2b268a50a2f9d21117c793a6f7f36aeff0	300	evidence
bc02-poisoned-retry--case-bc02-after-root-member/resolution-receipts.tsv	100644	3da2d7ea2efce31eef33cecbba55c46d477c2ee7320c4efa86912ab4c62b19d8	489	evidence
bc02-rollback-complete--case-bc02-after-root-header/action-receipts.tsv	100644	e3b0c44298fc1c149afbf4c8996fb92427ae41e4649b934ca495991b7852b855	0	evidence
bc02-rollback-complete--case-bc02-after-root-header/command-receipts.tsv	100644	453bc1a64174da8ebf6adc9ff1e48d3b290bd27ea5b04628f8e36bcd8e42af6f	3983	evidence
bc02-rollback-complete--case-bc02-after-root-header/correction-receipts.tsv	100644	e3b0c44298fc1c149afbf4c8996fb92427ae41e4649b934ca495991b7852b855	0	evidence
bc02-rollback-complete--case-bc02-after-root-header/correction-write-guard-receipts.tsv	100644	e3b0c44298fc1c149afbf4c8996fb92427ae41e4649b934ca495991b7852b855	0	evidence
bc02-rollback-complete--case-bc02-after-root-header/coverage.tsv	100644	4df87054c70c55877f76b03c6a52e04617f9aa9ae79bd54c6d430741aee2e709	3456	evidence
bc02-rollback-complete--case-bc02-after-root-header/data-version-receipts.tsv	100644	ddaeb50f62b4efe79cb897994e4dc647271e87dbadf0b976a668bc84c4b61c2b	325	evidence
bc02-rollback-complete--case-bc02-after-root-header/evidence-binding-receipts.tsv	100644	79d53042f7a86dd9f05935f47ed90f2a0c8fe99681b7744979d61ad75d8e269d	797	evidence
bc02-rollback-complete--case-bc02-after-root-header/exclusions.tsv	100644	e3b0c44298fc1c149afbf4c8996fb92427ae41e4649b934ca495991b7852b855	0	evidence
bc02-rollback-complete--case-bc02-after-root-header/fault-activation-receipts.tsv	100644	e74f60b9ba5bc08d86fe1171001d1bb65f146e13b0164998a4993f35dafc73f5	272	evidence
bc02-rollback-complete--case-bc02-after-root-header/fault-configuration-receipts.tsv	100644	4ab3724cf906b65cf534cdf9a2fbd13e0d573630c5a7041dc0461fdb0b021773	539	evidence
bc02-rollback-complete--case-bc02-after-root-header/fault-markers.tsv	100644	35dbf19692f4476791e133952b6da1d2d0042cb647041a5b073750dba04f8f1f	372	evidence
bc02-rollback-complete--case-bc02-after-root-header/fault-trigger-receipts.tsv	100644	282442ed5c17cfe4493520b02464b636b3da3b7839e263de8a3ef0abd30272a1	564	evidence
bc02-rollback-complete--case-bc02-after-root-header/gate-results.tsv	100644	f76c1845ac68f3c844facb86622894d7bc03b2fdff4cff7e0bcb55310f52f003	3128	evidence
bc02-rollback-complete--case-bc02-after-root-header/inventory-correction-after.tsv	100644	e3b0c44298fc1c149afbf4c8996fb92427ae41e4649b934ca495991b7852b855	0	evidence
bc02-rollback-complete--case-bc02-after-root-header/inventory-retry-after.tsv	100644	e3b0c44298fc1c149afbf4c8996fb92427ae41e4649b934ca495991b7852b855	0	evidence
bc02-rollback-complete--case-bc02-after-root-header/inventory-rollback-after.tsv	100644	9f5d05b1d1adbff9ad29287d752c7929c5c21e6776ccd6a228262fd7d400ae72	1696	evidence
bc02-rollback-complete--case-bc02-after-root-header/inventory-setup-before.tsv	100644	9f5d05b1d1adbff9ad29287d752c7929c5c21e6776ccd6a228262fd7d400ae72	1696	evidence
bc02-rollback-complete--case-bc02-after-root-header/inventory-success-after.tsv	100644	e3b0c44298fc1c149afbf4c8996fb92427ae41e4649b934ca495991b7852b855	0	evidence
bc02-rollback-complete--case-bc02-after-root-header/normalized-observations.tsv	100644	7dd00e94b285315166a9d323f7273b2f088af3035b7646860c4093e925692a95	1488	evidence
bc02-rollback-complete--case-bc02-after-root-header/observer-custody-receipts.tsv	100644	8cded6117e333fba7f3e87651b2923c7b050264394d9889c69c96884c594bd91	286	evidence
bc02-rollback-complete--case-bc02-after-root-header/oracle-result.tsv	100644	60359bf16b3d671085adf1b4b037bbf08624fbd3a54c8d5b425963e06220ca34	312	evidence
bc02-rollback-complete--case-bc02-after-root-header/pragma.tsv	100644	4c7057640b6d3375e0d986a0256f049d14b6122c184d9c553c8cd19b95e4e28e	1248	evidence
bc02-rollback-complete--case-bc02-after-root-header/raw-observations.tsv	100644	30a05e7bb2be1ad76fb1e5119cbdc2ade018c2711d7639e3b24b3fef30521ce0	3829	evidence
bc02-rollback-complete--case-bc02-after-root-header/raw-seal.tsv	100644	1d82e154d811dc11b54e3f9b1b1ddb3d8dd4f7934bf30983d60f2a70a91e0ebe	306	evidence
bc02-rollback-complete--case-bc02-after-root-header/resolution-receipts.tsv	100644	1181e18641333997e335741c57c55c21f147aa88dea888d3f2079badb32af436	333	evidence
bc02-rollback-complete--case-bc02-after-root-member/action-receipts.tsv	100644	e3b0c44298fc1c149afbf4c8996fb92427ae41e4649b934ca495991b7852b855	0	evidence
bc02-rollback-complete--case-bc02-after-root-member/command-receipts.tsv	100644	792c59eff10fb443a86f0b22231b39510bdb0139b50edfc7bcfea353eba8a8ba	3983	evidence
bc02-rollback-complete--case-bc02-after-root-member/correction-receipts.tsv	100644	e3b0c44298fc1c149afbf4c8996fb92427ae41e4649b934ca495991b7852b855	0	evidence
bc02-rollback-complete--case-bc02-after-root-member/correction-write-guard-receipts.tsv	100644	e3b0c44298fc1c149afbf4c8996fb92427ae41e4649b934ca495991b7852b855	0	evidence
bc02-rollback-complete--case-bc02-after-root-member/coverage.tsv	100644	bd9a9c9f79ef76c2cb4d7547c2d3346454296dbff41282318543e980077c7553	3456	evidence
bc02-rollback-complete--case-bc02-after-root-member/data-version-receipts.tsv	100644	60b11c8957ac03f354508c4c7ecafb7d97058c217adc23b16c5bf385ebacbd34	325	evidence
bc02-rollback-complete--case-bc02-after-root-member/evidence-binding-receipts.tsv	100644	e5a41697a19d5fe6c19585d1ac93337f091f2f5b38d7fd07eede821b5032d74c	797	evidence
bc02-rollback-complete--case-bc02-after-root-member/exclusions.tsv	100644	e3b0c44298fc1c149afbf4c8996fb92427ae41e4649b934ca495991b7852b855	0	evidence
bc02-rollback-complete--case-bc02-after-root-member/fault-activation-receipts.tsv	100644	e5a3aedf7e87b0c5ef4c034ca09db808131417623a816152b45e5347f4e88348	272	evidence
bc02-rollback-complete--case-bc02-after-root-member/fault-configuration-receipts.tsv	100644	bacf8efa463d116abf72a3453859033af796589e408d19814ded127bc83d8efc	539	evidence
bc02-rollback-complete--case-bc02-after-root-member/fault-markers.tsv	100644	1cf1d499d69fde84b017940888f54286b0bb404a71e43943522172123f11007a	372	evidence
bc02-rollback-complete--case-bc02-after-root-member/fault-trigger-receipts.tsv	100644	c3aa3d360002e42828e03492c200e77d5e72368b30abbe6100b3bc9ad7b53ae8	564	evidence
bc02-rollback-complete--case-bc02-after-root-member/gate-results.tsv	100644	e11b37c0ed612b2707a5717beea99e96c2153499722d400416cf1acc0d2fdb37	3128	evidence
bc02-rollback-complete--case-bc02-after-root-member/inventory-correction-after.tsv	100644	e3b0c44298fc1c149afbf4c8996fb92427ae41e4649b934ca495991b7852b855	0	evidence
bc02-rollback-complete--case-bc02-after-root-member/inventory-retry-after.tsv	100644	e3b0c44298fc1c149afbf4c8996fb92427ae41e4649b934ca495991b7852b855	0	evidence
bc02-rollback-complete--case-bc02-after-root-member/inventory-rollback-after.tsv	100644	50b810066782afe2a1d5eee5f57396b6e7d99c27e19873f60540addd3eb8e29c	1696	evidence
bc02-rollback-complete--case-bc02-after-root-member/inventory-setup-before.tsv	100644	50b810066782afe2a1d5eee5f57396b6e7d99c27e19873f60540addd3eb8e29c	1696	evidence
bc02-rollback-complete--case-bc02-after-root-member/inventory-success-after.tsv	100644	e3b0c44298fc1c149afbf4c8996fb92427ae41e4649b934ca495991b7852b855	0	evidence
bc02-rollback-complete--case-bc02-after-root-member/normalized-observations.tsv	100644	4baf61c7b3206c48afaac49f6234136270084e03b5073a2d36e9c687e393e935	1488	evidence
bc02-rollback-complete--case-bc02-after-root-member/observer-custody-receipts.tsv	100644	ea72a842e590cb4f33a8835469de58cfc74ff1b0a8e9caf5360bb1e45d405594	286	evidence
bc02-rollback-complete--case-bc02-after-root-member/oracle-result.tsv	100644	8a69f0ab88a3e869abc5a36fb188d0cb7a7fbedf359f27a9828e00e76accebb3	312	evidence
bc02-rollback-complete--case-bc02-after-root-member/pragma.tsv	100644	ba27106b3d32bbd42b123ccc099a077e2e1e6c7794516b122305f1705bef7916	1248	evidence
bc02-rollback-complete--case-bc02-after-root-member/raw-observations.tsv	100644	24db78eb2e90646fbec15ff8db6fb961d03ee3eeed6881179724f1cd6645ebd6	3829	evidence
bc02-rollback-complete--case-bc02-after-root-member/raw-seal.tsv	100644	808c7321125b3830fadc7f880addddb3ed99f58ce39aa51876ab35865b85f13f	306	evidence
bc02-rollback-complete--case-bc02-after-root-member/resolution-receipts.tsv	100644	13ba4fbe3036cac2cb1cf15a2d09498e59b083d67303261becdba9f032ea1684	333	evidence
bc03-accepted-head--case-bc03-accepted/action-receipts.tsv	100644	e8d83497959e209ad66dcef54eaa6346f6b6158666406b38373b2f9861e996c4	373	evidence
bc03-accepted-head--case-bc03-accepted/command-receipts.tsv	100644	6984ea08faa368458b64bb3b8ef8a01d561cfb52c9332c878098fbcc9a62dfb8	2830	evidence
bc03-accepted-head--case-bc03-accepted/coverage.tsv	100644	0f2667d0231f2ec771a24f8aaa96f102649cb1e1c6a242ade7acdfef695a85e8	945	evidence
bc03-accepted-head--case-bc03-accepted/exclusions.tsv	100644	e3b0c44298fc1c149afbf4c8996fb92427ae41e4649b934ca495991b7852b855	0	evidence
bc03-accepted-head--case-bc03-accepted/fault-markers.tsv	100644	e3b0c44298fc1c149afbf4c8996fb92427ae41e4649b934ca495991b7852b855	0	evidence
bc03-accepted-head--case-bc03-accepted/inventory-after.tsv	100644	0b6c4d3773ac949eaafc2e5e5576d30c08dacf2d5a31d5820c963b553be0c582	465	evidence
bc03-accepted-head--case-bc03-accepted/inventory-before.tsv	100644	e85550d40fd2f840194af6d8263d49d3e42c93e36dbb892792c968837e7bd9e1	82	evidence
bc03-accepted-head--case-bc03-accepted/inventory-reopened.tsv	100644	0b6c4d3773ac949eaafc2e5e5576d30c08dacf2d5a31d5820c963b553be0c582	465	evidence
bc03-accepted-head--case-bc03-accepted/normalized-observations.tsv	100644	4b1beb0ef1bb666593f6b0900b005ff167d0a399ee7f4041a11b6579a6cb134a	768	evidence
bc03-accepted-head--case-bc03-accepted/oracle-result.tsv	100644	03d40127c5c46d2bb002dc1403f5af2a146876a24f2838257d38436fa8d79eff	81	evidence
bc03-accepted-head--case-bc03-accepted/pragma.tsv	100644	6ef4cb0b4361785e23aee10e6a1e89bf12b4e090a1cf7cb7718f6b38f4670098	765	evidence
bc03-accepted-head--case-bc03-accepted/raw-observations.tsv	100644	874761b0dfbffa222913a8037656a142c5e00dfc5f18b0c545444668f397f099	737	evidence
bc03-accepted-head--case-bc03-accepted/raw-seal.tsv	100644	441206d6fa7ee044a465bda581c70ac389306b3a5db13f7001cf39ebc90812b8	279	evidence
bc03-control-receipts.tsv	100644	ad3c9bbcfd9546daa0c0b51af91ffe8137894febb434c24028f896730a14186b	1965	evidence
bc03-publication-separate--case-bc03-accepted/action-receipts.tsv	100644	6ecaa18e8ea2f54a00e5eaacb4f71070eb2eae64d4253030e8ac14f2f4b005a3	401	evidence
bc03-publication-separate--case-bc03-accepted/command-receipts.tsv	100644	1215c7620fc27443fe838d7bdbc1efeb9830a5335b20f8cc2d6b965d1b8775b9	2956	evidence
bc03-publication-separate--case-bc03-accepted/coverage.tsv	100644	2681936fad746015f44481150f3ce7c095f58938336619be0a0c19117fb39c6c	1071	evidence
bc03-publication-separate--case-bc03-accepted/exclusions.tsv	100644	e3b0c44298fc1c149afbf4c8996fb92427ae41e4649b934ca495991b7852b855	0	evidence
bc03-publication-separate--case-bc03-accepted/fault-markers.tsv	100644	e3b0c44298fc1c149afbf4c8996fb92427ae41e4649b934ca495991b7852b855	0	evidence
bc03-publication-separate--case-bc03-accepted/inventory-after.tsv	100644	ad7a74c03a44709e7d246e571b30db0edafcb40389ba3c84ee6c23e55b7190ea	500	evidence
bc03-publication-separate--case-bc03-accepted/inventory-before.tsv	100644	5e75765560e6f521c71f5a68f06d6d00dc3e05aac3d016fe6012db79d6ee337f	89	evidence
bc03-publication-separate--case-bc03-accepted/inventory-reopened.tsv	100644	ad7a74c03a44709e7d246e571b30db0edafcb40389ba3c84ee6c23e55b7190ea	500	evidence
bc03-publication-separate--case-bc03-accepted/normalized-observations.tsv	100644	46c2180478946dd669dc810b344222755e4ff99f56f27240020263e8d5e9258d	824	evidence
bc03-publication-separate--case-bc03-accepted/oracle-result.tsv	100644	394c1c8f6ab8323c91ccaa3d272da24a061a1c72400d1ef32516193cd60fb6d8	95	evidence
bc03-publication-separate--case-bc03-accepted/pragma.tsv	100644	3ebbf126df814fe922b87fc85f16629b460fee4625e5a8dd6f3a0960658f3469	877	evidence
bc03-publication-separate--case-bc03-accepted/raw-observations.tsv	100644	41bb8ad4d6e5616d62f39208ad2a0afb2c4b4420760ae48d848d10eab2cb37b0	793	evidence
bc03-publication-separate--case-bc03-accepted/raw-seal.tsv	100644	9321a55eae6d45e66f520930f68cf8f465569254b2935ca0d978333d8ac3d9ce	293	evidence
bc03-rejected-is-head--case-bc03-rejected/action-receipts.tsv	100644	4cdd57be60430cf47ec142d5580ff72b19f2448fbdc7bff870c2fdc3c595ff5c	385	evidence
bc03-rejected-is-head--case-bc03-rejected/command-receipts.tsv	100644	c57417f904a1e046ccce6b99ba5fe26cf38ededdc0ab676a44cac176296b0354	2884	evidence
bc03-rejected-is-head--case-bc03-rejected/coverage.tsv	100644	12e6a0852d06ced721b190bf00175580417978848724790a0919278f3ccbea73	1110	evidence
bc03-rejected-is-head--case-bc03-rejected/exclusions.tsv	100644	e3b0c44298fc1c149afbf4c8996fb92427ae41e4649b934ca495991b7852b855	0	evidence
bc03-rejected-is-head--case-bc03-rejected/fault-markers.tsv	100644	e3b0c44298fc1c149afbf4c8996fb92427ae41e4649b934ca495991b7852b855	0	evidence
bc03-rejected-is-head--case-bc03-rejected/inventory-after.tsv	100644	090a2076f476dbcb61a14df781927ea447774e945b40553230eff9a9d2c250d4	480	evidence
bc03-rejected-is-head--case-bc03-rejected/inventory-before.tsv	100644	803706ce32284fc12bf1cf03d01df4e9bcfc101dd4b3fcd1733862946bc50929	85	evidence
bc03-rejected-is-head--case-bc03-rejected/inventory-reopened.tsv	100644	090a2076f476dbcb61a14df781927ea447774e945b40553230eff9a9d2c250d4	480	evidence
bc03-rejected-is-head--case-bc03-rejected/normalized-observations.tsv	100644	015d9909a177a7534891dda3b28a661e2101a5e9a294e88330d628135f0cb2e1	801	evidence
bc03-rejected-is-head--case-bc03-rejected/oracle-result.tsv	100644	64a5a22168d8e065efae07b8bbb58f9c63f2e3dbf6448f67422369503463feb8	87	evidence
bc03-rejected-is-head--case-bc03-rejected/pragma.tsv	100644	f426e9a3528a2f8422fdb05d05d2549e2b92f27279aff48a07b605d90673a097	813	evidence
bc03-rejected-is-head--case-bc03-rejected/raw-observations.tsv	100644	255a5be98d7bef9baefe33201e143a10031b81384cab01a584b15b53a84f93a6	760	evidence
bc03-rejected-is-head--case-bc03-rejected/raw-seal.tsv	100644	c4d5a18b6fd29af27b3e7b3856d90578efbc9d3e0162cf8d733de595d838536a	285	evidence
bc03-stored-is-head--case-bc03-stored/action-receipts.tsv	100644	503f260e17d8b2bed714b89e6c818d3309324ea50635cc98e33fdba4af50048f	330	evidence
bc03-stored-is-head--case-bc03-stored/command-receipts.tsv	100644	463640bb686efb1d2a2ab76fbd08fd162fa108630a04975baed3359e6ec924d3	2828	evidence
bc03-stored-is-head--case-bc03-stored/coverage.tsv	100644	90e617411c6207266fb01aa49f96797593371c4c7cd7a06addd16a1ec90b862f	618	evidence
bc03-stored-is-head--case-bc03-stored/exclusions.tsv	100644	e3b0c44298fc1c149afbf4c8996fb92427ae41e4649b934ca495991b7852b855	0	evidence
bc03-stored-is-head--case-bc03-stored/fault-markers.tsv	100644	e3b0c44298fc1c149afbf4c8996fb92427ae41e4649b934ca495991b7852b855	0	evidence
bc03-stored-is-head--case-bc03-stored/inventory-after.tsv	100644	d7d8ee2c5f2e2dda01a9ca4b8298c409fb53fc1777495246112e28d97f383f44	170	evidence
bc03-stored-is-head--case-bc03-stored/inventory-before.tsv	100644	bbc0cdf299ce7fefe96a25f7220adfab53c45b7e01150ed8245d4db5521273fb	81	evidence
bc03-stored-is-head--case-bc03-stored/inventory-reopened.tsv	100644	d7d8ee2c5f2e2dda01a9ca4b8298c409fb53fc1777495246112e28d97f383f44	170	evidence
bc03-stored-is-head--case-bc03-stored/normalized-observations.tsv	100644	bc3d970be1688f389664d71f4ad6313d6d543c8d86072703897efe5b3340a789	472	evidence
bc03-stored-is-head--case-bc03-stored/oracle-result.tsv	100644	635b07a73ca2c0a1b50edf3104b0ef962c673de441e9b74b4a6e4e778bd35140	83	evidence
bc03-stored-is-head--case-bc03-stored/pragma.tsv	100644	c12addeaf1404a97082e56c11223f063deea75a73637aef0cc582b8e905a4aad	765	evidence
bc03-stored-is-head--case-bc03-stored/raw-observations.tsv	100644	297b1ee9c69415b0ccd84a9f7841f520bb8a9eee165de27d1d0374a83d919e73	444	evidence
bc03-stored-is-head--case-bc03-stored/raw-seal.tsv	100644	6b913684fd017da7aa1ada36fdbdd112e8acfa456251abb06bead99adf6b5436	277	evidence
bc03-stored-root-separate--case-bc03-stored/action-receipts.tsv	100644	ffa9efa91d36fcc152ccf20ff0c30ff93b2b877b5f1d0644a4dc0591104286f9	354	evidence
bc03-stored-root-separate--case-bc03-stored/command-receipts.tsv	100644	4456c490a263e79492d04bc464a2cad69b70b5532e9b22d68a498a586b694a49	2936	evidence
bc03-stored-root-separate--case-bc03-stored/coverage.tsv	100644	06a2561606905c1ea66d5b8863ea09bdfa79b23b70145df3313a0abbea26abe1	690	evidence
bc03-stored-root-separate--case-bc03-stored/exclusions.tsv	100644	e3b0c44298fc1c149afbf4c8996fb92427ae41e4649b934ca495991b7852b855	0	evidence
bc03-stored-root-separate--case-bc03-stored/fault-markers.tsv	100644	e3b0c44298fc1c149afbf4c8996fb92427ae41e4649b934ca495991b7852b855	0	evidence
bc03-stored-root-separate--case-bc03-stored/inventory-after.tsv	100644	f5e7b319ef96b3dcaf5a652c88a2ef4affd6e9a23de9495c7fb6213b23eab84b	182	evidence
bc03-stored-root-separate--case-bc03-stored/inventory-before.tsv	100644	3a30b2d952e857bed30313722d40ff5efa9797baf505e388ecc136783d7ba016	87	evidence
bc03-stored-root-separate--case-bc03-stored/inventory-reopened.tsv	100644	f5e7b319ef96b3dcaf5a652c88a2ef4affd6e9a23de9495c7fb6213b23eab84b	182	evidence
bc03-stored-root-separate--case-bc03-stored/normalized-observations.tsv	100644	8ee83c32cb76ab25edf16c613ab282636f73ad89ae524f9d6f63d4d5bb0dd8c6	482	evidence
bc03-stored-root-separate--case-bc03-stored/oracle-result.tsv	100644	813bf6dd7389e52eda55618cfd18298dd78a591981a8252c2b3f1014584b205b	95	evidence
bc03-stored-root-separate--case-bc03-stored/pragma.tsv	100644	83caaedef045d0e7f478c0f1c1981cccabfdd01824b1a9dad0d366651d76da35	861	evidence
bc03-stored-root-separate--case-bc03-stored/raw-observations.tsv	100644	fee9a412cc92ceb811e332239db4c78ebc4908e3f2308f065f78e4203158724e	474	evidence
bc03-stored-root-separate--case-bc03-stored/raw-seal.tsv	100644	5306a81a5fbdeb8976547e80a0853bcdf1abb69a744421a16dccbecd13a8d705	289	evidence
bc03-wrong-authority-head--case-bc03-wrong-authority/action-receipts.tsv	100644	dab217437084a6e0c2f9658a68e0be1ce1836c8882488eab9b5f3c4f5c2bdf29	475	evidence
bc03-wrong-authority-head--case-bc03-wrong-authority/command-receipts.tsv	100644	01d4d8717cd94ba6a71cc1afdff9f55961e94110599c6d6d17ad7a8a6bced055	3020	evidence
bc03-wrong-authority-head--case-bc03-wrong-authority/coverage.tsv	100644	64b58687b277b6535ea5f4a5b0625b6f4df9b3f416058addf67a42d69a8938d8	1463	evidence
bc03-wrong-authority-head--case-bc03-wrong-authority/exclusions.tsv	100644	e3b0c44298fc1c149afbf4c8996fb92427ae41e4649b934ca495991b7852b855	0	evidence
bc03-wrong-authority-head--case-bc03-wrong-authority/fault-markers.tsv	100644	e3b0c44298fc1c149afbf4c8996fb92427ae41e4649b934ca495991b7852b855	0	evidence
bc03-wrong-authority-head--case-bc03-wrong-authority/inventory-after.tsv	100644	a9270884307155820d4a9fa3cad0c2e330ab1ad1de451daec80fc08a52264dd7	521	evidence
bc03-wrong-authority-head--case-bc03-wrong-authority/inventory-before.tsv	100644	a9270884307155820d4a9fa3cad0c2e330ab1ad1de451daec80fc08a52264dd7	521	evidence
bc03-wrong-authority-head--case-bc03-wrong-authority/inventory-reopened.tsv	100644	a9270884307155820d4a9fa3cad0c2e330ab1ad1de451daec80fc08a52264dd7	521	evidence
bc03-wrong-authority-head--case-bc03-wrong-authority/normalized-observations.tsv	100644	c67ab71e0d8a43490c8b85291a609d9836b2f2ad61b46b88f6f999f0bdc51042	978	evidence
bc03-wrong-authority-head--case-bc03-wrong-authority/oracle-result.tsv	100644	ab710f2cd900ed418fee57e1b4fbeea636ad367adfbaa7a13af01ad2cf9d43fa	95	evidence
bc03-wrong-authority-head--case-bc03-wrong-authority/pragma.tsv	100644	527718fa04834b399233c488c4cb4081a9a0c503a7fa001ac3a5c073e78a2041	933	evidence
bc03-wrong-authority-head--case-bc03-wrong-authority/raw-observations.tsv	100644	fe83ffeea82baa6f55f7c460bc393e1972f1500fa0eac3c5ef2126c780810738	951	evidence
bc03-wrong-authority-head--case-bc03-wrong-authority/raw-seal.tsv	100644	fd976e4b6afb7b37e8676fd0d9da566397acc0da9e4d14b456f686a278e7cfcd	307	evidence
bc04-ambient-fallback--case-bc04-ambient/action-receipts.tsv	100644	708950d6e3cbc60471acfa6bdd3dc213ae3c187f91ff8cff444f6d4707dfb4fc	367	evidence
bc04-ambient-fallback--case-bc04-ambient/command-receipts.tsv	100644	c8236c4ead69a7298766419615c069e86f31c7263e9576945a52242d1dcc39fe	2878	evidence
bc04-ambient-fallback--case-bc04-ambient/coverage.tsv	100644	c21d683928e51d136f72eb3bacc9fc025895354c40a845ccbfb7dca9ec6824ed	763	evidence
bc04-ambient-fallback--case-bc04-ambient/exclusions.tsv	100644	e3b0c44298fc1c149afbf4c8996fb92427ae41e4649b934ca495991b7852b855	0	evidence
bc04-ambient-fallback--case-bc04-ambient/fault-markers.tsv	100644	e3b0c44298fc1c149afbf4c8996fb92427ae41e4649b934ca495991b7852b855	0	evidence
bc04-ambient-fallback--case-bc04-ambient/inventory-after.tsv	100644	0933de62e35aff552b34b67f30acf0f85b9d98871b44f0d46bfbdcf805188e58	269	evidence
bc04-ambient-fallback--case-bc04-ambient/inventory-before.tsv	100644	0933de62e35aff552b34b67f30acf0f85b9d98871b44f0d46bfbdcf805188e58	269	evidence
bc04-ambient-fallback--case-bc04-ambient/inventory-reopened.tsv	100644	0933de62e35aff552b34b67f30acf0f85b9d98871b44f0d46bfbdcf805188e58	269	evidence
bc04-ambient-fallback--case-bc04-ambient/normalized-observations.tsv	100644	b6034c4ead07d2591992b52fad120d5ff605288bd92ef670c85e5b0e2d850999	555	evidence
bc04-ambient-fallback--case-bc04-ambient/oracle-result.tsv	100644	935721d11688febb6f5b75ed093c606c596b3714e9e5596099b0979ad07cb244	87	evidence
bc04-ambient-fallback--case-bc04-ambient/pragma.tsv	100644	7a33c5cf139274f6ee40bc85bf7a1cd0cfdc125837f73ca6d2702fee4b668e52	805	evidence
bc04-ambient-fallback--case-bc04-ambient/raw-observations.tsv	100644	458df10857a24de3c2f818bd12eeb64ec778273c6ac1a05b9a1cfb17725647f6	534	evidence
bc04-ambient-fallback--case-bc04-ambient/raw-seal.tsv	100644	6ee8755244b97b58d2ad74ffef773ea424ed7753fbf67286e280b139bd49e4e1	283	evidence
bc04-control-receipts.tsv	100644	03926d8b797ea882a338817df2f241043b48f2ee1565e4e69d12342da76d1a34	1716	evidence
bc04-exact-published-collapse--case-bc04-collapse/action-receipts.tsv	100644	c46abbeb7f70006625f245230e316d9b8fbaac275474fa52766e35a1665c6dcb	430	evidence
bc04-exact-published-collapse--case-bc04-collapse/command-receipts.tsv	100644	0463de4f4fb2bc8562dce2efb5c3a13ab0147ee9ac20a5624a24c30e701ae37e	3031	evidence
bc04-exact-published-collapse--case-bc04-collapse/coverage.tsv	100644	8a10863d1919d67a1c137dc3a923b5eb29cdb05488ccbe50e2ec740ff77f9be1	889	evidence
bc04-exact-published-collapse--case-bc04-collapse/exclusions.tsv	100644	e3b0c44298fc1c149afbf4c8996fb92427ae41e4649b934ca495991b7852b855	0	evidence
bc04-exact-published-collapse--case-bc04-collapse/fault-markers.tsv	100644	e3b0c44298fc1c149afbf4c8996fb92427ae41e4649b934ca495991b7852b855	0	evidence
bc04-exact-published-collapse--case-bc04-collapse/inventory-after.tsv	100644	198fef97f8cb0b87a44afa8f7928fc385ebb237cb335d9730b1ca79bc602c07f	824	evidence
bc04-exact-published-collapse--case-bc04-collapse/inventory-before.tsv	100644	198fef97f8cb0b87a44afa8f7928fc385ebb237cb335d9730b1ca79bc602c07f	824	evidence
bc04-exact-published-collapse--case-bc04-collapse/inventory-reopened.tsv	100644	198fef97f8cb0b87a44afa8f7928fc385ebb237cb335d9730b1ca79bc602c07f	824	evidence
bc04-exact-published-collapse--case-bc04-collapse/normalized-observations.tsv	100644	d30e983c874ad9785b6c5d4c6f11f13cff9ed25d14f98fc7de69803b30e24f4a	605	evidence
bc04-exact-published-collapse--case-bc04-collapse/oracle-result.tsv	100644	48828f7062ca0ab1075b3676b1797726b8f036abd8c18fa79ca9a1402ff2c647	103	evidence
bc04-exact-published-collapse--case-bc04-collapse/pragma.tsv	100644	6b19788f094cd8fe49b742fa3f6fdb7e772cbd67b7af78752b08d33515112220	941	evidence
bc04-exact-published-collapse--case-bc04-collapse/raw-observations.tsv	100644	7d3a1366843fda3b8db4f228b67e85017d73dc5d3dd89f884eac33588926a1f2	598	evidence
bc04-exact-published-collapse--case-bc04-collapse/raw-seal.tsv	100644	da8841778ece8724719bddb61168d16120182aa92addac34e231ec9320b55666	301	evidence
bc04-exact-read--case-bc04-exact/action-receipts.tsv	100644	19188d9bf0a3d83ad4c06d14ad0ed67c44dce9fb6ad65b0d58098a7de696d8f9	327	evidence
bc04-exact-read--case-bc04-exact/command-receipts.tsv	100644	114adefa08feff7a0e20d17427d13af6af10c42780ee7676ed1260e67d761b9e	2748	evidence
bc04-exact-read--case-bc04-exact/coverage.tsv	100644	799ef4edca0739e5b5e749ade1c889edac774760cc4583072f453d407ae1135f	744	evidence
bc04-exact-read--case-bc04-exact/exclusions.tsv	100644	e3b0c44298fc1c149afbf4c8996fb92427ae41e4649b934ca495991b7852b855	0	evidence
bc04-exact-read--case-bc04-exact/fault-markers.tsv	100644	e3b0c44298fc1c149afbf4c8996fb92427ae41e4649b934ca495991b7852b855	0	evidence
bc04-exact-read--case-bc04-exact/inventory-after.tsv	100644	8c9502d6cd179346c572587dcc7416105d3e7aa003859567282ba2dba555140f	239	evidence
bc04-exact-read--case-bc04-exact/inventory-before.tsv	100644	8c9502d6cd179346c572587dcc7416105d3e7aa003859567282ba2dba555140f	239	evidence
bc04-exact-read--case-bc04-exact/inventory-reopened.tsv	100644	8c9502d6cd179346c572587dcc7416105d3e7aa003859567282ba2dba555140f	239	evidence
bc04-exact-read--case-bc04-exact/normalized-observations.tsv	100644	8d652d6a79484a06526390f3574c3124664c547e4d6aa8a68aec12ab45eeca80	478	evidence
bc04-exact-read--case-bc04-exact/oracle-result.tsv	100644	0cbe2e5f10f324cb6983f13a5d5a8ef7776442b179f145724b54698ec9c07ffc	75	evidence
bc04-exact-read--case-bc04-exact/pragma.tsv	100644	145e230ebab23d3dc145733d2b4b5c06790d994aa4a9f6a92c97de1e4d3a0c31	693	evidence
bc04-exact-read--case-bc04-exact/raw-observations.tsv	100644	21a88da95a773f2a4d292bc54637af3fd4d319d5448c09169c9f38a0dbe3c398	461	evidence
bc04-exact-read--case-bc04-exact/raw-seal.tsv	100644	f0d5fc73c84da68ba8f862066eb7f5c54facd932f8a243b2beb23c11e282425e	267	evidence
bc04-published-read--case-bc04-published/action-receipts.tsv	100644	3e5f48ad242631b120257781d90c1a5e97a2336874819640b05d5b28d1fde99e	396	evidence
bc04-published-read--case-bc04-published/command-receipts.tsv	100644	b2cbbedf962874253f1b787f759b07ca92a5eea15a4773a9c55ac92eab463453	2860	evidence
bc04-published-read--case-bc04-published/coverage.tsv	100644	5f73558ad41087eef2a7b0d0acfc617c3decfdaf6759c09c45a76ba3c8353f44	872	evidence
bc04-published-read--case-bc04-published/exclusions.tsv	100644	e3b0c44298fc1c149afbf4c8996fb92427ae41e4649b934ca495991b7852b855	0	evidence
bc04-published-read--case-bc04-published/fault-markers.tsv	100644	e3b0c44298fc1c149afbf4c8996fb92427ae41e4649b934ca495991b7852b855	0	evidence
bc04-published-read--case-bc04-published/inventory-after.tsv	100644	833482e606ba29e17f08cded345a50418ce924698f1ae0ab7b066881ed5d4eb5	576	evidence
bc04-published-read--case-bc04-published/inventory-before.tsv	100644	833482e606ba29e17f08cded345a50418ce924698f1ae0ab7b066881ed5d4eb5	576	evidence
bc04-published-read--case-bc04-published/inventory-reopened.tsv	100644	833482e606ba29e17f08cded345a50418ce924698f1ae0ab7b066881ed5d4eb5	576	evidence
bc04-published-read--case-bc04-published/normalized-observations.tsv	100644	84801c57444b69fb541947ff66566abad1e68b9a8d5b09c470d33ddaed04a7df	543	evidence
bc04-published-read--case-bc04-published/oracle-result.tsv	100644	52d8a1982eaaa00e4161530f3c6a620707f0e51a0adc19a948f87c6083095b9e	83	evidence
bc04-published-read--case-bc04-published/pragma.tsv	100644	d750c5a6eee519a6222807887799a3e10b37b7358cf57805a4a4a52057371be8	789	evidence
bc04-published-read--case-bc04-published/raw-observations.tsv	100644	660639dcb794df703494e3de9e8b097d0f34e2f5d81b83659e65596a215dc653	532	evidence
bc04-published-read--case-bc04-published/raw-seal.tsv	100644	148235a58b93469f922cb8a22db56d33269df5088e0a33465276c1366e1a1cac	283	evidence
bc04-unaccepted-available--case-bc04-unaccepted/action-receipts.tsv	100644	98f0bfc6f0327fc3de09605a3b3efd08a14cc8a20ec5f0751bd6d50308af41e2	401	evidence
bc04-unaccepted-available--case-bc04-unaccepted/command-receipts.tsv	100644	5b16bfbd5a340082baffa3efd06cce28b7e8e861c18e8ce0ac2e9a15dbba9b7a	2977	evidence
bc04-unaccepted-available--case-bc04-unaccepted/coverage.tsv	100644	f65033c79f77d0f21d627545bdf9c5ce5391e7e2209c0e41d1370302df06e348	861	evidence
bc04-unaccepted-available--case-bc04-unaccepted/exclusions.tsv	100644	e3b0c44298fc1c149afbf4c8996fb92427ae41e4649b934ca495991b7852b855	0	evidence
bc04-unaccepted-available--case-bc04-unaccepted/fault-markers.tsv	100644	e3b0c44298fc1c149afbf4c8996fb92427ae41e4649b934ca495991b7852b855	0	evidence
bc04-unaccepted-available--case-bc04-unaccepted/inventory-after.tsv	100644	8892fc734f48950198afbe0c707c47853a7cef5cd98e92324fbbf66b33524840	615	evidence
bc04-unaccepted-available--case-bc04-unaccepted/inventory-before.tsv	100644	8892fc734f48950198afbe0c707c47853a7cef5cd98e92324fbbf66b33524840	615	evidence
bc04-unaccepted-available--case-bc04-unaccepted/inventory-reopened.tsv	100644	8892fc734f48950198afbe0c707c47853a7cef5cd98e92324fbbf66b33524840	615	evidence
bc04-unaccepted-available--case-bc04-unaccepted/normalized-observations.tsv	100644	864e7df63fee29c1d76ff156d584a1915777ea7a68586861b924cebbce4a6df2	591	evidence
bc04-unaccepted-available--case-bc04-unaccepted/oracle-result.tsv	100644	a5de0475632952e7128ad588da3581ae2540969aad5bd38bc546539d1e3a4e16	95	evidence
bc04-unaccepted-available--case-bc04-unaccepted/pragma.tsv	100644	0ebc801edae6fa2f94f78e914f4c52407d2bdae9ad0c4c8539538d521aaf1ddd	893	evidence
bc04-unaccepted-available--case-bc04-unaccepted/raw-observations.tsv	100644	856327239833f82f95703b4fc578ccf098ee98a5fde7277ddb8c114a50087c3a	666	evidence
bc04-unaccepted-available--case-bc04-unaccepted/raw-seal.tsv	100644	f7e9695fe4d67e6c93df47a6f3fe451e0e514fb2de297a4bb33b26b640462f62	297	evidence
bc05-ambient-advance--case-bc05-ambient/action-receipts.tsv	100644	004c42cd96eeeaf799c3382b10c6cf98eba50395dfa399fe089e38a1816a74b4	382	evidence
bc05-ambient-advance--case-bc05-ambient/command-receipts.tsv	100644	771a19ec46d213d45c4b83076d4166fa99bd92eefea14191840d81b6a9c114b3	2868	evidence
bc05-ambient-advance--case-bc05-ambient/coverage.tsv	100644	c00ab01610325f5949a07a04150a5079528e8cb7252c65f8fba848007f196ef7	856	evidence
bc05-ambient-advance--case-bc05-ambient/exclusions.tsv	100644	e3b0c44298fc1c149afbf4c8996fb92427ae41e4649b934ca495991b7852b855	0	evidence
bc05-ambient-advance--case-bc05-ambient/fault-markers.tsv	100644	e3b0c44298fc1c149afbf4c8996fb92427ae41e4649b934ca495991b7852b855	0	evidence
bc05-ambient-advance--case-bc05-ambient/inventory-after.tsv	100644	24a54ded0563739c7f2373001ff057404692db1115daca46aa785739aa0ea425	2489	evidence
bc05-ambient-advance--case-bc05-ambient/inventory-before.tsv	100644	e5f95717dacfe3ac43723b7861c3803c79bb5891e3d3409df6e63af56844f9cf	2489	evidence
bc05-ambient-advance--case-bc05-ambient/inventory-reopened.tsv	100644	24a54ded0563739c7f2373001ff057404692db1115daca46aa785739aa0ea425	2489	evidence
bc05-ambient-advance--case-bc05-ambient/normalized-observations.tsv	100644	01e8762fccb2d15e2310511349c7c69fe7ad012e93935e329367dc3bab684767	778	evidence
bc05-ambient-advance--case-bc05-ambient/oracle-result.tsv	100644	3f9a9fb8172371632391238fb18e7d67aa2a2ce06b5452fe4431caef76735570	85	evidence
bc05-ambient-advance--case-bc05-ambient/pragma.tsv	100644	898befa5584096cab9e0f1086f7ef275bd4edadc0119cdbeb5cf317033ca5113	789	evidence
bc05-ambient-advance--case-bc05-ambient/raw-observations.tsv	100644	e4f814817aa0a33470e15ee687e0fd389b001914531a369a5de809a1f78394b3	711	evidence
bc05-ambient-advance--case-bc05-ambient/raw-seal.tsv	100644	5140c908d53f1e1760aeea0afd11f84985b8c074eb5c02f51b48d5cd50bef845	281	evidence
bc05-binding-omission--case-bc05-binding/action-receipts.tsv	100644	a63d334f779c471a0b1ad5b4e1296b34daffafa16796b5ea77c04041322a72e3	382	evidence
bc05-binding-omission--case-bc05-binding/command-receipts.tsv	100644	710ee91130f6dfb7d78237c110e4fb016dd3293b51d229c62d8f4f5f773238a1	2889	evidence
bc05-binding-omission--case-bc05-binding/coverage.tsv	100644	b41cfcdbcce8eacc15dffa6cd8393b81a452e903b371093e1a45d96b9bffd79f	872	evidence
bc05-binding-omission--case-bc05-binding/exclusions.tsv	100644	e3b0c44298fc1c149afbf4c8996fb92427ae41e4649b934ca495991b7852b855	0	evidence
bc05-binding-omission--case-bc05-binding/fault-markers.tsv	100644	e3b0c44298fc1c149afbf4c8996fb92427ae41e4649b934ca495991b7852b855	0	evidence
bc05-binding-omission--case-bc05-binding/inventory-after.tsv	100644	8259bfed7f49619666c74f0384de2847c5b481e90eddc0b3c89c4e7df2ca746a	1684	evidence
bc05-binding-omission--case-bc05-binding/inventory-before.tsv	100644	8259bfed7f49619666c74f0384de2847c5b481e90eddc0b3c89c4e7df2ca746a	1684	evidence
bc05-binding-omission--case-bc05-binding/inventory-reopened.tsv	100644	8259bfed7f49619666c74f0384de2847c5b481e90eddc0b3c89c4e7df2ca746a	1684	evidence
bc05-binding-omission--case-bc05-binding/normalized-observations.tsv	100644	1c3489820cf2b7ef2eb24af925c0f7cb0451312b41970d8dc017ec250664ba93	775	evidence
bc05-binding-omission--case-bc05-binding/oracle-result.tsv	100644	0b068431ec8a07df2f50b9ad5111d5d393179cab63e6b7c275305023f7a4f21c	87	evidence
bc05-binding-omission--case-bc05-binding/pragma.tsv	100644	7cdc51f6064de27bba0d7130567c3426cf7cd1598e92914840eaf16efb089caa	805	evidence
bc05-binding-omission--case-bc05-binding/raw-observations.tsv	100644	44199c4a8c90a404d7f5d675351b5dc422f4acb6a9c0700b46ee5728b12bb928	729	evidence
bc05-binding-omission--case-bc05-binding/raw-seal.tsv	100644	55afb1a8204c9081b6810f747dd623fb2ce5d8f50189bf1eac6077e654de9b02	283	evidence
bc05-complete-closure--case-bc05-complete/action-receipts.tsv	100644	611d1e9875f7f4ff0949d47b1fab9f33d8bfc3c553a07ede63c14aa37fc4fe72	393	evidence
bc05-complete-closure--case-bc05-complete/command-receipts.tsv	100644	0194f00d839ffc48e13567f01a8f06508d6285a7bb6ee34becbc5aa31f111314	2898	evidence
bc05-complete-closure--case-bc05-complete/coverage.tsv	100644	f0af37736e2c120eaec2a3e7be34277f30f05f9198d9b25f73e88c90da88a7af	999	evidence
bc05-complete-closure--case-bc05-complete/exclusions.tsv	100644	e3b0c44298fc1c149afbf4c8996fb92427ae41e4649b934ca495991b7852b855	0	evidence
bc05-complete-closure--case-bc05-complete/fault-markers.tsv	100644	e3b0c44298fc1c149afbf4c8996fb92427ae41e4649b934ca495991b7852b855	0	evidence
bc05-complete-closure--case-bc05-complete/inventory-after.tsv	100644	d92967039ca15e296ad6611223dd0a8b258859ff3174c69664ead73d9c7b6fa3	1888	evidence
bc05-complete-closure--case-bc05-complete/inventory-before.tsv	100644	d92967039ca15e296ad6611223dd0a8b258859ff3174c69664ead73d9c7b6fa3	1888	evidence
bc05-complete-closure--case-bc05-complete/inventory-reopened.tsv	100644	d92967039ca15e296ad6611223dd0a8b258859ff3174c69664ead73d9c7b6fa3	1888	evidence
bc05-complete-closure--case-bc05-complete/normalized-observations.tsv	100644	142f7e7a78479b9b872abb0787b3ceb4ad1c1eded8de8c91f7b9a57b37c2b716	913	evidence
bc05-complete-closure--case-bc05-complete/oracle-result.tsv	100644	b09839f75a96cdfef31a211230fcae212bc783fef0db9463dd55c408daf36df3	87	evidence
bc05-complete-closure--case-bc05-complete/pragma.tsv	100644	f2584f652eb74e08761b1901cbe8698eeba2aa2805e19a45da56609ea8fa6753	813	evidence
bc05-complete-closure--case-bc05-complete/raw-observations.tsv	100644	807e4d4272580f4bb0e80c063d00bc9d5f41058cef00a33c577199507ca751ec	850	evidence
bc05-complete-closure--case-bc05-complete/raw-seal.tsv	100644	edf45f32c539532c45895e8ba825dcc8a1254d333cb733a2047457f243a673ff	285	evidence
bc05-control-receipts.tsv	100644	0f7594dcb30d8444de2a2c434ba0970a5e3de14b4fdcb22b883cf444e16ba268	2601	evidence
bc05-definition-omission--case-bc05-definition/action-receipts.tsv	100644	7dd1d22e32a47f9a2ca070a74f211bdc35c4345708dc60d05ae7bcb0076b7f6d	418	evidence
bc05-definition-omission--case-bc05-definition/command-receipts.tsv	100644	439fff0859cdfc77ae4a12514501785cbe6c261560fa213ed1844998a58b0943	2970	evidence
bc05-definition-omission--case-bc05-definition/coverage.tsv	100644	1d78a1d4601f80422ac4b0d548dc31b98f5906fe36573a4fba12987d527a4cb7	968	evidence
bc05-definition-omission--case-bc05-definition/exclusions.tsv	100644	e3b0c44298fc1c149afbf4c8996fb92427ae41e4649b934ca495991b7852b855	0	evidence
bc05-definition-omission--case-bc05-definition/fault-markers.tsv	100644	e3b0c44298fc1c149afbf4c8996fb92427ae41e4649b934ca495991b7852b855	0	evidence
bc05-definition-omission--case-bc05-definition/inventory-after.tsv	100644	8f8be360cc9046b8f52580f493bd5cf5c5378cda5c9983a9ff2077b060c8075a	1949	evidence
bc05-definition-omission--case-bc05-definition/inventory-before.tsv	100644	8f8be360cc9046b8f52580f493bd5cf5c5378cda5c9983a9ff2077b060c8075a	1949	evidence
bc05-definition-omission--case-bc05-definition/inventory-reopened.tsv	100644	8f8be360cc9046b8f52580f493bd5cf5c5378cda5c9983a9ff2077b060c8075a	1949	evidence
bc05-definition-omission--case-bc05-definition/normalized-observations.tsv	100644	b888048b3918e4fadcc37621663acf95063162a8624f038eb92d83033299c46c	845	evidence
bc05-definition-omission--case-bc05-definition/oracle-result.tsv	100644	f8601a28e3953a05c48b0555913bb305b022ef7bbf266abe4f25aa2bb9448bc5	93	evidence
bc05-definition-omission--case-bc05-definition/pragma.tsv	100644	33543f15b98b4c4ef9b4a6d494f78b55874145c72eda35e9a96af0a4e10edb4a	877	evidence
bc05-definition-omission--case-bc05-definition/raw-observations.tsv	100644	0aab34c10f9963ead7ba25b6b2185d26a44107eb34197cd759d6ca792a853bdd	792	evidence
bc05-definition-omission--case-bc05-definition/raw-seal.tsv	100644	e9ba0c37d21d8913da42e0b1a70095a63b3cdb7ffd7d816f41048f274edac6c8	295	evidence
bc05-missing-as-empty--case-bc05-empty/action-receipts.tsv	100644	be92fb5dbf20c960af11bcb82bddcb8530a6ee6ad1fe0fa3f04a9ead9ff226fc	391	evidence
bc05-missing-as-empty--case-bc05-empty/command-receipts.tsv	100644	65e1106218ae115e9ae8c822ed8eac75b8cfb93903fd2103083a1845ca6d5aab	2871	evidence
bc05-missing-as-empty--case-bc05-empty/coverage.tsv	100644	fe151d1f8e6b3a4e6d336d803298306697d0077ff9f55eee6281ef9e4dd1d409	840	evidence
bc05-missing-as-empty--case-bc05-empty/exclusions.tsv	100644	e3b0c44298fc1c149afbf4c8996fb92427ae41e4649b934ca495991b7852b855	0	evidence
bc05-missing-as-empty--case-bc05-empty/fault-markers.tsv	100644	e3b0c44298fc1c149afbf4c8996fb92427ae41e4649b934ca495991b7852b855	0	evidence
bc05-missing-as-empty--case-bc05-empty/inventory-after.tsv	100644	7b58dfd57ef6d51bd0bd9e086d5d816af337724b07a4c727934bb424bf44bdbc	2073	evidence
bc05-missing-as-empty--case-bc05-empty/inventory-before.tsv	100644	7b58dfd57ef6d51bd0bd9e086d5d816af337724b07a4c727934bb424bf44bdbc	2073	evidence
bc05-missing-as-empty--case-bc05-empty/inventory-reopened.tsv	100644	7b58dfd57ef6d51bd0bd9e086d5d816af337724b07a4c727934bb424bf44bdbc	2073	evidence
bc05-missing-as-empty--case-bc05-empty/normalized-observations.tsv	100644	253b022be5248bfee9d719c72d3f060fa4540a2d53b461e719b3d4f67196155d	777	evidence
bc05-missing-as-empty--case-bc05-empty/oracle-result.tsv	100644	5068bd1e060963b6f04328637a6e349afa0638a35106774338ecc406e4ac86ab	87	evidence
bc05-missing-as-empty--case-bc05-empty/pragma.tsv	100644	6f0b81da99262ace841f344cdc260d520125ca4a65c5cfe5ad421df5e2148002	789	evidence
bc05-missing-as-empty--case-bc05-empty/raw-observations.tsv	100644	879496aa6ebe8ef3e3267b0a0cfa091771c79a58ec93a4a75f79e3bdc3928b88	738	evidence
bc05-missing-as-empty--case-bc05-empty/raw-seal.tsv	100644	006745df513b0b0259b441c9455045436b05bc9951f00f4094740eb1bc9b4630	279	evidence
bc05-pinned-knowledge-cut--case-bc05-cut/action-receipts.tsv	100644	d17fedeaf80bc6484f0022d5964795a4af17b39502440d19a1777c04fb74ed56	376	evidence
bc05-pinned-knowledge-cut--case-bc05-cut/command-receipts.tsv	100644	b6a22073bd016f14470f9130b2a97ab6746f99bc24d6208fbcfe83577385caca	2922	evidence
bc05-pinned-knowledge-cut--case-bc05-cut/coverage.tsv	100644	5cabdfffa495c89ec9ee30b6ae57aa9554f32be7900857f06f4a7a7b4ee99dc0	981	evidence
bc05-pinned-knowledge-cut--case-bc05-cut/exclusions.tsv	100644	e3b0c44298fc1c149afbf4c8996fb92427ae41e4649b934ca495991b7852b855	0	evidence
bc05-pinned-knowledge-cut--case-bc05-cut/fault-markers.tsv	100644	e3b0c44298fc1c149afbf4c8996fb92427ae41e4649b934ca495991b7852b855	0	evidence
bc05-pinned-knowledge-cut--case-bc05-cut/inventory-after.tsv	100644	3f1800b2bac8703c46f38a661159f34093107e683744138c495c4dab62149a5f	2504	evidence
bc05-pinned-knowledge-cut--case-bc05-cut/inventory-before.tsv	100644	76fb69f373ed9372e83df6e00f51b5b99518a7633d84908dccd749d03e8a973f	2504	evidence
bc05-pinned-knowledge-cut--case-bc05-cut/inventory-reopened.tsv	100644	3f1800b2bac8703c46f38a661159f34093107e683744138c495c4dab62149a5f	2504	evidence
bc05-pinned-knowledge-cut--case-bc05-cut/normalized-observations.tsv	100644	8bdb2757854a17734f9c729db30e6247c463074f999fd46b2e4ae5513a1004d8	916	evidence
bc05-pinned-knowledge-cut--case-bc05-cut/oracle-result.tsv	100644	4d5a271d7d1f1b83ce8a389f5f9c365fc1654af8a9d694cd567976ef71973d1c	95	evidence
bc05-pinned-knowledge-cut--case-bc05-cut/pragma.tsv	100644	ccae994a5e4077f12628ac3cfcc136ba0b21d540882649346ea8e47ee1464113	837	evidence
bc05-pinned-knowledge-cut--case-bc05-cut/raw-observations.tsv	100644	8f773c8ab9ed9df39ca36db99a902aef34bc15efa04ceb5d0ad405e78af91486	840	evidence
bc05-pinned-knowledge-cut--case-bc05-cut/raw-seal.tsv	100644	503a08175e06010f37959348b065b2776c0c50178994f2d45ebf93d07e517e92	283	evidence
bc05-root-omission--case-bc05-root/action-receipts.tsv	100644	d8d5910c2f8f0d89773aff0ab840a7c8dcac8c8e242207a41978c1ac05af692f	346	evidence
bc05-root-omission--case-bc05-root/command-receipts.tsv	100644	77db5039ccf639c857d029bf26d04384f9bcacd1eff26b2a26f58a6b7c35ccc0	2808	evidence
bc05-root-omission--case-bc05-root/coverage.tsv	100644	f3605a86679bec19cff65361a4ac99db9446a5fdc4cec9918ed0cfe8988b1695	776	evidence
bc05-root-omission--case-bc05-root/exclusions.tsv	100644	e3b0c44298fc1c149afbf4c8996fb92427ae41e4649b934ca495991b7852b855	0	evidence
bc05-root-omission--case-bc05-root/fault-markers.tsv	100644	e3b0c44298fc1c149afbf4c8996fb92427ae41e4649b934ca495991b7852b855	0	evidence
bc05-root-omission--case-bc05-root/inventory-after.tsv	100644	fb7bd40efd2e085b5e643f258d218ca25c8e1659896fbb1c7d9d7538cb2158a7	1709	evidence
bc05-root-omission--case-bc05-root/inventory-before.tsv	100644	fb7bd40efd2e085b5e643f258d218ca25c8e1659896fbb1c7d9d7538cb2158a7	1709	evidence
bc05-root-omission--case-bc05-root/inventory-reopened.tsv	100644	fb7bd40efd2e085b5e643f258d218ca25c8e1659896fbb1c7d9d7538cb2158a7	1709	evidence
bc05-root-omission--case-bc05-root/normalized-observations.tsv	100644	19296004004dc2a84418d32bfc98ae430060a835525708facc69e6f871ac24d6	725	evidence
bc05-root-omission--case-bc05-root/oracle-result.tsv	100644	2f10cd829f0e9b70b3fe0472d1fcdd9d234fd213c3e3e6be04acb7a62fe97b48	81	evidence
bc05-root-omission--case-bc05-root/pragma.tsv	100644	d7caf04debbb3948a5630c809924c0a88162821690675d29fad7b66b92569ddf	733	evidence
bc05-root-omission--case-bc05-root/raw-observations.tsv	100644	76b62c581a0544d8f64fe59f06521432b49389a37ad476dc84acda80b496e340	684	evidence
bc05-root-omission--case-bc05-root/raw-seal.tsv	100644	4d7d2ae378d6850246e63a8aa4c54eb4dc362edb7cf992cf3ca4639976c8b93f	271	evidence
bc05-semantics-omission--case-bc05-semantics/action-receipts.tsv	100644	14e49a3720907f52175a993967d5218270e1346f2aa54c28ae7bf30d0f966d2a	406	evidence
bc05-semantics-omission--case-bc05-semantics/command-receipts.tsv	100644	d937fa52d5d52cf384158a443df0da8982cc1b7168094b4d12e4bdaf216a8b3e	2943	evidence
bc05-semantics-omission--case-bc05-semantics/coverage.tsv	100644	8f52e4c6818d36a2205ce6dd3b15f1f3df4659fdf73d3c7590a30e945cf5ae85	936	evidence
bc05-semantics-omission--case-bc05-semantics/exclusions.tsv	100644	e3b0c44298fc1c149afbf4c8996fb92427ae41e4649b934ca495991b7852b855	0	evidence
bc05-semantics-omission--case-bc05-semantics/fault-markers.tsv	100644	e3b0c44298fc1c149afbf4c8996fb92427ae41e4649b934ca495991b7852b855	0	evidence
bc05-semantics-omission--case-bc05-semantics/inventory-after.tsv	100644	bfce0da66c55f7bcfae91239b3f40226cf89ca8d8d9a6d4ec70efba30a0275b5	1904	evidence
bc05-semantics-omission--case-bc05-semantics/inventory-before.tsv	100644	bfce0da66c55f7bcfae91239b3f40226cf89ca8d8d9a6d4ec70efba30a0275b5	1904	evidence
bc05-semantics-omission--case-bc05-semantics/inventory-reopened.tsv	100644	bfce0da66c55f7bcfae91239b3f40226cf89ca8d8d9a6d4ec70efba30a0275b5	1904	evidence
bc05-semantics-omission--case-bc05-semantics/normalized-observations.tsv	100644	2f2c0883b9e2651aab0981c25c5a1888e08c43e663bdf1532e2e7a2bae07786f	825	evidence
bc05-semantics-omission--case-bc05-semantics/oracle-result.tsv	100644	1a752ea1418716073c006f70a9c5562623f95de27d1d9583a9906c35416ad06e	91	evidence
bc05-semantics-omission--case-bc05-semantics/pragma.tsv	100644	86606d2c0c80fe47c4d7528b41085ac47ca2fbe5002662bfc04bb7a0efe06cf5	853	evidence
bc05-semantics-omission--case-bc05-semantics/raw-observations.tsv	100644	61545e62852673878c2f93116f311b9cd240d274dfaadc5a32b9c417ff0c2a8e	774	evidence
bc05-semantics-omission--case-bc05-semantics/raw-seal.tsv	100644	815500f34ce3e8ad2f5cc785c8e0ece07a89891dbfa192eeec902195cac57a3a	291	evidence
bc05-transitive-omission--case-bc05-transitive/action-receipts.tsv	100644	649d00d563dc194856fbdfb4e71b6741320263d1ca936535f1ec53fce1f0d501	429	evidence
bc05-transitive-omission--case-bc05-transitive/command-receipts.tsv	100644	534be9b2ee8fdd6e5dc002d27cd1a063c1de791c1fc6daab342a79f5e6fb2d8e	2970	evidence
bc05-transitive-omission--case-bc05-transitive/coverage.tsv	100644	24274591748539abb05b8a7f2d6c707b79b5b9a1704f00585ca3ec25c9cc1726	1089	evidence
bc05-transitive-omission--case-bc05-transitive/exclusions.tsv	100644	e3b0c44298fc1c149afbf4c8996fb92427ae41e4649b934ca495991b7852b855	0	evidence
bc05-transitive-omission--case-bc05-transitive/fault-markers.tsv	100644	e3b0c44298fc1c149afbf4c8996fb92427ae41e4649b934ca495991b7852b855	0	evidence
bc05-transitive-omission--case-bc05-transitive/inventory-after.tsv	100644	7db4ba1ff870b7ebf33b77c7fda6810c896ef051f337a6209bd86625b0f23453	1937	evidence
bc05-transitive-omission--case-bc05-transitive/inventory-before.tsv	100644	7db4ba1ff870b7ebf33b77c7fda6810c896ef051f337a6209bd86625b0f23453	1937	evidence
bc05-transitive-omission--case-bc05-transitive/inventory-reopened.tsv	100644	7db4ba1ff870b7ebf33b77c7fda6810c896ef051f337a6209bd86625b0f23453	1937	evidence
bc05-transitive-omission--case-bc05-transitive/normalized-observations.tsv	100644	80f3662927de218160a55d99f77fffde9a17b44dcf7d2e009308f67b6623475b	968	evidence
bc05-transitive-omission--case-bc05-transitive/oracle-result.tsv	100644	ac188304cfd4b638cd1f2e8a682412a26bd92171f7f094b42f2c022e4bf5f1cb	93	evidence
bc05-transitive-omission--case-bc05-transitive/pragma.tsv	100644	043e7d7f92b73fc92c5d92bf2d550ee8b4415c259246074b1707d17725bcb1fe	877	evidence
bc05-transitive-omission--case-bc05-transitive/raw-observations.tsv	100644	5179183786bf0e00a9679c1cba3b0b9f3cc913183f2cf07598c76696d6fd4cd9	900	evidence
bc05-transitive-omission--case-bc05-transitive/raw-seal.tsv	100644	483f8f192f6fdba151b582be7c0d01f39cd2b87c49eae43700297222dd548f4b	295	evidence
bc06-control-receipts.tsv	100644	788bc363074ebd1591458c44f819fd006d85fc943bdd29be4ca6394bb9da85a4	1612	evidence
bc06-observation-write/action-receipts.tsv	100644	f1d32a00ce0fedb2eec6bd90c3eeb3869ae770fad1fab634f382e8708965afd4	290	evidence
bc06-observation-write/command-receipts.tsv	100644	b12ad1a08865d082c08f962297797ca38ced1c46e335d819110c9b529a43df6c	3020	evidence
bc06-observation-write/coverage.tsv	100644	7d79fae2d6ef81cc4b951ed7e39322dd5859aa073675ae7710afd51572e34275	1241	evidence
bc06-observation-write/exclusions.tsv	100644	e3b0c44298fc1c149afbf4c8996fb92427ae41e4649b934ca495991b7852b855	0	evidence
bc06-observation-write/fault-markers.tsv	100644	e3b0c44298fc1c149afbf4c8996fb92427ae41e4649b934ca495991b7852b855	0	evidence
bc06-observation-write/inventory-after.tsv	100644	bd13f7df37b2d7efd497ad36f063e3c11b571c5b5199a9d257aae5e036c1959a	735	evidence
bc06-observation-write/inventory-before.tsv	100644	bd13f7df37b2d7efd497ad36f063e3c11b571c5b5199a9d257aae5e036c1959a	735	evidence
bc06-observation-write/normalized-observations.tsv	100644	5c9e3cec141a24183bdb22e3551f866a1a9b2633b30d9cc89dcc16408fe9e784	757	evidence
bc06-observation-write/oracle-result.tsv	100644	7ebe38053ea10563f0f0725ffa3fc18468446307bb74372d4159a76e9f903649	89	evidence
bc06-observation-write/pragma.tsv	100644	8a5d340f949d4b55e7d591bcc1b8b5c1ad5cc3f681b349d862b9792b3224e43e	756	evidence
bc06-observation-write/raw-observations.tsv	100644	9b466067c23a970179e81a2864b298eb08edf7a0cb6dc1ee906c2162b6a76d8e	1078	evidence
bc06-observation-write/raw-seal.tsv	100644	6c4c509de4a7ca241d7a7c196b97987039bba9686211fa4c98309aab380f445a	248	evidence
bc06-pure-zero-axes/action-receipts.tsv	100644	68e2cfac7723ab09db0aa293855a52999147044675b4df0b10bd50f81e02aa05	278	evidence
bc06-pure-zero-axes/command-receipts.tsv	100644	09d1ca267b8a47a2a5fc2f8e1ffb71b2eb776afb07704f01c56f0319645ef482	2960	evidence
bc06-pure-zero-axes/coverage.tsv	100644	eaa8fdfe4f6b2e9873f131189db14174550d9d8c03d798f1329f6acb7e7700fe	1139	evidence
bc06-pure-zero-axes/exclusions.tsv	100644	e3b0c44298fc1c149afbf4c8996fb92427ae41e4649b934ca495991b7852b855	0	evidence
bc06-pure-zero-axes/fault-markers.tsv	100644	e3b0c44298fc1c149afbf4c8996fb92427ae41e4649b934ca495991b7852b855	0	evidence
bc06-pure-zero-axes/inventory-after.tsv	100644	12e87f25384b56d4824b90c9c49e65cd72cb00c0264ebf44f2e7879710ae03f1	705	evidence
bc06-pure-zero-axes/inventory-before.tsv	100644	12e87f25384b56d4824b90c9c49e65cd72cb00c0264ebf44f2e7879710ae03f1	705	evidence
bc06-pure-zero-axes/normalized-observations.tsv	100644	a1d3274cfe32c6f93e2d2cd76dcbb01f3bc9d22ab210900f9e4860ebf111c584	727	evidence
bc06-pure-zero-axes/oracle-result.tsv	100644	b9d0c45013f93145f6e74e128ef3de3997eb78f7178197cbaaedccc5a2edaaab	83	evidence
bc06-pure-zero-axes/pragma.tsv	100644	3e3043726a27b1479ea727652be0338366267883c60419ec6f9b0c1cc8590c5a	702	evidence
bc06-pure-zero-axes/raw-observations.tsv	100644	a4684d8c70fffa6811fd247769ff5a949e1aa59e013b687a5fa7919da801bdba	1036	evidence
bc06-pure-zero-axes/raw-seal.tsv	100644	74650d19794fe167beb580a0bb3c7d43b97b3270c80155773937535e645c7c95	242	evidence
bc06-repository-unchanged/action-receipts.tsv	100644	5f4102ef22125fa5b7bbf3d762964587aada93c06e69207dc7d3c8e32d3fe652	302	evidence
bc06-repository-unchanged/command-receipts.tsv	100644	b25ed6cc8588cf33b1b33deac939db11f64a82b4757032dc6084d9ba9d3a3337	3080	evidence
bc06-repository-unchanged/coverage.tsv	100644	39eb05b23a0cf83ebac106acdaf16847f88e25b083a202dffc69fde3f83f4458	1343	evidence
bc06-repository-unchanged/exclusions.tsv	100644	e3b0c44298fc1c149afbf4c8996fb92427ae41e4649b934ca495991b7852b855	0	evidence
bc06-repository-unchanged/fault-markers.tsv	100644	e3b0c44298fc1c149afbf4c8996fb92427ae41e4649b934ca495991b7852b855	0	evidence
bc06-repository-unchanged/inventory-after.tsv	100644	a7900da5da7c9ab28a830057a08fd39186550a9d5bdc749da8d29a4055d7378e	765	evidence
bc06-repository-unchanged/inventory-before.tsv	100644	a7900da5da7c9ab28a830057a08fd39186550a9d5bdc749da8d29a4055d7378e	765	evidence
bc06-repository-unchanged/normalized-observations.tsv	100644	5a5027c5d6b080e6884ad8264077572b5d02ec963d88e0f794ce973ca79f7f69	787	evidence
bc06-repository-unchanged/oracle-result.tsv	100644	58af6a09c6f465e5bebceee65c87c9ed30cbb621232cae7e8dd231091d7d61ec	94	evidence
bc06-repository-unchanged/pragma.tsv	100644	86cc341f36ea071f689bdc971f888841dd8d1903f45a9e4611d2b901102f434e	810	evidence
bc06-repository-unchanged/raw-observations.tsv	100644	15656b74ddb0540a617bc7c82497f7cae7367e5347f3bb0a4bec0f7aa989b773	1120	evidence
bc06-repository-unchanged/raw-seal.tsv	100644	1f02c153bf6cb2dda466957265d620bdf45782eaddbbface2937da6bddf8344e	254	evidence
bc06-result-write/action-receipts.tsv	100644	d9467900ae9a5ab2c37221c624f40903313e6801fefe44c2491b4f5fb6449bf0	270	evidence
bc06-result-write/command-receipts.tsv	100644	0d3b36fb503931234e4c6252e7bad60b8097be8f793ad078e02507d976209af9	2920	evidence
bc06-result-write/coverage.tsv	100644	72339b877853fc05ed5ee2876cb82dba2b31ca61a0f05b654feb422ce952f545	1071	evidence
bc06-result-write/exclusions.tsv	100644	e3b0c44298fc1c149afbf4c8996fb92427ae41e4649b934ca495991b7852b855	0	evidence
bc06-result-write/fault-markers.tsv	100644	e3b0c44298fc1c149afbf4c8996fb92427ae41e4649b934ca495991b7852b855	0	evidence
bc06-result-write/inventory-after.tsv	100644	b17fb0e917c1491aa1feec133e1bccddf90654813f52bc0f5c9e717db320dcff	685	evidence
bc06-result-write/inventory-before.tsv	100644	b17fb0e917c1491aa1feec133e1bccddf90654813f52bc0f5c9e717db320dcff	685	evidence
bc06-result-write/normalized-observations.tsv	100644	7c4c4cdb3db648d5c698cddf13704e8dd8c17682f68ab5555880c0acdac5fa73	707	evidence
bc06-result-write/oracle-result.tsv	100644	27d0437768782fa23a77af1b77c2468ecf7644b77572cf0ece92b7a8867201c2	79	evidence
bc06-result-write/pragma.tsv	100644	b494c7a1c3232e4ad7cf35a01ccee7b4e80b1edcc83797772e6fe3598cc79067	666	evidence
bc06-result-write/raw-observations.tsv	100644	c14230b5ad9bb64dba71b577b18ca53bcfcc88521b2ff2b9db792bda21eddba9	1008	evidence
bc06-result-write/raw-seal.tsv	100644	ef4b2e96a7904ba28d5fa3440421f049c8eb252d81e43fb162b3860c902f8453	238	evidence
bc06-state-write/action-receipts.tsv	100644	29a79b128e581b8dc924d3e7f45da3494724195b3619262727af6cb0a38f1959	266	evidence
bc06-state-write/command-receipts.tsv	100644	c23f5de4f369c3717cb44176aed5ddd893aa637887681a3c7d5a3028dfc12a08	2900	evidence
bc06-state-write/coverage.tsv	100644	681c48372485a3bb4746631507f2ad207994923639f7632cdc48fd6e609fcaf4	1037	evidence
bc06-state-write/exclusions.tsv	100644	e3b0c44298fc1c149afbf4c8996fb92427ae41e4649b934ca495991b7852b855	0	evidence
bc06-state-write/fault-markers.tsv	100644	e3b0c44298fc1c149afbf4c8996fb92427ae41e4649b934ca495991b7852b855	0	evidence
bc06-state-write/inventory-after.tsv	100644	6edc27c9b6155d948d39b9b3d0833e08b20f0e09440b548f7bd04f2c7d0a23e4	675	evidence
bc06-state-write/inventory-before.tsv	100644	6edc27c9b6155d948d39b9b3d0833e08b20f0e09440b548f7bd04f2c7d0a23e4	675	evidence
bc06-state-write/normalized-observations.tsv	100644	8c3577fb5ec1e3130023cbfa2c17c9d2994a73fb1fe4ad471e85fe5ef4ffb014	697	evidence
bc06-state-write/oracle-result.tsv	100644	44e3dd382c9645b8311e4d62ba8d40d59f893a52bc4dff5b12fc26f4f48b512a	77	evidence
bc06-state-write/pragma.tsv	100644	d91b4ad9742127d00fe66d530671e7f9be9bf324cf2a0183260c3a36c5f2a736	648	evidence
bc06-state-write/raw-observations.tsv	100644	08d457ea250e4162d3c0d8242c0907a4275701f53b6a81e462a85752a4587e1c	994	evidence
bc06-state-write/raw-seal.tsv	100644	7e66438bf7e8de41728707d0df72e59ceec3816fb21b3be79a00e80998ee191e	235	evidence
bc07-control-receipts.tsv	100644	d77671062d12cddf3904e2ed96e6de4f2f91c7bae6241f6666546fcd4eb5858b	1916	evidence
bc07-effect-101--case-bc07-effect/action-receipts.tsv	100644	1a4f73c903f9da9616ef28cfed83c56aff235a99bc92ae1f771031e79bc01615	182	evidence
bc07-effect-101--case-bc07-effect/command-receipts.tsv	100644	6df598ac0ac94cfb82c67247fa05caf47a64698f5e9ce365e1c9323be653ac6e	2756	evidence
bc07-effect-101--case-bc07-effect/coverage.tsv	100644	edff0f081d2b77e574c386fa3a6858aae5390d6885ef62d896eb1f4550276c33	760	evidence
bc07-effect-101--case-bc07-effect/exclusions.tsv	100644	e3b0c44298fc1c149afbf4c8996fb92427ae41e4649b934ca495991b7852b855	0	evidence
bc07-effect-101--case-bc07-effect/fault-markers.tsv	100644	e3b0c44298fc1c149afbf4c8996fb92427ae41e4649b934ca495991b7852b855	0	evidence
bc07-effect-101--case-bc07-effect/inventory-after.tsv	100644	4e961b301bba883b993452c994f31fba86f637c084ae1129eb4c6b0f8cc250ba	1187	evidence
bc07-effect-101--case-bc07-effect/inventory-before.tsv	100644	7577c58b05a0cbf4e236b163299c6b49ce9bb7adf666d1232a0cd9d58f1c3292	743	evidence
bc07-effect-101--case-bc07-effect/inventory-reopened.tsv	100644	4e961b301bba883b993452c994f31fba86f637c084ae1129eb4c6b0f8cc250ba	1187	evidence
bc07-effect-101--case-bc07-effect/normalized-observations.tsv	100644	8dc4bb4d432e8cfff3579c8b5d5a9b26b448f3bca828955956e0dc631649a0dc	694	evidence
bc07-effect-101--case-bc07-effect/oracle-result.tsv	100644	6cc293824f7608a6d6ea81499f3bd1ece34bddfbbf9b40c6f627ce38ab7f4e3d	75	evidence
bc07-effect-101--case-bc07-effect/pragma.tsv	100644	834733fb7850d49522299e32fa09eec490173f99721de05be4bfebeec81eadf8	701	evidence
bc07-effect-101--case-bc07-effect/raw-observations.tsv	100644	d96f76be091778e12e196eb46619a549d356b506ca2696b771fdb1ae1a80f23d	694	evidence
bc07-effect-101--case-bc07-effect/raw-seal.tsv	100644	8e2006d333af59bdeef069964bee016a880b95b2744a1c5d568636d81ea3ee86	269	evidence
bc07-observation-without-transition--case-bc07-orphan/action-receipts.tsv	100644	bf6ca880ae9972d7fd9276291842611fd3cad9b2a18e98a92ee5ddd8a151a333	222	evidence
bc07-observation-without-transition--case-bc07-orphan/command-receipts.tsv	100644	ac2df74347a699a163728108ecbf14ae2ef85a62562b3f0a8881291a4efb8554	3116	evidence
bc07-observation-without-transition--case-bc07-orphan/coverage.tsv	100644	cfccd0f2143d20e6c5a8f182d5392ad7310a74a494800be2ff4a49752c78ce9c	1080	evidence
bc07-observation-without-transition--case-bc07-orphan/exclusions.tsv	100644	e3b0c44298fc1c149afbf4c8996fb92427ae41e4649b934ca495991b7852b855	0	evidence
bc07-observation-without-transition--case-bc07-orphan/fault-markers.tsv	100644	e3b0c44298fc1c149afbf4c8996fb92427ae41e4649b934ca495991b7852b855	0	evidence
bc07-observation-without-transition--case-bc07-orphan/inventory-after.tsv	100644	471c5203b955dcf5142166f8813e80385794763c81c7d58ea376168dd9c8616d	1427	evidence
bc07-observation-without-transition--case-bc07-orphan/inventory-before.tsv	100644	c8213a3cd7bd8d4813150ce897489c172a5a2e252c4f185e54ac5f5c9a2f5353	903	evidence
bc07-observation-without-transition--case-bc07-orphan/inventory-reopened.tsv	100644	471c5203b955dcf5142166f8813e80385794763c81c7d58ea376168dd9c8616d	1427	evidence
bc07-observation-without-transition--case-bc07-orphan/normalized-observations.tsv	100644	eae7c08ab53f1b8600c8acc873b9721d17dfc7d7b105439838d7753a53b120ac	854	evidence
bc07-observation-without-transition--case-bc07-orphan/oracle-result.tsv	100644	33177aafd8a610b6ed65131de6df553d928eae4b61ea87a6c0cb9c2c7cf83572	115	evidence
bc07-observation-without-transition--case-bc07-orphan/pragma.tsv	100644	d66fe2d3bb8e87ddb0d8770cc3fdc4372f5b5f9308c00675e4cbdb225c8239a1	1021	evidence
bc07-observation-without-transition--case-bc07-orphan/raw-observations.tsv	100644	a30b8ca2589d6b858f8c37cb21865efdf4dfad42bdcea45fd6d4127a547061b6	854	evidence
bc07-observation-without-transition--case-bc07-orphan/raw-seal.tsv	100644	7fb718d96a7cc3a25c6eb71e5ceada8150a947dc585eaa161f14585ff01df137	309	evidence
bc07-ordinary-000--case-bc07-ordinary/action-receipts.tsv	100644	e77b19269d1b031924e97a65edb0e37f53edbcd838e7ab8c316e220c483020a9	163	evidence
bc07-ordinary-000--case-bc07-ordinary/command-receipts.tsv	100644	b9ec085cf13278a22a7c0f4a1c50f3dd1c416177ded86d9c263d906ae1974671	2809	evidence
bc07-ordinary-000--case-bc07-ordinary/coverage.tsv	100644	d4681352f722a220fa6fa612a97c1c57d178fb915d7a8372e7ac72e9f4a9bfa1	824	evidence
bc07-ordinary-000--case-bc07-ordinary/exclusions.tsv	100644	e3b0c44298fc1c149afbf4c8996fb92427ae41e4649b934ca495991b7852b855	0	evidence
bc07-ordinary-000--case-bc07-ordinary/fault-markers.tsv	100644	e3b0c44298fc1c149afbf4c8996fb92427ae41e4649b934ca495991b7852b855	0	evidence
bc07-ordinary-000--case-bc07-ordinary/inventory-after.tsv	100644	999a430e9339bde2d44f1e1c4d86fc347f5af75928817f1dfaa1ee33dedee0e6	462	evidence
bc07-ordinary-000--case-bc07-ordinary/inventory-before.tsv	100644	999a430e9339bde2d44f1e1c4d86fc347f5af75928817f1dfaa1ee33dedee0e6	462	evidence
bc07-ordinary-000--case-bc07-ordinary/inventory-reopened.tsv	100644	999a430e9339bde2d44f1e1c4d86fc347f5af75928817f1dfaa1ee33dedee0e6	462	evidence
bc07-ordinary-000--case-bc07-ordinary/normalized-observations.tsv	100644	5f8136c386e9d0b699d7ffb1a5caccfc494d9ae38d933dc3693989b10614455b	697	evidence
bc07-ordinary-000--case-bc07-ordinary/oracle-result.tsv	100644	8ea44ee3020062f3a02c2f1a8b289edf6a06883b3569c661b33cc4d13d7febe3	79	evidence
bc07-ordinary-000--case-bc07-ordinary/pragma.tsv	100644	158465cf9ef00b9c1469372595b32f0a8663b7cf3b93b647c78151d4a790caa4	749	evidence
bc07-ordinary-000--case-bc07-ordinary/raw-observations.tsv	100644	3a492e3b59f1b74c11978bc164f33a0b0da8ed21b839e01fa2de8eb6bbf44382	697	evidence
bc07-ordinary-000--case-bc07-ordinary/raw-seal.tsv	100644	88ddd24df4b73cb9c43ccf2dce6653fc5aee5a88e8c0fe6cafc79b6a59d5de41	277	evidence
bc07-record-implies-effect--case-bc07-record-effect/action-receipts.tsv	100644	d5b9f48795eb32a725fa2a26b928f4fbc9c7b30e88a346ee6473ac4e4fdaa038	215	evidence
bc07-record-implies-effect--case-bc07-record-effect/command-receipts.tsv	100644	efb941a9b6f5ef1c4f92e5e8df2af14d1b8349955b6e9a937ad1ea16b05ad294	3016	evidence
bc07-record-implies-effect--case-bc07-record-effect/coverage.tsv	100644	f031b3bf70b9628fd7ebafc54bef357b0af7aead026146785fffc93a57b9552b	1048	evidence
bc07-record-implies-effect--case-bc07-record-effect/exclusions.tsv	100644	e3b0c44298fc1c149afbf4c8996fb92427ae41e4649b934ca495991b7852b855	0	evidence
bc07-record-implies-effect--case-bc07-record-effect/fault-markers.tsv	100644	e3b0c44298fc1c149afbf4c8996fb92427ae41e4649b934ca495991b7852b855	0	evidence
bc07-record-implies-effect--case-bc07-record-effect/inventory-after.tsv	100644	1535ab9c544af058d04e464b4c8b65e4606c18d769b39b773e1ebad7bc55338f	689	evidence
bc07-record-implies-effect--case-bc07-record-effect/inventory-before.tsv	100644	30f528e358f35fe287008bd764d680e3463c41327b702e9c62910b0ed013a197	540	evidence
bc07-record-implies-effect--case-bc07-record-effect/inventory-reopened.tsv	100644	1535ab9c544af058d04e464b4c8b65e4606c18d769b39b773e1ebad7bc55338f	689	evidence
bc07-record-implies-effect--case-bc07-record-effect/normalized-observations.tsv	100644	c94042a08dd8229845f706f31e3f2fcedffd480ec85fcb18e7e366fc96cec03e	827	evidence
bc07-record-implies-effect--case-bc07-record-effect/oracle-result.tsv	100644	10f0f5b83a26d09a58f17503ea9a99db39ec1227fc8a52edef3c6758ea1a5a1f	97	evidence
bc07-record-implies-effect--case-bc07-record-effect/pragma.tsv	100644	347060bd106403500499f9fecc81e132befc47d13b610ded12e9660ea94eb0b2	933	evidence
bc07-record-implies-effect--case-bc07-record-effect/raw-observations.tsv	100644	e2a700ba038cd7014c7d11ef018b2b037cabfe32cacb784ba9088bb5d337c9bd	827	evidence
bc07-record-implies-effect--case-bc07-record-effect/raw-seal.tsv	100644	6142fd3ff727e131d181830896b4c19e730c5048ea4ed8b18c84e6e2cf3c8588	305	evidence
bc07-record-only-010--case-bc07-record/action-receipts.tsv	100644	0f684fd974da224cce73730de5193c8d37ff4887a74636ec0f77669f541fc533	175	evidence
bc07-record-only-010--case-bc07-record/command-receipts.tsv	100644	46e0bf91283e08693cf0fa41d1bc1b0252703ec576083a86e445dc5de7d3922a	2845	evidence
bc07-record-only-010--case-bc07-record/coverage.tsv	100644	c15d2ec2764fec7ffb62708251bbf5b239e5d4b5ef35ddadd3c31e6829bda3ce	840	evidence
bc07-record-only-010--case-bc07-record/exclusions.tsv	100644	e3b0c44298fc1c149afbf4c8996fb92427ae41e4649b934ca495991b7852b855	0	evidence
bc07-record-only-010--case-bc07-record/fault-markers.tsv	100644	e3b0c44298fc1c149afbf4c8996fb92427ae41e4649b934ca495991b7852b855	0	evidence
bc07-record-only-010--case-bc07-record/inventory-after.tsv	100644	d8094d72b681afc2eb6fe04ec8896b78f6da54ce0d39eb8d0894612a5b3dbab9	576	evidence
bc07-record-only-010--case-bc07-record/inventory-before.tsv	100644	f9ab25a347dff2e102adfc5a5b39ab7174222d8d96ee6395a403aaf25360dbd1	461	evidence
bc07-record-only-010--case-bc07-record/inventory-reopened.tsv	100644	d8094d72b681afc2eb6fe04ec8896b78f6da54ce0d39eb8d0894612a5b3dbab9	576	evidence
bc07-record-only-010--case-bc07-record/normalized-observations.tsv	100644	460c7052d5d60e2908a94c540c495601f41562872d8e4030731e74051a9e2db4	716	evidence
bc07-record-only-010--case-bc07-record/oracle-result.tsv	100644	64a0fb0480e286e6ecab60ec351a026b0ce703b6502afcb702aac88a38015948	85	evidence
bc07-record-only-010--case-bc07-record/pragma.tsv	100644	029b369a356162512f5a1931fa2bb9e7a521c520da1653133aa3c544e37c5bd2	781	evidence
bc07-record-only-010--case-bc07-record/raw-observations.tsv	100644	3be3d81db68a9c6cdb1df53638c8fe8c821e1cf1ce18861fb01885e5b9d26c83	716	evidence
bc07-record-only-010--case-bc07-record/raw-seal.tsv	100644	4753ce2c9177acf948deaf572890782bf56b2e1c8951976327b506620e0babbf	279	evidence
bc07-result-rewrite--case-bc07-rewrite/action-receipts.tsv	100644	8391ba0124a7f90a56480cb849288e44c27bf2f697a10efdbf49330e21038913	195	evidence
bc07-result-rewrite--case-bc07-rewrite/command-receipts.tsv	100644	1ca5dad1bf72abc6eb1012c6b7a6dc59730e42b4f970fc5b531c25eb78ae90b9	2837	evidence
bc07-result-rewrite--case-bc07-rewrite/coverage.tsv	100644	24c298c920fd90ca7f3f1836cd81ffe60aa077c16dccda68b98054515f796a57	840	evidence
bc07-result-rewrite--case-bc07-rewrite/exclusions.tsv	100644	e3b0c44298fc1c149afbf4c8996fb92427ae41e4649b934ca495991b7852b855	0	evidence
bc07-result-rewrite--case-bc07-rewrite/fault-markers.tsv	100644	e3b0c44298fc1c149afbf4c8996fb92427ae41e4649b934ca495991b7852b855	0	evidence
bc07-result-rewrite--case-bc07-rewrite/inventory-after.tsv	100644	5efaac45682e46731203319f22f72cd6df7a4300bc7d126c15a31e0131e2c5dc	1265	evidence
bc07-result-rewrite--case-bc07-rewrite/inventory-before.tsv	100644	029b59d13b65a95ebc16a5125e573952e7a43efa4d3aeebd97dd6376af6eec65	791	evidence
bc07-result-rewrite--case-bc07-rewrite/inventory-reopened.tsv	100644	5efaac45682e46731203319f22f72cd6df7a4300bc7d126c15a31e0131e2c5dc	1265	evidence
bc07-result-rewrite--case-bc07-rewrite/normalized-observations.tsv	100644	698845827eac0aa63ec78bd07ebfa0924fb1129e1edeadd209f35e08fed361b7	736	evidence
bc07-result-rewrite--case-bc07-rewrite/oracle-result.tsv	100644	3c4641205311d46d6673d5ff8eb9158d9e4792e72f29f65bcfbdd3630cc9f454	83	evidence
bc07-result-rewrite--case-bc07-rewrite/pragma.tsv	100644	d0a150007c7f2f7b47f60a8f50bfa6b32c16d4fdef3c39d795bc13f825f64344	773	evidence
bc07-result-rewrite--case-bc07-rewrite/raw-observations.tsv	100644	0491317974ccb142849b6590ddc5f99fc4d1a5bfa3759466c2090c0c70be5d7c	736	evidence
bc07-result-rewrite--case-bc07-rewrite/raw-seal.tsv	100644	71bb43e3765fb9b305ddbb37d1c960f126583e99c4e874ea08e1f94b1cfe5755	279	evidence
bc08-complete-effect--case-bc08-complete/action-receipts.tsv	100644	f3ab5774df9a82cd8c4255af80937abd83a1c2da3220fcd653981644952efc0b	411	evidence
bc08-complete-effect--case-bc08-complete/command-receipts.tsv	100644	b68d8ee5b57624557d2b6e7a5507c7113aa021a508dc8547610a6554196dddd1	3169	evidence
bc08-complete-effect--case-bc08-complete/coverage.tsv	100644	a3d50769367f862a11e69a5366401d72b86ad7cfa453e5907aae34cece2dbe7d	1308	evidence
bc08-complete-effect--case-bc08-complete/exclusions.tsv	100644	e3b0c44298fc1c149afbf4c8996fb92427ae41e4649b934ca495991b7852b855	0	evidence
bc08-complete-effect--case-bc08-complete/fault-activation-receipts.tsv	100644	e3b0c44298fc1c149afbf4c8996fb92427ae41e4649b934ca495991b7852b855	0	evidence
bc08-complete-effect--case-bc08-complete/fault-configuration-receipts.tsv	100644	e3b0c44298fc1c149afbf4c8996fb92427ae41e4649b934ca495991b7852b855	0	evidence
bc08-complete-effect--case-bc08-complete/fault-inventory-healthy.tsv	100644	e3b0c44298fc1c149afbf4c8996fb92427ae41e4649b934ca495991b7852b855	0	evidence
bc08-complete-effect--case-bc08-complete/fault-inventory-reopened.tsv	100644	e3b0c44298fc1c149afbf4c8996fb92427ae41e4649b934ca495991b7852b855	0	evidence
bc08-complete-effect--case-bc08-complete/fault-inventory-rollback.tsv	100644	e3b0c44298fc1c149afbf4c8996fb92427ae41e4649b934ca495991b7852b855	0	evidence
bc08-complete-effect--case-bc08-complete/fault-inventory-setup.tsv	100644	e3b0c44298fc1c149afbf4c8996fb92427ae41e4649b934ca495991b7852b855	0	evidence
bc08-complete-effect--case-bc08-complete/fault-markers.tsv	100644	e3b0c44298fc1c149afbf4c8996fb92427ae41e4649b934ca495991b7852b855	0	evidence
bc08-complete-effect--case-bc08-complete/fault-trigger-receipts.tsv	100644	e3b0c44298fc1c149afbf4c8996fb92427ae41e4649b934ca495991b7852b855	0	evidence
bc08-complete-effect--case-bc08-complete/inventory-after.tsv	100644	bd2de420b9d33d21adf956c9bf122e960e29cabffc0d593219281aeb6e506436	809	evidence
bc08-complete-effect--case-bc08-complete/inventory-before.tsv	100644	d879f6a7f54492de4c56ba6892f69782acd2b148be1f65c7d132f5c009817513	376	evidence
bc08-complete-effect--case-bc08-complete/inventory-reopened.tsv	100644	bd2de420b9d33d21adf956c9bf122e960e29cabffc0d593219281aeb6e506436	809	evidence
bc08-complete-effect--case-bc08-complete/normalized-observations.tsv	100644	e7301c9bc31654a004e59fcc66ea2a97f19743fda8ee5c80f142fb6ec6d24a8c	1086	evidence
bc08-complete-effect--case-bc08-complete/oracle-result.tsv	100644	2c895b9a7102375c6f4647510da6ef30bb03c94ca44f42832aaf150188df10d6	85	evidence
bc08-complete-effect--case-bc08-complete/pragma.tsv	100644	d5b3e2865a2635f663af28e1c24a1b1eea240c78d10fd1f01892a9ee0fd28354	797	evidence
bc08-complete-effect--case-bc08-complete/raw-observations.tsv	100644	cae1f86bf3280d24e2789bd6d53a370e943832ec1c260d7790e0f5e44a049883	1086	evidence
bc08-complete-effect--case-bc08-complete/raw-seal.tsv	100644	e88053a3c913e87b02b7d9546d3f8ba2ac0b88592dbcc66f4e9ce6457edaab5e	284	evidence
bc08-control-receipts.tsv	100644	0223fb2c320da1f105eb22d78b889decb414751ce4cf9e265412280c56b74f48	3403	evidence
bc08-mid-boundary-failure--case-bc08-boundary/action-receipts.tsv	100644	9102246451fa3857a8f888e24e0b83ff19f33f2b6d1ede885aa6cad939779787	431	evidence
bc08-mid-boundary-failure--case-bc08-boundary/command-receipts.tsv	100644	748f8e419c3225ca3e406a06129f3c8756ef0a45b3e0b2dabe73ab62442b4e85	3269	evidence
bc08-mid-boundary-failure--case-bc08-boundary/coverage.tsv	100644	35f7e931ba79eba4bc72dd07436e3ac575cbaa5233fc86fc05fd2a35eb01d074	1428	evidence
bc08-mid-boundary-failure--case-bc08-boundary/exclusions.tsv	100644	e3b0c44298fc1c149afbf4c8996fb92427ae41e4649b934ca495991b7852b855	0	evidence
bc08-mid-boundary-failure--case-bc08-boundary/fault-activation-receipts.tsv	100644	107681488de56240564e9dc800e41e39d053fcd0ed83bc8a3611a3dd205d627e	1190	evidence
bc08-mid-boundary-failure--case-bc08-boundary/fault-configuration-receipts.tsv	100644	a68439203b078fb7b0b77750593e1a3d0c2c20c4d775789dae5818b3fbe72818	2460	evidence
bc08-mid-boundary-failure--case-bc08-boundary/fault-inventory-healthy.tsv	100644	deb12a4d101225bbc0e8445f61bd364a026db8a09afa2cc5b509693012dccec4	3525	evidence
bc08-mid-boundary-failure--case-bc08-boundary/fault-inventory-reopened.tsv	100644	deb12a4d101225bbc0e8445f61bd364a026db8a09afa2cc5b509693012dccec4	3525	evidence
bc08-mid-boundary-failure--case-bc08-boundary/fault-inventory-rollback.tsv	100644	a8a86cbe1687d81e2d22fe4e86823e2d02981eb90b99241f1780f0f97ffee582	1620	evidence
bc08-mid-boundary-failure--case-bc08-boundary/fault-inventory-setup.tsv	100644	a8a86cbe1687d81e2d22fe4e86823e2d02981eb90b99241f1780f0f97ffee582	1620	evidence
bc08-mid-boundary-failure--case-bc08-boundary/fault-markers.tsv	100644	198d21ebb5e98f9abc2012122301ea124815fd5cbd7e88e603857fe3cfbd440e	1625	evidence
bc08-mid-boundary-failure--case-bc08-boundary/fault-trigger-receipts.tsv	100644	dbed689af029e4c9d2d92f5649e436f06c1779601572eabe59f943c12b0f3b75	2650	evidence
bc08-mid-boundary-failure--case-bc08-boundary/inventory-after.tsv	100644	fc5e1b7e3d20779226272f9d12d218fb173e5394b3f437ef4975a0de78889b89	849	evidence
bc08-mid-boundary-failure--case-bc08-boundary/inventory-before.tsv	100644	4d728450b58fda3e910b576127f3dc5fe6214257e06e7488fec15692581594d5	396	evidence
bc08-mid-boundary-failure--case-bc08-boundary/inventory-reopened.tsv	100644	fc5e1b7e3d20779226272f9d12d218fb173e5394b3f437ef4975a0de78889b89	849	evidence
bc08-mid-boundary-failure--case-bc08-boundary/normalized-observations.tsv	100644	2d3cf705eba66907a8bb49cbeec24fd2daa92a2507c2f5b7d2cc63947dbd6c8d	1120	evidence
bc08-mid-boundary-failure--case-bc08-boundary/oracle-result.tsv	100644	942d509b8140d1a8929bae97ebe7e287f92c6af46858a1bfa1a8b18f0233e786	95	evidence
bc08-mid-boundary-failure--case-bc08-boundary/pragma.tsv	100644	314ef0c5ce0a386f8ad72095e5c8bcf48647170a34e4f32e78734c911b52d852	877	evidence
bc08-mid-boundary-failure--case-bc08-boundary/raw-observations.tsv	100644	5da86aa9eb98814c6133f745f421e2020bd85b245fe7c7ef13357d077b208563	1120	evidence
bc08-mid-boundary-failure--case-bc08-boundary/raw-seal.tsv	100644	ce43c4581a06ed857f9a077acb3928602eef0cca29601f935ae51635f41b5c70	294	evidence
bc08-missing-current--case-bc08-current/action-receipts.tsv	100644	243dd15d0f14092b27ec8bef47e00642810acac8243bb1818239508f9df4b86a	407	evidence
bc08-missing-current--case-bc08-current/command-receipts.tsv	100644	01df49a086db0ed5007b4b7cdea6341ed9839b3bc19c6774b31f7c5bef1db855	3159	evidence
bc08-missing-current--case-bc08-current/coverage.tsv	100644	e8b16c63a6843bf7db727a1decd6114e564cd9c47b7d910a13b6b082bbc338f9	1284	evidence
bc08-missing-current--case-bc08-current/exclusions.tsv	100644	e3b0c44298fc1c149afbf4c8996fb92427ae41e4649b934ca495991b7852b855	0	evidence
bc08-missing-current--case-bc08-current/fault-activation-receipts.tsv	100644	e3b0c44298fc1c149afbf4c8996fb92427ae41e4649b934ca495991b7852b855	0	evidence
bc08-missing-current--case-bc08-current/fault-configuration-receipts.tsv	100644	e3b0c44298fc1c149afbf4c8996fb92427ae41e4649b934ca495991b7852b855	0	evidence
bc08-missing-current--case-bc08-current/fault-inventory-healthy.tsv	100644	e3b0c44298fc1c149afbf4c8996fb92427ae41e4649b934ca495991b7852b855	0	evidence
bc08-missing-current--case-bc08-current/fault-inventory-reopened.tsv	100644	e3b0c44298fc1c149afbf4c8996fb92427ae41e4649b934ca495991b7852b855	0	evidence
bc08-missing-current--case-bc08-current/fault-inventory-rollback.tsv	100644	e3b0c44298fc1c149afbf4c8996fb92427ae41e4649b934ca495991b7852b855	0	evidence
bc08-missing-current--case-bc08-current/fault-inventory-setup.tsv	100644	e3b0c44298fc1c149afbf4c8996fb92427ae41e4649b934ca495991b7852b855	0	evidence
bc08-missing-current--case-bc08-current/fault-markers.tsv	100644	e3b0c44298fc1c149afbf4c8996fb92427ae41e4649b934ca495991b7852b855	0	evidence
bc08-missing-current--case-bc08-current/fault-trigger-receipts.tsv	100644	e3b0c44298fc1c149afbf4c8996fb92427ae41e4649b934ca495991b7852b855	0	evidence
bc08-missing-current--case-bc08-current/inventory-after.tsv	100644	3d95a56559db036fd2fbc7269e14ab48e152ce2a116df69cf803593b4f7003eb	801	evidence
bc08-missing-current--case-bc08-current/inventory-before.tsv	100644	6a8bc1d5af6ed53164d133e5551d92e37ddb1d34f686d672180af93917067fd8	372	evidence
bc08-missing-current--case-bc08-current/inventory-reopened.tsv	100644	3d95a56559db036fd2fbc7269e14ab48e152ce2a116df69cf803593b4f7003eb	801	evidence
bc08-missing-current--case-bc08-current/normalized-observations.tsv	100644	4285004d4b83a5675b76e1384113f16289d6fba96dcda0eac678c12c45e33188	1074	evidence
bc08-missing-current--case-bc08-current/oracle-result.tsv	100644	4859f02eacaa84de6314bdb27aee2e76f1dd36fb2c5b5c30983934ee6789fd7f	85	evidence
bc08-missing-current--case-bc08-current/pragma.tsv	100644	47436d1eb2169d17eb118e14fa519e487c7e597f726347836c2cfb7372ba57e5	789	evidence
bc08-missing-current--case-bc08-current/raw-observations.tsv	100644	e2430afdba8d2cf183cd0fcbf581ab026d92400684c040ba5164465e43a03ca4	1074	evidence
bc08-missing-current--case-bc08-current/raw-seal.tsv	100644	3a24dc7eacad76b776992622aa4079c3d4c5f1bd934afcf5741d41bf874c5f92	282	evidence
bc08-missing-observation--case-bc08-observation/action-receipts.tsv	100644	2e33f05b5cda587f657fe38cc648f52abd2e38663b582fd87a19defe89025771	439	evidence
bc08-missing-observation--case-bc08-observation/command-receipts.tsv	100644	d87e5f069a8bc8d454bf187fe805d1c723b8bf3dba6371a6392fa6d7fbf6e94b	3279	evidence
bc08-missing-observation--case-bc08-observation/coverage.tsv	100644	305055ed320d4f46102356b3e57c2d26c685711067c5ead16e98d5166d9d84db	1476	evidence
bc08-missing-observation--case-bc08-observation/exclusions.tsv	100644	e3b0c44298fc1c149afbf4c8996fb92427ae41e4649b934ca495991b7852b855	0	evidence
bc08-missing-observation--case-bc08-observation/fault-activation-receipts.tsv	100644	e3b0c44298fc1c149afbf4c8996fb92427ae41e4649b934ca495991b7852b855	0	evidence
bc08-missing-observation--case-bc08-observation/fault-configuration-receipts.tsv	100644	e3b0c44298fc1c149afbf4c8996fb92427ae41e4649b934ca495991b7852b855	0	evidence
bc08-missing-observation--case-bc08-observation/fault-inventory-healthy.tsv	100644	e3b0c44298fc1c149afbf4c8996fb92427ae41e4649b934ca495991b7852b855	0	evidence
bc08-missing-observation--case-bc08-observation/fault-inventory-reopened.tsv	100644	e3b0c44298fc1c149afbf4c8996fb92427ae41e4649b934ca495991b7852b855	0	evidence
bc08-missing-observation--case-bc08-observation/fault-inventory-rollback.tsv	100644	e3b0c44298fc1c149afbf4c8996fb92427ae41e4649b934ca495991b7852b855	0	evidence
bc08-missing-observation--case-bc08-observation/fault-inventory-setup.tsv	100644	e3b0c44298fc1c149afbf4c8996fb92427ae41e4649b934ca495991b7852b855	0	evidence
bc08-missing-observation--case-bc08-observation/fault-markers.tsv	100644	e3b0c44298fc1c149afbf4c8996fb92427ae41e4649b934ca495991b7852b855	0	evidence
bc08-missing-observation--case-bc08-observation/fault-trigger-receipts.tsv	100644	e3b0c44298fc1c149afbf4c8996fb92427ae41e4649b934ca495991b7852b855	0	evidence
bc08-missing-observation--case-bc08-observation/inventory-after.tsv	100644	09190daa08cc032d2a10f36de01568d0aae62f7c1623fa04472af56b87ce9848	865	evidence
bc08-missing-observation--case-bc08-observation/inventory-before.tsv	100644	3725b4192bf8e3f089186be503deca434d801bc9597c71b7997bd3ac6e613685	404	evidence
bc08-missing-observation--case-bc08-observation/inventory-reopened.tsv	100644	09190daa08cc032d2a10f36de01568d0aae62f7c1623fa04472af56b87ce9848	865	evidence
bc08-missing-observation--case-bc08-observation/normalized-observations.tsv	100644	598252292b54063f28c56b61fb3b743501e5b9300b51f3d3cb9bf699d6c34f7f	1170	evidence
bc08-missing-observation--case-bc08-observation/oracle-result.tsv	100644	e804236099ea6705004d6d5799d0331db85d61fced76dfa69a4ae003ae9c779d	93	evidence
bc08-missing-observation--case-bc08-observation/pragma.tsv	100644	743021b223a14b7a89616037c466b41bc75464eadb9f3b619ca608908af41a31	885	evidence
bc08-missing-observation--case-bc08-observation/raw-observations.tsv	100644	89721072a7fd7ab2b28b64bc074013b74b769e00c2700499ff98bc10f0e5ffb5	1170	evidence
bc08-missing-observation--case-bc08-observation/raw-seal.tsv	100644	4daf04a4eee08806872c3bf9ff8dfa19d19f6b432ae98506184e9f6f89bf1ce5	298	evidence
bc08-missing-result--case-bc08-result/action-receipts.tsv	100644	af2f480f152fe0395827a4d0405b2a87b9cfe191c8731c5ed9b1e67d7af3ccb1	399	evidence
bc08-missing-result--case-bc08-result/command-receipts.tsv	100644	ab063feef3f57122690b596371f247c71fcb246d4ce1fb5afcf51b9304237373	3129	evidence
bc08-missing-result--case-bc08-result/coverage.tsv	100644	ee074b05dc4633f91f872805e0fb79ed46fb2a60d75a67c9801a2c93145923b6	1236	evidence
bc08-missing-result--case-bc08-result/exclusions.tsv	100644	e3b0c44298fc1c149afbf4c8996fb92427ae41e4649b934ca495991b7852b855	0	evidence
bc08-missing-result--case-bc08-result/fault-activation-receipts.tsv	100644	e3b0c44298fc1c149afbf4c8996fb92427ae41e4649b934ca495991b7852b855	0	evidence
bc08-missing-result--case-bc08-result/fault-configuration-receipts.tsv	100644	e3b0c44298fc1c149afbf4c8996fb92427ae41e4649b934ca495991b7852b855	0	evidence
bc08-missing-result--case-bc08-result/fault-inventory-healthy.tsv	100644	e3b0c44298fc1c149afbf4c8996fb92427ae41e4649b934ca495991b7852b855	0	evidence
bc08-missing-result--case-bc08-result/fault-inventory-reopened.tsv	100644	e3b0c44298fc1c149afbf4c8996fb92427ae41e4649b934ca495991b7852b855	0	evidence
bc08-missing-result--case-bc08-result/fault-inventory-rollback.tsv	100644	e3b0c44298fc1c149afbf4c8996fb92427ae41e4649b934ca495991b7852b855	0	evidence
bc08-missing-result--case-bc08-result/fault-inventory-setup.tsv	100644	e3b0c44298fc1c149afbf4c8996fb92427ae41e4649b934ca495991b7852b855	0	evidence
bc08-missing-result--case-bc08-result/fault-markers.tsv	100644	e3b0c44298fc1c149afbf4c8996fb92427ae41e4649b934ca495991b7852b855	0	evidence
bc08-missing-result--case-bc08-result/fault-trigger-receipts.tsv	100644	e3b0c44298fc1c149afbf4c8996fb92427ae41e4649b934ca495991b7852b855	0	evidence
bc08-missing-result--case-bc08-result/inventory-after.tsv	100644	d829412b66c8a6da6b20d5fbd446f64ed4659f310b917789dff680e2cc3bdb6f	785	evidence
bc08-missing-result--case-bc08-result/inventory-before.tsv	100644	a769b2b2f70e7f8e8f4427707836e91abb00df48080070d40d6120c25b7fa907	364	evidence
bc08-missing-result--case-bc08-result/inventory-reopened.tsv	100644	d829412b66c8a6da6b20d5fbd446f64ed4659f310b917789dff680e2cc3bdb6f	785	evidence
bc08-missing-result--case-bc08-result/normalized-observations.tsv	100644	21cd71a86fefabacee4baee518acd3b11d7c13c3636877278eacf017f3a98caf	1050	evidence
bc08-missing-result--case-bc08-result/oracle-result.tsv	100644	e911d1a48d0c2d1f8320881f509a03228b404c9da93a8df340bcdc4e553a1800	83	evidence
bc08-missing-result--case-bc08-result/pragma.tsv	100644	158ce999febfe427c39867488c8cf7a4fdaff862115a53d1b4358c173ac7126a	765	evidence
bc08-missing-result--case-bc08-result/raw-observations.tsv	100644	682bda710fb6ee2e3acf0e1917f04b4fc6e6249d5036842bac03f084a997740f	1050	evidence
bc08-missing-result--case-bc08-result/raw-seal.tsv	100644	8c97550144ebb56c41b7c3c5323c87a5817ddd8eb6523059b20725c7ce612c2f	278	evidence
bc08-missing-transition--case-bc08-transition/action-receipts.tsv	100644	d2de150a315666fb6d643c8818bc43742723107c0201b53a145cc7eeafd80d8b	431	evidence
bc08-missing-transition--case-bc08-transition/command-receipts.tsv	100644	4c30ce9c139620f47bbeeaaecf825733e82194023aa8457477a3d46007abb344	3249	evidence
bc08-missing-transition--case-bc08-transition/coverage.tsv	100644	23bd56fb8744e95f34193a3186f7272eebc3409af53a543a3329391048edb45c	1428	evidence
bc08-missing-transition--case-bc08-transition/exclusions.tsv	100644	e3b0c44298fc1c149afbf4c8996fb92427ae41e4649b934ca495991b7852b855	0	evidence
bc08-missing-transition--case-bc08-transition/fault-activation-receipts.tsv	100644	e3b0c44298fc1c149afbf4c8996fb92427ae41e4649b934ca495991b7852b855	0	evidence
bc08-missing-transition--case-bc08-transition/fault-configuration-receipts.tsv	100644	e3b0c44298fc1c149afbf4c8996fb92427ae41e4649b934ca495991b7852b855	0	evidence
bc08-missing-transition--case-bc08-transition/fault-inventory-healthy.tsv	100644	e3b0c44298fc1c149afbf4c8996fb92427ae41e4649b934ca495991b7852b855	0	evidence
bc08-missing-transition--case-bc08-transition/fault-inventory-reopened.tsv	100644	e3b0c44298fc1c149afbf4c8996fb92427ae41e4649b934ca495991b7852b855	0	evidence
bc08-missing-transition--case-bc08-transition/fault-inventory-rollback.tsv	100644	e3b0c44298fc1c149afbf4c8996fb92427ae41e4649b934ca495991b7852b855	0	evidence
bc08-missing-transition--case-bc08-transition/fault-inventory-setup.tsv	100644	e3b0c44298fc1c149afbf4c8996fb92427ae41e4649b934ca495991b7852b855	0	evidence
bc08-missing-transition--case-bc08-transition/fault-markers.tsv	100644	e3b0c44298fc1c149afbf4c8996fb92427ae41e4649b934ca495991b7852b855	0	evidence
bc08-missing-transition--case-bc08-transition/fault-trigger-receipts.tsv	100644	e3b0c44298fc1c149afbf4c8996fb92427ae41e4649b934ca495991b7852b855	0	evidence
bc08-missing-transition--case-bc08-transition/inventory-after.tsv	100644	21456cfcda60fbbf47ba52ccbb3f3f0c56326095579875332dedf40f25cc0058	849	evidence
bc08-missing-transition--case-bc08-transition/inventory-before.tsv	100644	229d293dd93cec83d4aa42549e84072c2476faf16d3ab1b92bddfa34d388fd56	396	evidence
bc08-missing-transition--case-bc08-transition/inventory-reopened.tsv	100644	21456cfcda60fbbf47ba52ccbb3f3f0c56326095579875332dedf40f25cc0058	849	evidence
bc08-missing-transition--case-bc08-transition/normalized-observations.tsv	100644	88a0d4e1166dbc5b7d0caaa449b9040e023555ed9cbff0d3a1c0ccc5d4368d11	1146	evidence
bc08-missing-transition--case-bc08-transition/oracle-result.tsv	100644	e995394b477895415af326d9fc10aa4eaaa6ac1ef81b6f309f584536f3776a10	91	evidence
bc08-missing-transition--case-bc08-transition/pragma.tsv	100644	4cced898802fb2712234442b930467b4b24b529ff08c6842418fc57328771d2b	861	evidence
bc08-missing-transition--case-bc08-transition/raw-observations.tsv	100644	c9935d198ce6041f6540ab9f26c3423f83dda61c3c29617b7e82b065e5c59237	1146	evidence
bc08-missing-transition--case-bc08-transition/raw-seal.tsv	100644	38360e9fe8254fc05d67d9246a08d86a8d06d683821fa6a613f52473d7220038	294	evidence
bc08-missing-view--case-bc08-view/action-receipts.tsv	100644	f3855e701bcd9c02ae3bd43583c7e77ff9b152373959ae24fa1fbf35ff0bf999	383	evidence
bc08-missing-view--case-bc08-view/command-receipts.tsv	100644	33b423737e5ea5c7ffa49920e672feab38ffc658565755c76ca4ec7bb7dcc070	3069	evidence
bc08-missing-view--case-bc08-view/coverage.tsv	100644	bd74b15d546581873110e54f6090c4a4cdce1faf5a9afb14a20020de1d37747d	1140	evidence
bc08-missing-view--case-bc08-view/exclusions.tsv	100644	e3b0c44298fc1c149afbf4c8996fb92427ae41e4649b934ca495991b7852b855	0	evidence
bc08-missing-view--case-bc08-view/fault-activation-receipts.tsv	100644	e3b0c44298fc1c149afbf4c8996fb92427ae41e4649b934ca495991b7852b855	0	evidence
bc08-missing-view--case-bc08-view/fault-configuration-receipts.tsv	100644	e3b0c44298fc1c149afbf4c8996fb92427ae41e4649b934ca495991b7852b855	0	evidence
bc08-missing-view--case-bc08-view/fault-inventory-healthy.tsv	100644	e3b0c44298fc1c149afbf4c8996fb92427ae41e4649b934ca495991b7852b855	0	evidence
bc08-missing-view--case-bc08-view/fault-inventory-reopened.tsv	100644	e3b0c44298fc1c149afbf4c8996fb92427ae41e4649b934ca495991b7852b855	0	evidence
bc08-missing-view--case-bc08-view/fault-inventory-rollback.tsv	100644	e3b0c44298fc1c149afbf4c8996fb92427ae41e4649b934ca495991b7852b855	0	evidence
bc08-missing-view--case-bc08-view/fault-inventory-setup.tsv	100644	e3b0c44298fc1c149afbf4c8996fb92427ae41e4649b934ca495991b7852b855	0	evidence
bc08-missing-view--case-bc08-view/fault-markers.tsv	100644	e3b0c44298fc1c149afbf4c8996fb92427ae41e4649b934ca495991b7852b855	0	evidence
bc08-missing-view--case-bc08-view/fault-trigger-receipts.tsv	100644	e3b0c44298fc1c149afbf4c8996fb92427ae41e4649b934ca495991b7852b855	0	evidence
bc08-missing-view--case-bc08-view/inventory-after.tsv	100644	526750ddde22fd3ed054b45cc7be3f1d736d854d05a20505fbc5cec6f201c539	753	evidence
bc08-missing-view--case-bc08-view/inventory-before.tsv	100644	6cbc247c9c8738b64af2937121e849ebc5b1d706cab93dc4360a4f81a7e5bf1f	348	evidence
bc08-missing-view--case-bc08-view/inventory-reopened.tsv	100644	526750ddde22fd3ed054b45cc7be3f1d736d854d05a20505fbc5cec6f201c539	753	evidence
bc08-missing-view--case-bc08-view/normalized-observations.tsv	100644	cc6d710680379e7ba64d202ed1c45519f4bfe92b27f3d95b8b1f3a4167f6ec3c	1002	evidence
bc08-missing-view--case-bc08-view/oracle-result.tsv	100644	660507e1763c751dcdc099251227132ca6e9edab8f3b65c8619d18112581ba7d	79	evidence
bc08-missing-view--case-bc08-view/pragma.tsv	100644	126221fe32a0fc8a0b89119c792b47bebc4795b7dca6e284276c872ac3a47c94	717	evidence
bc08-missing-view--case-bc08-view/raw-observations.tsv	100644	a7fa15a8c836d7140177a30fa576d50fefbbb000b324bafb01efda15e7d2a678	1002	evidence
bc08-missing-view--case-bc08-view/raw-seal.tsv	100644	af652aabca6f63769f9dab11c0ff391aecfa92b4aa30a7ce9b6b0dfab0ee82c8	270	evidence
bc09-control-receipts.tsv	100644	b6191726972d894a2784afeb225490d64f7a2c2d0112617b08a267cd502d7147	4096	evidence
bc09-diagnostic-ephemeral--case-bc09-diagnostic/action-receipts.tsv	100644	2239b9bce65836235c52dcb382e917d4f8f3895d89587ad47cc2199292360138	1389	evidence
bc09-diagnostic-ephemeral--case-bc09-diagnostic/command-receipts.tsv	100644	8202452c0d6de68538aea90d538d44f84283d47112887540300fedddc65906cd	14758	evidence
bc09-diagnostic-ephemeral--case-bc09-diagnostic/coverage.tsv	100644	92dcb0b6d0de41d550a587bda95660d5ac1b97763ffa473b151de422d4f34008	7490	evidence
bc09-diagnostic-ephemeral--case-bc09-diagnostic/exclusions.tsv	100644	e3b0c44298fc1c149afbf4c8996fb92427ae41e4649b934ca495991b7852b855	0	evidence
bc09-diagnostic-ephemeral--case-bc09-diagnostic/fault-activation-receipts.tsv	100644	e3b0c44298fc1c149afbf4c8996fb92427ae41e4649b934ca495991b7852b855	0	evidence
bc09-diagnostic-ephemeral--case-bc09-diagnostic/fault-configuration-receipts.tsv	100644	e3b0c44298fc1c149afbf4c8996fb92427ae41e4649b934ca495991b7852b855	0	evidence
bc09-diagnostic-ephemeral--case-bc09-diagnostic/fault-inventory-healthy.tsv	100644	e3b0c44298fc1c149afbf4c8996fb92427ae41e4649b934ca495991b7852b855	0	evidence
bc09-diagnostic-ephemeral--case-bc09-diagnostic/fault-inventory-reopened.tsv	100644	e3b0c44298fc1c149afbf4c8996fb92427ae41e4649b934ca495991b7852b855	0	evidence
bc09-diagnostic-ephemeral--case-bc09-diagnostic/fault-inventory-rollback.tsv	100644	e3b0c44298fc1c149afbf4c8996fb92427ae41e4649b934ca495991b7852b855	0	evidence
bc09-diagnostic-ephemeral--case-bc09-diagnostic/fault-inventory-setup.tsv	100644	e3b0c44298fc1c149afbf4c8996fb92427ae41e4649b934ca495991b7852b855	0	evidence
bc09-diagnostic-ephemeral--case-bc09-diagnostic/fault-markers.tsv	100644	e3b0c44298fc1c149afbf4c8996fb92427ae41e4649b934ca495991b7852b855	0	evidence
bc09-diagnostic-ephemeral--case-bc09-diagnostic/fault-trigger-receipts.tsv	100644	e3b0c44298fc1c149afbf4c8996fb92427ae41e4649b934ca495991b7852b855	0	evidence
bc09-diagnostic-ephemeral--case-bc09-diagnostic/inventory-after.tsv	100644	4cf9534ae4246cb743cafd18da7daa943972f9490ec669d5059896006f3d5e3a	1657	evidence
bc09-diagnostic-ephemeral--case-bc09-diagnostic/inventory-before.tsv	100644	4cf9534ae4246cb743cafd18da7daa943972f9490ec669d5059896006f3d5e3a	1657	evidence
bc09-diagnostic-ephemeral--case-bc09-diagnostic/inventory-reopened.tsv	100644	4cf9534ae4246cb743cafd18da7daa943972f9490ec669d5059896006f3d5e3a	1657	evidence
bc09-diagnostic-ephemeral--case-bc09-diagnostic/normalized-observations.tsv	100644	383e3abb0268b1c1e526df52b2b6e2cd2e474d369e00aacfba7177b73b98fa4b	5098	evidence
bc09-diagnostic-ephemeral--case-bc09-diagnostic/oracle-result.tsv	100644	89e24e875c366223e2b3a0027136b8eb5808caa9330cb53815b775d448769fd0	101	evidence
bc09-diagnostic-ephemeral--case-bc09-diagnostic/pragma.tsv	100644	a433eb4880831369b030ea556cbbfb00e545a19cba71f56dd6a41d1d250df946	4621	evidence
bc09-diagnostic-ephemeral--case-bc09-diagnostic/raw-observations.tsv	100644	f885a5681c478e47b7a46be416178f4356cf7ab5d98332740b854f3306a48985	5098	evidence
bc09-diagnostic-ephemeral--case-bc09-diagnostic/raw-seal.tsv	100644	d311b0ffd30e607ae9fbbc4231a3ad758b285bd544b0526e3dc1168203e76b93	298	evidence
bc09-duplicate-persists--case-bc09-duplicate/action-receipts.tsv	100644	51ef26f304e2a096a41a57e727894cb1d49783b4e15af58ed717bd4073e20d6f	472	evidence
bc09-duplicate-persists--case-bc09-duplicate/command-receipts.tsv	100644	7007043dfdb7c5c4d284b95984ec0e2a8f0c54f7210913971ba1e9af56d39688	3053	evidence
bc09-duplicate-persists--case-bc09-duplicate/coverage.tsv	100644	b99a4805e6b37f8dd135aac4bcb44ee162e14fdd79601699972e22acef2c4076	1470	evidence
bc09-duplicate-persists--case-bc09-duplicate/exclusions.tsv	100644	e3b0c44298fc1c149afbf4c8996fb92427ae41e4649b934ca495991b7852b855	0	evidence
bc09-duplicate-persists--case-bc09-duplicate/fault-activation-receipts.tsv	100644	e3b0c44298fc1c149afbf4c8996fb92427ae41e4649b934ca495991b7852b855	0	evidence
bc09-duplicate-persists--case-bc09-duplicate/fault-configuration-receipts.tsv	100644	e3b0c44298fc1c149afbf4c8996fb92427ae41e4649b934ca495991b7852b855	0	evidence
bc09-duplicate-persists--case-bc09-duplicate/fault-inventory-healthy.tsv	100644	e3b0c44298fc1c149afbf4c8996fb92427ae41e4649b934ca495991b7852b855	0	evidence
bc09-duplicate-persists--case-bc09-duplicate/fault-inventory-reopened.tsv	100644	e3b0c44298fc1c149afbf4c8996fb92427ae41e4649b934ca495991b7852b855	0	evidence
bc09-duplicate-persists--case-bc09-duplicate/fault-inventory-rollback.tsv	100644	e3b0c44298fc1c149afbf4c8996fb92427ae41e4649b934ca495991b7852b855	0	evidence
bc09-duplicate-persists--case-bc09-duplicate/fault-inventory-setup.tsv	100644	e3b0c44298fc1c149afbf4c8996fb92427ae41e4649b934ca495991b7852b855	0	evidence
bc09-duplicate-persists--case-bc09-duplicate/fault-markers.tsv	100644	e3b0c44298fc1c149afbf4c8996fb92427ae41e4649b934ca495991b7852b855	0	evidence
bc09-duplicate-persists--case-bc09-duplicate/fault-trigger-receipts.tsv	100644	e3b0c44298fc1c149afbf4c8996fb92427ae41e4649b934ca495991b7852b855	0	evidence
bc09-duplicate-persists--case-bc09-duplicate/inventory-after.tsv	100644	0f24eaa60da80c1fb015f3b6e615c55517e7f9a84c8bb6b5c004b6b01ce23d58	339	evidence
bc09-duplicate-persists--case-bc09-duplicate/inventory-before.tsv	100644	0f24eaa60da80c1fb015f3b6e615c55517e7f9a84c8bb6b5c004b6b01ce23d58	339	evidence
bc09-duplicate-persists--case-bc09-duplicate/inventory-reopened.tsv	100644	0f24eaa60da80c1fb015f3b6e615c55517e7f9a84c8bb6b5c004b6b01ce23d58	339	evidence
bc09-duplicate-persists--case-bc09-duplicate/normalized-observations.tsv	100644	f9ac89aa7767a5aa137832a87377ca24303b88c64ca7c5d0426a6e9608b3f2f7	1011	evidence
bc09-duplicate-persists--case-bc09-duplicate/oracle-result.tsv	100644	73c614b4ade0966469c711e0fc8203bd6e1d3727973abe973eb53aac55ae3c43	96	evidence
bc09-duplicate-persists--case-bc09-duplicate/pragma.tsv	100644	6f83359e0e326dc52a097c5b6170a005c52fbc23ec93224201dc88d37db37cbd	970	evidence
bc09-duplicate-persists--case-bc09-duplicate/raw-observations.tsv	100644	819533fdb2bf57a9d4eb8a01311c977b889f5c78d9232e6a8fd190b978b3d95c	1011	evidence
bc09-duplicate-persists--case-bc09-duplicate/raw-seal.tsv	100644	cc61319673adaeb3452e2880d869c650204310a143755580eb5f87aad62cf776	292	evidence
bc09-failpoint-persists--case-bc09-failpoint/action-receipts.tsv	100644	8d99d3a58b21c965ff9d356809885e21d419342e68c9c557d5b2898166453756	2413	evidence
bc09-failpoint-persists--case-bc09-failpoint/command-receipts.tsv	100644	737b94e90f20305a500b19237d14941140d58212fc9ddb1fb50398db05014a77	25911	evidence
bc09-failpoint-persists--case-bc09-failpoint/coverage.tsv	100644	8babfc56a66e8dfd9db231c2a3f7c144e5951093a9fea64297869722431d686e	7190	evidence
bc09-failpoint-persists--case-bc09-failpoint/exclusions.tsv	100644	e3b0c44298fc1c149afbf4c8996fb92427ae41e4649b934ca495991b7852b855	0	evidence
bc09-failpoint-persists--case-bc09-failpoint/fault-activation-receipts.tsv	100644	78dd6241bc938933f231886540b0d8ea7978e4ef4e6dfc7c80a7a91590894507	1058	evidence
bc09-failpoint-persists--case-bc09-failpoint/fault-configuration-receipts.tsv	100644	95d54c51a8d467b6d300517c6774fe4a17953b28ea60b4fb4e20367df1a7bfc6	2377	evidence
bc09-failpoint-persists--case-bc09-failpoint/fault-inventory-healthy.tsv	100644	f50552ef63cf92f534b258a3f8ed3bbd0abe0409845965da4d6a850702deff53	3268	evidence
bc09-failpoint-persists--case-bc09-failpoint/fault-inventory-reopened.tsv	100644	f50552ef63cf92f534b258a3f8ed3bbd0abe0409845965da4d6a850702deff53	3268	evidence
bc09-failpoint-persists--case-bc09-failpoint/fault-inventory-rollback.tsv	100644	4cf9534ae4246cb743cafd18da7daa943972f9490ec669d5059896006f3d5e3a	1657	evidence
bc09-failpoint-persists--case-bc09-failpoint/fault-inventory-setup.tsv	100644	4cf9534ae4246cb743cafd18da7daa943972f9490ec669d5059896006f3d5e3a	1657	evidence
bc09-failpoint-persists--case-bc09-failpoint/fault-markers.tsv	100644	d58c9106e9a1a633aa56323cef4cc3784da840595962fba4480dbecc07404ed3	1541	evidence
bc09-failpoint-persists--case-bc09-failpoint/fault-trigger-receipts.tsv	100644	9f63949e3f9944f7badcd77135b418407d8d960cdfa677c668f7ec03033192ce	2520	evidence
bc09-failpoint-persists--case-bc09-failpoint/inventory-after.tsv	100644	4cf9534ae4246cb743cafd18da7daa943972f9490ec669d5059896006f3d5e3a	1657	evidence
bc09-failpoint-persists--case-bc09-failpoint/inventory-before.tsv	100644	4cf9534ae4246cb743cafd18da7daa943972f9490ec669d5059896006f3d5e3a	1657	evidence
bc09-failpoint-persists--case-bc09-failpoint/inventory-reopened.tsv	100644	4cf9534ae4246cb743cafd18da7daa943972f9490ec669d5059896006f3d5e3a	1657	evidence
bc09-failpoint-persists--case-bc09-failpoint/normalized-observations.tsv	100644	9d5d94f83798da2b009c17dd181f9b4763be63f7a03a0027e8dc682b07f8c20d	4986	evidence
bc09-failpoint-persists--case-bc09-failpoint/oracle-result.tsv	100644	8ecd4ee75bcd3f2f15afb182563e1c2948c7a347736debb4777efcae4377bead	96	evidence
bc09-failpoint-persists--case-bc09-failpoint/pragma.tsv	100644	9d490d08162cbcd802572b74c780c0b84823a5fcecd06aaf922d82da5237f750	8115	evidence
bc09-failpoint-persists--case-bc09-failpoint/raw-observations.tsv	100644	73d0964d1b9ee586153d0e6e382f052b4fceec536ee1009360464c3137b85b4d	4986	evidence
bc09-failpoint-persists--case-bc09-failpoint/raw-seal.tsv	100644	7136c7ee0063cba2c419f5bc611e1c6f9931c98be5dc5d6afa5e113849589d2a	292	evidence
bc09-failure-no-persistent-artifact--case-bc09-failure/action-receipts.tsv	100644	eb880d24ae8247f66dcd0183fd9e460433a54f1c944034a1f8447292765d6920	1491	evidence
bc09-failure-no-persistent-artifact--case-bc09-failure/command-receipts.tsv	100644	266ab16494f9a72606a0a89a1ff94f0efd9139023f356124198dd4203c1f76bd	15489	evidence
bc09-failure-no-persistent-artifact--case-bc09-failure/coverage.tsv	100644	f02d736ce41d050cbed398e4f903eaa34d2a5a244e88f6652cd91c8e8b8aa2de	8190	evidence
bc09-failure-no-persistent-artifact--case-bc09-failure/exclusions.tsv	100644	e3b0c44298fc1c149afbf4c8996fb92427ae41e4649b934ca495991b7852b855	0	evidence
bc09-failure-no-persistent-artifact--case-bc09-failure/fault-activation-receipts.tsv	100644	e3b0c44298fc1c149afbf4c8996fb92427ae41e4649b934ca495991b7852b855	0	evidence
bc09-failure-no-persistent-artifact--case-bc09-failure/fault-configuration-receipts.tsv	100644	e3b0c44298fc1c149afbf4c8996fb92427ae41e4649b934ca495991b7852b855	0	evidence
bc09-failure-no-persistent-artifact--case-bc09-failure/fault-inventory-healthy.tsv	100644	e3b0c44298fc1c149afbf4c8996fb92427ae41e4649b934ca495991b7852b855	0	evidence
bc09-failure-no-persistent-artifact--case-bc09-failure/fault-inventory-reopened.tsv	100644	e3b0c44298fc1c149afbf4c8996fb92427ae41e4649b934ca495991b7852b855	0	evidence
bc09-failure-no-persistent-artifact--case-bc09-failure/fault-inventory-rollback.tsv	100644	e3b0c44298fc1c149afbf4c8996fb92427ae41e4649b934ca495991b7852b855	0	evidence
bc09-failure-no-persistent-artifact--case-bc09-failure/fault-inventory-setup.tsv	100644	e3b0c44298fc1c149afbf4c8996fb92427ae41e4649b934ca495991b7852b855	0	evidence
bc09-failure-no-persistent-artifact--case-bc09-failure/fault-markers.tsv	100644	e3b0c44298fc1c149afbf4c8996fb92427ae41e4649b934ca495991b7852b855	0	evidence
bc09-failure-no-persistent-artifact--case-bc09-failure/fault-trigger-receipts.tsv	100644	e3b0c44298fc1c149afbf4c8996fb92427ae41e4649b934ca495991b7852b855	0	evidence
bc09-failure-no-persistent-artifact--case-bc09-failure/inventory-after.tsv	100644	4cf9534ae4246cb743cafd18da7daa943972f9490ec669d5059896006f3d5e3a	1657	evidence
bc09-failure-no-persistent-artifact--case-bc09-failure/inventory-before.tsv	100644	4cf9534ae4246cb743cafd18da7daa943972f9490ec669d5059896006f3d5e3a	1657	evidence
bc09-failure-no-persistent-artifact--case-bc09-failure/inventory-reopened.tsv	100644	4cf9534ae4246cb743cafd18da7daa943972f9490ec669d5059896006f3d5e3a	1657	evidence
bc09-failure-no-persistent-artifact--case-bc09-failure/normalized-observations.tsv	100644	6a421568694497885160a0f3c6d2dd93dd98bd90c7ea2b8a10019635e307d48d	5448	evidence
bc09-failure-no-persistent-artifact--case-bc09-failure/oracle-result.tsv	100644	2489b442ba14b0998ec60c20aefd391ecc81fd0f8e59ad51f47a1860a6755ff1	118	evidence
bc09-failure-no-persistent-artifact--case-bc09-failure/pragma.tsv	100644	c6840157a9431c2ec7049916b6ea392e73cdb1756254ae93b36f34e0ac303e78	5250	evidence
bc09-failure-no-persistent-artifact--case-bc09-failure/raw-observations.tsv	100644	1e1f55941091c825a0e37cd8d7982edd88e4ab435f4c9112c4f30e0f3d294229	5448	evidence
bc09-failure-no-persistent-artifact--case-bc09-failure/raw-seal.tsv	100644	97e0b3f6a8d57a88361e7108b7fc1f76220892abf6fb256b60eaefe7ab2ef295	312	evidence
bc09-incomplete-persists--case-bc09-incomplete/action-receipts.tsv	100644	d8272ed0bb72f35e1bcbd56e59e11af9aebae69e232667dc7f56cd5eb94feece	237	evidence
bc09-incomplete-persists--case-bc09-incomplete/command-receipts.tsv	100644	5fc45cef6e7ffc74dc63c0766736ca459e9b147ca5459696e2281f246e4db550	2749	evidence
bc09-incomplete-persists--case-bc09-incomplete/coverage.tsv	100644	62d8852ad9ca27ec1d377ad35791c77a0a75dd3ef0789feed5c9d8c5aedf8134	1530	evidence
bc09-incomplete-persists--case-bc09-incomplete/exclusions.tsv	100644	e3b0c44298fc1c149afbf4c8996fb92427ae41e4649b934ca495991b7852b855	0	evidence
bc09-incomplete-persists--case-bc09-incomplete/fault-activation-receipts.tsv	100644	e3b0c44298fc1c149afbf4c8996fb92427ae41e4649b934ca495991b7852b855	0	evidence
bc09-incomplete-persists--case-bc09-incomplete/fault-configuration-receipts.tsv	100644	e3b0c44298fc1c149afbf4c8996fb92427ae41e4649b934ca495991b7852b855	0	evidence
bc09-incomplete-persists--case-bc09-incomplete/fault-inventory-healthy.tsv	100644	e3b0c44298fc1c149afbf4c8996fb92427ae41e4649b934ca495991b7852b855	0	evidence
bc09-incomplete-persists--case-bc09-incomplete/fault-inventory-reopened.tsv	100644	e3b0c44298fc1c149afbf4c8996fb92427ae41e4649b934ca495991b7852b855	0	evidence
bc09-incomplete-persists--case-bc09-incomplete/fault-inventory-rollback.tsv	100644	e3b0c44298fc1c149afbf4c8996fb92427ae41e4649b934ca495991b7852b855	0	evidence
bc09-incomplete-persists--case-bc09-incomplete/fault-inventory-setup.tsv	100644	e3b0c44298fc1c149afbf4c8996fb92427ae41e4649b934ca495991b7852b855	0	evidence
bc09-incomplete-persists--case-bc09-incomplete/fault-markers.tsv	100644	e3b0c44298fc1c149afbf4c8996fb92427ae41e4649b934ca495991b7852b855	0	evidence
bc09-incomplete-persists--case-bc09-incomplete/fault-trigger-receipts.tsv	100644	e3b0c44298fc1c149afbf4c8996fb92427ae41e4649b934ca495991b7852b855	0	evidence
bc09-incomplete-persists--case-bc09-incomplete/inventory-after.tsv	100644	db48d8ac44e4c8496789f3c5a12c9d46c4e27c1e8b74dc8206bb089607c9d586	346	evidence
bc09-incomplete-persists--case-bc09-incomplete/inventory-before.tsv	100644	db48d8ac44e4c8496789f3c5a12c9d46c4e27c1e8b74dc8206bb089607c9d586	346	evidence
bc09-incomplete-persists--case-bc09-incomplete/inventory-reopened.tsv	100644	db48d8ac44e4c8496789f3c5a12c9d46c4e27c1e8b74dc8206bb089607c9d586	346	evidence
bc09-incomplete-persists--case-bc09-incomplete/normalized-observations.tsv	100644	3467990ebbac9e2365eb8cfafdac1e3e2f4c82ddd01cde07e871e478c1a4eb71	1036	evidence
bc09-incomplete-persists--case-bc09-incomplete/oracle-result.tsv	100644	830138237a43e3a0f2655d00ec2f8f7dd7dc4db423b8ccf99720824890318be8	99	evidence
bc09-incomplete-persists--case-bc09-incomplete/pragma.tsv	100644	ae6fa78c7a82d2581f23aadc4dfa5b27795419eac4b1e9f2026623f00c3f10fa	877	evidence
bc09-incomplete-persists--case-bc09-incomplete/raw-observations.tsv	100644	cc6a6dae6159256225d3be6ffc36d7b26003947cba6c8aa014bb02115d5f1674	1036	evidence
bc09-incomplete-persists--case-bc09-incomplete/raw-seal.tsv	100644	9ea71e245e421e8c53110a1ef6856aa64b698021329412b7e5cf3dfb7f15e2ae	296	evidence
bc09-rejected-persists--case-bc09-rejected/action-receipts.tsv	100644	ddc0ad7cb4a9094eb4974f5cd6e93932dff7ae2a53bc6a67a32dcefe349400b8	223	evidence
bc09-rejected-persists--case-bc09-rejected/command-receipts.tsv	100644	3683da5e35282270331c331ff7a85fc91cebaef15b0d42ed2d6e716cfc4ae9aa	2685	evidence
bc09-rejected-persists--case-bc09-rejected/coverage.tsv	100644	0da50a7eafac096ed0d05d74185882b4a74476704f06cd8146dce41e95ae439f	1410	evidence
bc09-rejected-persists--case-bc09-rejected/exclusions.tsv	100644	e3b0c44298fc1c149afbf4c8996fb92427ae41e4649b934ca495991b7852b855	0	evidence
bc09-rejected-persists--case-bc09-rejected/fault-activation-receipts.tsv	100644	e3b0c44298fc1c149afbf4c8996fb92427ae41e4649b934ca495991b7852b855	0	evidence
bc09-rejected-persists--case-bc09-rejected/fault-configuration-receipts.tsv	100644	e3b0c44298fc1c149afbf4c8996fb92427ae41e4649b934ca495991b7852b855	0	evidence
bc09-rejected-persists--case-bc09-rejected/fault-inventory-healthy.tsv	100644	e3b0c44298fc1c149afbf4c8996fb92427ae41e4649b934ca495991b7852b855	0	evidence
bc09-rejected-persists--case-bc09-rejected/fault-inventory-reopened.tsv	100644	e3b0c44298fc1c149afbf4c8996fb92427ae41e4649b934ca495991b7852b855	0	evidence
bc09-rejected-persists--case-bc09-rejected/fault-inventory-rollback.tsv	100644	e3b0c44298fc1c149afbf4c8996fb92427ae41e4649b934ca495991b7852b855	0	evidence
bc09-rejected-persists--case-bc09-rejected/fault-inventory-setup.tsv	100644	e3b0c44298fc1c149afbf4c8996fb92427ae41e4649b934ca495991b7852b855	0	evidence
bc09-rejected-persists--case-bc09-rejected/fault-markers.tsv	100644	e3b0c44298fc1c149afbf4c8996fb92427ae41e4649b934ca495991b7852b855	0	evidence
bc09-rejected-persists--case-bc09-rejected/fault-trigger-receipts.tsv	100644	e3b0c44298fc1c149afbf4c8996fb92427ae41e4649b934ca495991b7852b855	0	evidence
bc09-rejected-persists--case-bc09-rejected/inventory-after.tsv	100644	4c889f58a075f45c7ebc52fd9a3c182c0d02d0ed7684289a69945228da36e4bb	334	evidence
bc09-rejected-persists--case-bc09-rejected/inventory-before.tsv	100644	4c889f58a075f45c7ebc52fd9a3c182c0d02d0ed7684289a69945228da36e4bb	334	evidence
bc09-rejected-persists--case-bc09-rejected/inventory-reopened.tsv	100644	4c889f58a075f45c7ebc52fd9a3c182c0d02d0ed7684289a69945228da36e4bb	334	evidence
bc09-rejected-persists--case-bc09-rejected/normalized-observations.tsv	100644	3f4ed3f07ce5e93e5a38cb06325a7d0e9c82d4bc017e9097671d943be3484e0d	974	evidence
bc09-rejected-persists--case-bc09-rejected/oracle-result.tsv	100644	bf93dd932106c33ee732ad6ec0739010602393f34b48388abde6cfb2ac460d71	93	evidence
bc09-rejected-persists--case-bc09-rejected/pragma.tsv	100644	df3c6452b30986c67788add61065f572bb79367e4eff1fdaad2055eecd47b097	821	evidence
bc09-rejected-persists--case-bc09-rejected/raw-observations.tsv	100644	1d405318eb4d761476c02e110696f6168f34aeca37430756c4aec1b1dce35aaf	974	evidence
bc09-rejected-persists--case-bc09-rejected/raw-seal.tsv	100644	b8cd7b1ac62e016dec4e40e8fc1134faaba2266f556e73cbb1dc86826bda816e	287	evidence
bc09-stale-persists--case-bc09-stale/action-receipts.tsv	100644	3cd5216611e76d42a0a21015128da5b1a9b664f18f9d600eba01f4384ba352d3	204	evidence
bc09-stale-persists--case-bc09-stale/command-receipts.tsv	100644	d1ea17a9dc9eaf407518f6fa50b62b0bd5369dc78df29c19259a75515d3a331e	2589	evidence
bc09-stale-persists--case-bc09-stale/coverage.tsv	100644	9c941047bb2f09db8c811d1b1e13dec7725036163eceab2ba3169e81f5492c4e	1230	evidence
bc09-stale-persists--case-bc09-stale/exclusions.tsv	100644	e3b0c44298fc1c149afbf4c8996fb92427ae41e4649b934ca495991b7852b855	0	evidence
bc09-stale-persists--case-bc09-stale/fault-activation-receipts.tsv	100644	e3b0c44298fc1c149afbf4c8996fb92427ae41e4649b934ca495991b7852b855	0	evidence
bc09-stale-persists--case-bc09-stale/fault-configuration-receipts.tsv	100644	e3b0c44298fc1c149afbf4c8996fb92427ae41e4649b934ca495991b7852b855	0	evidence
bc09-stale-persists--case-bc09-stale/fault-inventory-healthy.tsv	100644	e3b0c44298fc1c149afbf4c8996fb92427ae41e4649b934ca495991b7852b855	0	evidence
bc09-stale-persists--case-bc09-stale/fault-inventory-reopened.tsv	100644	e3b0c44298fc1c149afbf4c8996fb92427ae41e4649b934ca495991b7852b855	0	evidence
bc09-stale-persists--case-bc09-stale/fault-inventory-rollback.tsv	100644	e3b0c44298fc1c149afbf4c8996fb92427ae41e4649b934ca495991b7852b855	0	evidence
bc09-stale-persists--case-bc09-stale/fault-inventory-setup.tsv	100644	e3b0c44298fc1c149afbf4c8996fb92427ae41e4649b934ca495991b7852b855	0	evidence
bc09-stale-persists--case-bc09-stale/fault-markers.tsv	100644	e3b0c44298fc1c149afbf4c8996fb92427ae41e4649b934ca495991b7852b855	0	evidence
bc09-stale-persists--case-bc09-stale/fault-trigger-receipts.tsv	100644	e3b0c44298fc1c149afbf4c8996fb92427ae41e4649b934ca495991b7852b855	0	evidence
bc09-stale-persists--case-bc09-stale/inventory-after.tsv	100644	e5f7ed4f8109db7dc4939fecae0d231389904a1ef3a5485864fc0b902fb24218	319	evidence
bc09-stale-persists--case-bc09-stale/inventory-before.tsv	100644	e5f7ed4f8109db7dc4939fecae0d231389904a1ef3a5485864fc0b902fb24218	319	evidence
bc09-stale-persists--case-bc09-stale/inventory-reopened.tsv	100644	e5f7ed4f8109db7dc4939fecae0d231389904a1ef3a5485864fc0b902fb24218	319	evidence
bc09-stale-persists--case-bc09-stale/normalized-observations.tsv	100644	6951bf60791968d8a4a61b8e7678dbaf707a3a8b16568dccc4a7a7f5eaa2b4f0	883	evidence
bc09-stale-persists--case-bc09-stale/oracle-result.tsv	100644	bcb5b3d7bc9abf7482a83462876b243ec069d8ec016d417ed3fd78d9cc339a62	84	evidence
bc09-stale-persists--case-bc09-stale/pragma.tsv	100644	c4a352e5122d6dce9e302193def8d0d9e1cf58609ba93e8d15c67f25f3554481	737	evidence
bc09-stale-persists--case-bc09-stale/raw-observations.tsv	100644	31b59adfef06cd979938d7e9cb6e346997dcca223030ae4b2eee0d076f469452	883	evidence
bc09-stale-persists--case-bc09-stale/raw-seal.tsv	100644	efe30b4aa8dc647d700c08c6887fdbd4d364d3ab72cd1320fe75cbf2b9939be9	275	evidence
bc10-control-receipts.tsv	100644	d18dd9b64a57116a3a6aac61322f7662b287ca162c3da519f68c9d4f439ca5e5	2505	evidence
bc10-explanation-closed--case-bc10-explanation-closed/action-receipts.tsv	100644	824c54deb39b1928b3fc3f17ffa7157313ad089298f04b4da8612da3494b98b8	235	evidence
bc10-explanation-closed--case-bc10-explanation-closed/command-receipts.tsv	100644	419b7705ea9a7a4bc344ea277dbfb8f0a4b7db9131e7d254e8a8a31b32f47a89	1975	evidence
bc10-explanation-closed--case-bc10-explanation-closed/coverage.tsv	100644	ffe265f5a782a5b1625cea5c5fb49d15ebe8ed06a2cd6add9a1e046a5d0240e8	945	evidence
bc10-explanation-closed--case-bc10-explanation-closed/exclusions.tsv	100644	e3b0c44298fc1c149afbf4c8996fb92427ae41e4649b934ca495991b7852b855	0	evidence
bc10-explanation-closed--case-bc10-explanation-closed/fault-markers.tsv	100644	e3b0c44298fc1c149afbf4c8996fb92427ae41e4649b934ca495991b7852b855	0	evidence
bc10-explanation-closed--case-bc10-explanation-closed/normalized-observations.tsv	100644	b25f29006b65251f0205569a80d52b10db616429e4ec709966daa7121f76184b	702	evidence
bc10-explanation-closed--case-bc10-explanation-closed/oracle-result.tsv	100644	165c7478c18ff1eea575262a4a69c707a7bfc331a0573ddcb09a250fbea812de	91	evidence
bc10-explanation-closed--case-bc10-explanation-closed/pragma.tsv	100644	282e2286682d8ceef123f3d227fb82795a0c9c4bb9fe5e44f7c050b78f8c67d7	555	evidence
bc10-explanation-closed--case-bc10-explanation-closed/raw-observations.tsv	100644	78b59d940929f04c8e57ecca74f937e4abfa6f87bf6ed8d533064258953a5678	702	evidence
bc10-explanation-closed--case-bc10-explanation-closed/raw-seal.tsv	100644	439579b068d3ab7933f713f32003f1830242fc25a8a509061dde74083f451e0f	309	evidence
bc10-explanation-leak--case-bc10-explanation-leak/action-receipts.tsv	100644	3294449cea46fe8baec1a04e4d96a09c42465919badd1bbce35ba151b40ba3ad	225	evidence
bc10-explanation-leak--case-bc10-explanation-leak/command-receipts.tsv	100644	08c28b83cf0f4a24cbbdf5ea4ce4ddde42e43fc7a0d407321228cc0711d0646b	1939	evidence
bc10-explanation-leak--case-bc10-explanation-leak/coverage.tsv	100644	9225a71cf070a0e853547eed33893da4168a872efab4df19e1e265d0ac368fab	889	evidence
bc10-explanation-leak--case-bc10-explanation-leak/exclusions.tsv	100644	e3b0c44298fc1c149afbf4c8996fb92427ae41e4649b934ca495991b7852b855	0	evidence
bc10-explanation-leak--case-bc10-explanation-leak/fault-markers.tsv	100644	e3b0c44298fc1c149afbf4c8996fb92427ae41e4649b934ca495991b7852b855	0	evidence
bc10-explanation-leak--case-bc10-explanation-leak/normalized-observations.tsv	100644	961f62a8bab5f9ccd5e9a24f9a0c5d0fad71aa4af5688e65cf0d2339c4a7c36e	674	evidence
bc10-explanation-leak--case-bc10-explanation-leak/oracle-result.tsv	100644	fac26329e3771af508fc624ce58f033411866e0aac0dc7b526595e0961aa3b3d	87	evidence
bc10-explanation-leak--case-bc10-explanation-leak/pragma.tsv	100644	28168cdb5ed18c983c5160c6421c5b27a2a1521e48a6178587a47c1eccab3188	525	evidence
bc10-explanation-leak--case-bc10-explanation-leak/raw-observations.tsv	100644	3f4872c7880c857c1c6a44c3617b27b0e4f219571587a76a2f57cfb403a205e2	674	evidence
bc10-explanation-leak--case-bc10-explanation-leak/raw-seal.tsv	100644	e4ece07561a26e34c45c1db1966831d166ca106e2e433e583c6e558b165d9eb4	301	evidence
bc10-replay-closed--case-bc10-replay-closed/action-receipts.tsv	100644	6b4b18c1a466e88f1e5c38d69011de3203bb28ef35bf4065cefd8a3eb20ecbf2	204	evidence
bc10-replay-closed--case-bc10-replay-closed/command-receipts.tsv	100644	bf7669d9579af4ecf1a3166587e8e36d504c0efdfc5df46e54ebd4feae759c3b	1885	evidence
bc10-replay-closed--case-bc10-replay-closed/coverage.tsv	100644	065fe4c70e7ab8f8f547913cb991d1db68334ec075e4c2c2e3418f2c88600726	1495	evidence
bc10-replay-closed--case-bc10-replay-closed/exclusions.tsv	100644	e3b0c44298fc1c149afbf4c8996fb92427ae41e4649b934ca495991b7852b855	0	evidence
bc10-replay-closed--case-bc10-replay-closed/fault-markers.tsv	100644	e3b0c44298fc1c149afbf4c8996fb92427ae41e4649b934ca495991b7852b855	0	evidence
bc10-replay-closed--case-bc10-replay-closed/normalized-observations.tsv	100644	bc849e59e5f669eaff627e3c4dd69319e760f8dabf4fc3d7dc7b422e15a216be	1169	evidence
bc10-replay-closed--case-bc10-replay-closed/oracle-result.tsv	100644	be2c015dfedb84d452a64f1c7f9a52919cb617d2b3f9b0baff6da2118c617083	81	evidence
bc10-replay-closed--case-bc10-replay-closed/pragma.tsv	100644	98154f0ff2e89b56763e34f9d45e34495207d494ac33c588bd4fbbe01573cf3f	480	evidence
bc10-replay-closed--case-bc10-replay-closed/raw-observations.tsv	100644	85925ce3650193126670f0f8f1d5d4a76e70c72ebb5faab506b98ae3a99ad8b9	1169	evidence
bc10-replay-closed--case-bc10-replay-closed/raw-seal.tsv	100644	af55d6d5e3851b968f25d2a8fe859362143c3fd148b79e81ab72d66db592349a	290	evidence
bc10-replay-leak--case-bc10-replay-leak/action-receipts.tsv	100644	f80bcadaa2c6376f8b8a8b50670aee03236d3bedf9cdd24eaac7ffccba224080	194	evidence
bc10-replay-leak--case-bc10-replay-leak/command-receipts.tsv	100644	95d4bc7994685615056f1abf0f67d1fabf0d3e4a237d8b2d98cdf2f5661137c3	1849	evidence
bc10-replay-leak--case-bc10-replay-leak/coverage.tsv	100644	69a0af7895204bdfa8b5c9e6b96472fe2e3e474c89b80d3e1a8ad23ba0e9e393	1391	evidence
bc10-replay-leak--case-bc10-replay-leak/exclusions.tsv	100644	e3b0c44298fc1c149afbf4c8996fb92427ae41e4649b934ca495991b7852b855	0	evidence
bc10-replay-leak--case-bc10-replay-leak/fault-markers.tsv	100644	e3b0c44298fc1c149afbf4c8996fb92427ae41e4649b934ca495991b7852b855	0	evidence
bc10-replay-leak--case-bc10-replay-leak/normalized-observations.tsv	100644	fea27f9c750f30a32edb4379951afa2ab9adfba7361c89d29f17b37eddf56ee4	1117	evidence
bc10-replay-leak--case-bc10-replay-leak/oracle-result.tsv	100644	61356d66fa45aac1cb26020e25cb04a9f68f44f04486d4bb36d24ae30f207a9d	77	evidence
bc10-replay-leak--case-bc10-replay-leak/pragma.tsv	100644	9f0e95d722e5d5407b557fd87e6a4849503fe1308a02a782d232def71f0f7963	450	evidence
bc10-replay-leak--case-bc10-replay-leak/raw-observations.tsv	100644	c2bd156541e101e85bdd51679be0e70cef5c98ebd24855740329d859dcdebcdb	1117	evidence
bc10-replay-leak--case-bc10-replay-leak/raw-seal.tsv	100644	d6c6164d1bf2db90ffee3627e9b365ac125d52ff59d718dce95dfdf53f51cb9d	282	evidence
bc10-result-closed--case-bc10-result-closed/action-receipts.tsv	100644	bbb80697d89c4511b5672382add34f8dccd6ed0569b3add55f50c5454441f798	206	evidence
bc10-result-closed--case-bc10-result-closed/command-receipts.tsv	100644	391f91860948a7301b5dcdc77aa38d1fad3059a1df1cba37836958f19096070a	1886	evidence
bc10-result-closed--case-bc10-result-closed/coverage.tsv	100644	3f8145992937582b1fb1d8e7aaf80b24d5cca7370e40885e24976311b9f8cf57	1150	evidence
bc10-result-closed--case-bc10-result-closed/exclusions.tsv	100644	e3b0c44298fc1c149afbf4c8996fb92427ae41e4649b934ca495991b7852b855	0	evidence
bc10-result-closed--case-bc10-result-closed/fault-markers.tsv	100644	e3b0c44298fc1c149afbf4c8996fb92427ae41e4649b934ca495991b7852b855	0	evidence
bc10-result-closed--case-bc10-result-closed/normalized-observations.tsv	100644	017558db796971747a92a21117edfa01e912bda7d58dac21ed488381267b805b	893	evidence
bc10-result-closed--case-bc10-result-closed/oracle-result.tsv	100644	5ded448bf2ae2984a596e2a9c80c4ce7795712d7e4885e7a9c3a09717424802b	81	evidence
bc10-result-closed--case-bc10-result-closed/pragma.tsv	100644	84b228b76088ae18badc1cda138021f6b33120fa7cce341d4e84307ad7c6c412	480	evidence
bc10-result-closed--case-bc10-result-closed/raw-observations.tsv	100644	f005129faf2b0353dc143632bb056a0d9c5367a48c5fea2fae116aeaa1a7a08c	893	evidence
bc10-result-closed--case-bc10-result-closed/raw-seal.tsv	100644	adc5aec836e1ef1e23f9161e373d3f414299aedeff758c147d672af3b694978b	289	evidence
bc10-result-leak--case-bc10-result-leak/action-receipts.tsv	100644	f4e1eda4ceeb853dcf47e8edce25b2ea7e2921e955e295783f5145e1632484f3	196	evidence
bc10-result-leak--case-bc10-result-leak/command-receipts.tsv	100644	1686d0f708b821b024148d214956facb0b2f09882ea91b6e92e2c4bafd165b48	1850	evidence
bc10-result-leak--case-bc10-result-leak/coverage.tsv	100644	94fe7fae16dd63e818fa78c8ba62277f2c411987a58bfc8e4af6d5c7a6f5735d	1070	evidence
bc10-result-leak--case-bc10-result-leak/exclusions.tsv	100644	e3b0c44298fc1c149afbf4c8996fb92427ae41e4649b934ca495991b7852b855	0	evidence
bc10-result-leak--case-bc10-result-leak/fault-markers.tsv	100644	e3b0c44298fc1c149afbf4c8996fb92427ae41e4649b934ca495991b7852b855	0	evidence
bc10-result-leak--case-bc10-result-leak/normalized-observations.tsv	100644	7e793a29e5e36760b5629fee8d1b031c488a1673039b41642c2250ae1d2c4667	853	evidence
bc10-result-leak--case-bc10-result-leak/oracle-result.tsv	100644	d57ae18526cc6f2df4311cf7df273ab5fa478bf626a4a3f682f440b868c01dd9	77	evidence
bc10-result-leak--case-bc10-result-leak/pragma.tsv	100644	fb6b8347bed62e4313d230444302aa2f2a1555454e1f8aa881585523f34f10cb	450	evidence
bc10-result-leak--case-bc10-result-leak/raw-observations.tsv	100644	9620cc32347fd14385051e71a444c73a36d8b95ccb7692a5f772ccfea6903015	853	evidence
bc10-result-leak--case-bc10-result-leak/raw-seal.tsv	100644	137593c0bad428d7daa138e04206c586a18e5b3cf39ee0992434df34c041e1b6	281	evidence
bc10-view-closed--case-bc10-view-closed/action-receipts.tsv	100644	7b335855986aca49137a21af3076dc298cb0a1eb4611dfdff53c69407fc7ac21	195	evidence
bc10-view-closed--case-bc10-view-closed/command-receipts.tsv	100644	9e74da70bff6e413ded9ecdeb6248a0a771c751c3aa8e4941f0984a5ff2dfb40	1851	evidence
bc10-view-closed--case-bc10-view-closed/coverage.tsv	100644	a0ff05099a56fed47de520c3281133b5139d6f01da88b4b4d0a804bef142f188	749	evidence
bc10-view-closed--case-bc10-view-closed/exclusions.tsv	100644	e3b0c44298fc1c149afbf4c8996fb92427ae41e4649b934ca495991b7852b855	0	evidence
bc10-view-closed--case-bc10-view-closed/fault-markers.tsv	100644	e3b0c44298fc1c149afbf4c8996fb92427ae41e4649b934ca495991b7852b855	0	evidence
bc10-view-closed--case-bc10-view-closed/normalized-observations.tsv	100644	8a045c0a61946beade75f7c043686280bb9c6c5d27a3135ac3f1dfa1392502eb	572	evidence
bc10-view-closed--case-bc10-view-closed/oracle-result.tsv	100644	972a47a2d89318e3e47cc8e73875cd86e2c336cc0525074d15351c7231571f0b	77	evidence
bc10-view-closed--case-bc10-view-closed/pragma.tsv	100644	f525c8aefe16d19abe59afbc258414ae794dc349f3c64fdcb086938395b0b0a1	450	evidence
bc10-view-closed--case-bc10-view-closed/raw-observations.tsv	100644	35588f78d8421b9deada777eb2c63382ed45b8a14051a5ecaccddf9da20155ff	572	evidence
bc10-view-closed--case-bc10-view-closed/raw-seal.tsv	100644	fd30bc1e5d712090d377fd6a156ec2eb5e11b4c06402a60c2b7313527295f7e2	281	evidence
bc10-view-leak--case-bc10-view-leak/action-receipts.tsv	100644	10895d3c9d712bcd49535a6a617be9035b132172b34422f69c66c321be63fb4a	185	evidence
bc10-view-leak--case-bc10-view-leak/command-receipts.tsv	100644	5e0ce70cbde08d0aa56ab1839c2041a8b98dd2795335922c4489b38fcbc14341	1815	evidence
bc10-view-leak--case-bc10-view-leak/coverage.tsv	100644	0437672d3d64c1184785f4e1b828320cf6ce96dd142db22dcbe0559dbb1e003a	693	evidence
bc10-view-leak--case-bc10-view-leak/exclusions.tsv	100644	e3b0c44298fc1c149afbf4c8996fb92427ae41e4649b934ca495991b7852b855	0	evidence
bc10-view-leak--case-bc10-view-leak/fault-markers.tsv	100644	e3b0c44298fc1c149afbf4c8996fb92427ae41e4649b934ca495991b7852b855	0	evidence
bc10-view-leak--case-bc10-view-leak/normalized-observations.tsv	100644	802087f298bed906dd3e713dc94d2d534a5115e6a96acc784be2719aa18263cc	544	evidence
bc10-view-leak--case-bc10-view-leak/oracle-result.tsv	100644	0e08bebaf19dd266d32e5dbf5ba3d2dcb2f1b26c56aff0f069f23b5240a8e525	73	evidence
bc10-view-leak--case-bc10-view-leak/pragma.tsv	100644	645732d3cc0ae1bc7382e325bd3f71bda562f1c58302380be98ddbcf6da18540	420	evidence
bc10-view-leak--case-bc10-view-leak/raw-observations.tsv	100644	3876a5988728a675f3b0011d0a272a5c881e9da44745a8bda3e35224718a764d	544	evidence
bc10-view-leak--case-bc10-view-leak/raw-seal.tsv	100644	86d63b10d75c79784bf4fbf0be2314ac8fccfe06574b91c2e4fe2b522525640f	273	evidence
bc11-control-receipts.tsv	100644	b817f860df2f853049cd2e3dd209cbfc2195d3414e11f546b59c36dffff910a6	2471	evidence
bc11-explanation-closure--case-bc11-explanation-closure/action-receipts.tsv	100644	77ab361e320830b93d7add0ec08d6a86390362788b9c73c29c42f524d0ca8169	240	evidence
bc11-explanation-closure--case-bc11-explanation-closure/command-receipts.tsv	100644	8c06e4ac554a718a500ab59bb9689ad384aefaf4eb5f86599b44ab728adf8e06	1993	evidence
bc11-explanation-closure--case-bc11-explanation-closure/coverage.tsv	100644	af21a884aeb455c79139427873c1b4a76a8273b33918923f7a1195b1fedd84ec	834	evidence
bc11-explanation-closure--case-bc11-explanation-closure/exclusions.tsv	100644	e3b0c44298fc1c149afbf4c8996fb92427ae41e4649b934ca495991b7852b855	0	evidence
bc11-explanation-closure--case-bc11-explanation-closure/fault-markers.tsv	100644	e3b0c44298fc1c149afbf4c8996fb92427ae41e4649b934ca495991b7852b855	0	evidence
bc11-explanation-closure--case-bc11-explanation-closure/normalized-observations.tsv	100644	9311dc5c62061d45e9d21afce87d92578c41d21719d6f0615839af67e7e2b517	620	evidence
bc11-explanation-closure--case-bc11-explanation-closure/oracle-result.tsv	100644	6779f6f251caca2e1b901da2f159c75bc8edc61575f67f196078df95fddb9417	93	evidence
bc11-explanation-closure--case-bc11-explanation-closure/pragma.tsv	100644	b2f82d3253407af06701a8cd9a98bc1d6fc6f4ac5262f63075d2351ad8a0ece8	570	evidence
bc11-explanation-closure--case-bc11-explanation-closure/raw-observations.tsv	100644	2e6aeadb9d1d32670ebbf8caff66d0052aa64e1826486d70fbb0c1b52a06dc39	620	evidence
bc11-explanation-closure--case-bc11-explanation-closure/raw-seal.tsv	100644	3497cae76ff9311e43c0093c4f8a8a380fead9fcc85d2298b5dc5b1615081d92	313	evidence
bc11-finding-cross-link--case-bc11-finding-cross-link/action-receipts.tsv	100644	2dd7b303b4ee45c93bf9663b7aa30f2b3c4294ebf7f15680c1e770c90e427473	237	evidence
bc11-finding-cross-link--case-bc11-finding-cross-link/command-receipts.tsv	100644	d56d17174e3a0191a4db054b3c48e7f8e64e6f8066f8f50a185195b455853a3d	1979	evidence
bc11-finding-cross-link--case-bc11-finding-cross-link/coverage.tsv	100644	cbeb1ce06b99869d3141018ec28fa16767a8de4e2775b4a7e3bf387a8dc5c7af	810	evidence
bc11-finding-cross-link--case-bc11-finding-cross-link/exclusions.tsv	100644	e3b0c44298fc1c149afbf4c8996fb92427ae41e4649b934ca495991b7852b855	0	evidence
bc11-finding-cross-link--case-bc11-finding-cross-link/fault-markers.tsv	100644	e3b0c44298fc1c149afbf4c8996fb92427ae41e4649b934ca495991b7852b855	0	evidence
bc11-finding-cross-link--case-bc11-finding-cross-link/normalized-observations.tsv	100644	8988f682b43327ec9392d4343b008ec9b4857a4d932fa26021f8a195c0cd16c5	592	evidence
bc11-finding-cross-link--case-bc11-finding-cross-link/oracle-result.tsv	100644	fc023875a7f457d93ff267c81847f44a9f617521011d883433d7680650734108	91	evidence
bc11-finding-cross-link--case-bc11-finding-cross-link/pragma.tsv	100644	f4e947790f1c20da1b233475a17b6d0585c71e5d52f0f872782d84005c7b264e	555	evidence
bc11-finding-cross-link--case-bc11-finding-cross-link/raw-observations.tsv	100644	afe8adfb4a316f770aa98f82e9ecc35a6930be08f0e4cc85608412a11c486626	592	evidence
bc11-finding-cross-link--case-bc11-finding-cross-link/raw-seal.tsv	100644	a76f75347cadfee5de57d7ce69d50bc039b5e7517563910ce5cadb4842ee4523	309	evidence
bc11-finding-dangling--case-bc11-finding-dangling/action-receipts.tsv	100644	c2e138882a505c3ebd09d0e39730d390270f533d2ae792d73116ef468439752d	227	evidence
bc11-finding-dangling--case-bc11-finding-dangling/command-receipts.tsv	100644	cdc938b1804fd14a404def3253e9900b9a50b6964e34f962487a2e73259fa7e7	1943	evidence
bc11-finding-dangling--case-bc11-finding-dangling/coverage.tsv	100644	fc7794a00f169db8a81489aad9017478b20ce52100a4c634bc00c8aa8a397d5b	762	evidence
bc11-finding-dangling--case-bc11-finding-dangling/exclusions.tsv	100644	e3b0c44298fc1c149afbf4c8996fb92427ae41e4649b934ca495991b7852b855	0	evidence
bc11-finding-dangling--case-bc11-finding-dangling/fault-markers.tsv	100644	e3b0c44298fc1c149afbf4c8996fb92427ae41e4649b934ca495991b7852b855	0	evidence
bc11-finding-dangling--case-bc11-finding-dangling/normalized-observations.tsv	100644	c9c7090f90bd5a1f40c59e9bac16ae6b9c027ff92af1347661c53caf7ac49fbb	570	evidence
bc11-finding-dangling--case-bc11-finding-dangling/oracle-result.tsv	100644	7d77435b6580b67d808155e7102262fc1fe99f0a7749ebd9df313cf23cfff11c	87	evidence
bc11-finding-dangling--case-bc11-finding-dangling/pragma.tsv	100644	6a8d366a295f57067436611099ccee03bc559ebb5178df4f64be3b5ee6b73fec	525	evidence
bc11-finding-dangling--case-bc11-finding-dangling/raw-observations.tsv	100644	9cddb7bfb4d4696029e4413d92a6aa70f8b0e3ae9eb20a9a7412f78fbd3d24e8	570	evidence
bc11-finding-dangling--case-bc11-finding-dangling/raw-seal.tsv	100644	80ea234bc22e630ba2d3228bb1e4f0f9c029d0777680008691f36d4b85e4bd3a	301	evidence
bc11-latest-substitution--case-bc11-latest-substitution/action-receipts.tsv	100644	66b9ac26c8445f00dfbadc5f710fbb388dc0e0b172841d1290ea6a05deb87464	234	evidence
bc11-latest-substitution--case-bc11-latest-substitution/command-receipts.tsv	100644	20ef51243a7d8b6be091c11a08d31d04c0a03fb29d090533b8210d6bbf1ff6fc	1993	evidence
bc11-latest-substitution--case-bc11-latest-substitution/coverage.tsv	100644	5015d9963193e57398352e0c788c708f7c69d2b41a1a1b4510ab2d746b919c45	1529	evidence
bc11-latest-substitution--case-bc11-latest-substitution/exclusions.tsv	100644	e3b0c44298fc1c149afbf4c8996fb92427ae41e4649b934ca495991b7852b855	0	evidence
bc11-latest-substitution--case-bc11-latest-substitution/fault-markers.tsv	100644	e3b0c44298fc1c149afbf4c8996fb92427ae41e4649b934ca495991b7852b855	0	evidence
bc11-latest-substitution--case-bc11-latest-substitution/normalized-observations.tsv	100644	3d271830dcab9ad2208785e50a94f3ca6b5709d11ddf9e7b7dba27192bea040d	1146	evidence
bc11-latest-substitution--case-bc11-latest-substitution/oracle-result.tsv	100644	bfcda59a4e81d24ad25046d52bb71516bc341b7daae53959cb9fb4aa547e7ea2	93	evidence
bc11-latest-substitution--case-bc11-latest-substitution/pragma.tsv	100644	d9ecbc0d7dabc30241cc35405115a7bf46321560bca631ea83f59756a2bd95e3	570	evidence
bc11-latest-substitution--case-bc11-latest-substitution/raw-observations.tsv	100644	c0980e1d9c024aa08f40cda556458644478d0488e7caaaf9f344b35ce6b76bef	1146	evidence
bc11-latest-substitution--case-bc11-latest-substitution/raw-seal.tsv	100644	b6a6b54eb7e976ad21b694dd253d6e16bce23f5ebd02a0e477daa454edf37da2	314	evidence
bc11-missing-as-empty--case-bc11-missing-as-empty/action-receipts.tsv	100644	53e32a204845638d9a68a5efaf795904b41f7a6dd62c83721f5cbfd9d996ba0f	219	evidence
bc11-missing-as-empty--case-bc11-missing-as-empty/command-receipts.tsv	100644	8a4fa1c040984c49662986ff52291a1d24f223ae4fcff0c15282c80bac69d2ad	1939	evidence
bc11-missing-as-empty--case-bc11-missing-as-empty/coverage.tsv	100644	ee4a945cb4310d6a95a890cb2f1948ac64f7f0a74567e406601cdad60d82cc78	4445	evidence
bc11-missing-as-empty--case-bc11-missing-as-empty/exclusions.tsv	100644	e3b0c44298fc1c149afbf4c8996fb92427ae41e4649b934ca495991b7852b855	0	evidence
bc11-missing-as-empty--case-bc11-missing-as-empty/fault-markers.tsv	100644	e3b0c44298fc1c149afbf4c8996fb92427ae41e4649b934ca495991b7852b855	0	evidence
bc11-missing-as-empty--case-bc11-missing-as-empty/normalized-observations.tsv	100644	f179a330739fd3ef3c28911cafeb8e727e955fc5bea52f66f68b07fc8a835da2	3875	evidence
bc11-missing-as-empty--case-bc11-missing-as-empty/oracle-result.tsv	100644	5d65e9445566e25f362752ec755209daa91f0cdd30875ff8e2334f2353a139ee	87	evidence
bc11-missing-as-empty--case-bc11-missing-as-empty/pragma.tsv	100644	a78196f83b68b10ac9e00649303fcdb02007a11c7e1cd222f1bae91acdce2f59	525	evidence
bc11-missing-as-empty--case-bc11-missing-as-empty/raw-observations.tsv	100644	fc7ba4fe7fe3385d2992f49ffb6094f8451659a912a7ea0a3b8f768a64ac8ba9	3875	evidence
bc11-missing-as-empty--case-bc11-missing-as-empty/raw-seal.tsv	100644	62946d86a5e9af5102a07920f62f7fc548239878552a4bb7e1dc6ba6ef36132a	302	evidence
bc11-replay-result--case-bc11-replay-result/action-receipts.tsv	100644	7c07619d01503bc72eca861d7f8aabec7d2afd89cf8fd373ff786979d93f739c	204	evidence
bc11-replay-result--case-bc11-replay-result/command-receipts.tsv	100644	739e99f165911e07b04398486c0088518c7a6bd291a4f271fe6e6fb7aad1f06e	1884	evidence
bc11-replay-result--case-bc11-replay-result/coverage.tsv	100644	c8081d3e4e05d1d0ca95af0546244730fa26b2ef786fa16523727ea2ca127015	1150	evidence
bc11-replay-result--case-bc11-replay-result/exclusions.tsv	100644	e3b0c44298fc1c149afbf4c8996fb92427ae41e4649b934ca495991b7852b855	0	evidence
bc11-replay-result--case-bc11-replay-result/fault-markers.tsv	100644	e3b0c44298fc1c149afbf4c8996fb92427ae41e4649b934ca495991b7852b855	0	evidence
bc11-replay-result--case-bc11-replay-result/normalized-observations.tsv	100644	7ff5768b94d72eb93294c05ed1cbeb3bb2ca3902072fc8a2e63a920a64074830	922	evidence
bc11-replay-result--case-bc11-replay-result/oracle-result.tsv	100644	9ceed78193a504df1fc4ca6950288471e94f03bd09848448b6a812a7005a68b7	81	evidence
bc11-replay-result--case-bc11-replay-result/pragma.tsv	100644	ed53aec3f701f999ffedb739a52c5509f123749532c5a704a96eca59ae2c3dcc	480	evidence
bc11-replay-result--case-bc11-replay-result/raw-observations.tsv	100644	ed0974f7b13960aa867813365ffd19202eebb2a024c460f9310adaf6e1d6646b	922	evidence
bc11-replay-result--case-bc11-replay-result/raw-seal.tsv	100644	5466c6b170500d93df131b8fe174a4872a2a71b62f91b622071bf8ebe44c388c	289	evidence
bc11-silent-cross-link--case-bc11-silent-cross-link/action-receipts.tsv	100644	71b0f9f14941f3bc6b730fecd53a88b6cca7d30d8d0de55ad4b6b2d947cb4fd7	232	evidence
bc11-silent-cross-link--case-bc11-silent-cross-link/command-receipts.tsv	100644	d7153506387fb0d42ea56a01a445ee1156690a449abeac3aff755ccfb98cfe5f	1961	evidence
bc11-silent-cross-link--case-bc11-silent-cross-link/coverage.tsv	100644	e5c930ca7a78235040aca4a2ad4d6b7411a4afcf92cd998e40cb1f3c9d399e47	1179	evidence
bc11-silent-cross-link--case-bc11-silent-cross-link/exclusions.tsv	100644	e3b0c44298fc1c149afbf4c8996fb92427ae41e4649b934ca495991b7852b855	0	evidence
bc11-silent-cross-link--case-bc11-silent-cross-link/fault-markers.tsv	100644	e3b0c44298fc1c149afbf4c8996fb92427ae41e4649b934ca495991b7852b855	0	evidence
bc11-silent-cross-link--case-bc11-silent-cross-link/normalized-observations.tsv	100644	56e47f702916572333d4bdf93a7ba1343d25dbcb9d78028c46ad8c5e384ecc54	911	evidence
bc11-silent-cross-link--case-bc11-silent-cross-link/oracle-result.tsv	100644	8351e1d2d8f7afcd39d1afd7a6992e6364caea95ce6c7899006646405bb4aa8d	89	evidence
bc11-silent-cross-link--case-bc11-silent-cross-link/pragma.tsv	100644	52b5db9fa5ffd667e4e556789be15314faf0cd4b78c759c9b3b66f395bfb09fc	540	evidence
bc11-silent-cross-link--case-bc11-silent-cross-link/raw-observations.tsv	100644	97ee94f23e4a4e322d1161b2a5d57cf1ae88b0c9c4b84b3faf51336bd3ca2f64	911	evidence
bc11-silent-cross-link--case-bc11-silent-cross-link/raw-seal.tsv	100644	7658691b96662197bef283bc8596f739e694d727ce5a8d2587e66671474583bb	305	evidence
bc11-silent-dangling--case-bc11-silent-dangling/action-receipts.tsv	100644	0cf18e848dd761176483207276018f8c05257724056410caa50b5d6dfc0717c1	222	evidence
bc11-silent-dangling--case-bc11-silent-dangling/command-receipts.tsv	100644	ea0ab6ef37798e491eea1394184600bd75a0b171103e6ce09040df626ef98339	1925	evidence
bc11-silent-dangling--case-bc11-silent-dangling/coverage.tsv	100644	c133548248364c57f0442953ab1733b12b7b3a732f72b5395389849051cd7a7c	1107	evidence
bc11-silent-dangling--case-bc11-silent-dangling/exclusions.tsv	100644	e3b0c44298fc1c149afbf4c8996fb92427ae41e4649b934ca495991b7852b855	0	evidence
bc11-silent-dangling--case-bc11-silent-dangling/fault-markers.tsv	100644	e3b0c44298fc1c149afbf4c8996fb92427ae41e4649b934ca495991b7852b855	0	evidence
bc11-silent-dangling--case-bc11-silent-dangling/normalized-observations.tsv	100644	e7c922bb1d953d1b51273092bde2fbed4750f36dbd8e98351d1498fe5137d297	873	evidence
bc11-silent-dangling--case-bc11-silent-dangling/oracle-result.tsv	100644	56804eeb23a5cec4d7e2aa29db68e0661cd9cbf0e9a771d03a1f24462bbae206	85	evidence
bc11-silent-dangling--case-bc11-silent-dangling/pragma.tsv	100644	e0541e38194a34bf5357a622474a9d5414e9d937e2814392ec4d6c32ede65c1f	510	evidence
bc11-silent-dangling--case-bc11-silent-dangling/raw-observations.tsv	100644	fea54a15d04227b8fc14a58995b5fd2645c7e3357e1375391a0602c174fc4c52	873	evidence
bc11-silent-dangling--case-bc11-silent-dangling/raw-seal.tsv	100644	a9316c2991364e9716d6d7f012231df0c82d4f4579a504e2f0d0c92c5cb5bd41	297	evidence
bc12-archive-bypass--case-bc12-archive-bypass/action-receipts.tsv	100644	979470acbf916451ca921404217a0cbbefdb73907bc35b2a62f02c2c321ef1ef	226	evidence
bc12-archive-bypass--case-bc12-archive-bypass/command-receipts.tsv	100644	8ac4b000d6ad32f562471f8acb70cf4a7b800ced03b1a359a9532cdc55325dba	1907	evidence
bc12-archive-bypass--case-bc12-archive-bypass/coverage.tsv	100644	f47fbf6801933ac8a0601e3ca7d753c145f2a1c5ac849544fb7dab0943474819	595	evidence
bc12-archive-bypass--case-bc12-archive-bypass/exclusions.tsv	100644	e3b0c44298fc1c149afbf4c8996fb92427ae41e4649b934ca495991b7852b855	0	evidence
bc12-archive-bypass--case-bc12-archive-bypass/fault-markers.tsv	100644	e3b0c44298fc1c149afbf4c8996fb92427ae41e4649b934ca495991b7852b855	0	evidence
bc12-archive-bypass--case-bc12-archive-bypass/normalized-observations.tsv	100644	1d7bc2fd37df3702393c26a8d7d047b926b97eb7c2c0a58d07bf48d4306908f3	475	evidence
bc12-archive-bypass--case-bc12-archive-bypass/oracle-result.tsv	100644	d56a016893863abc60cfead13173b338d8ab1229ec7323808e2e068000ae22f2	83	evidence
bc12-archive-bypass--case-bc12-archive-bypass/pragma.tsv	100644	b95a8d27d8724e9cce3e3a748ee411a0e2f01b807a212da3629c76104526c381	495	evidence
bc12-archive-bypass--case-bc12-archive-bypass/raw-observations.tsv	100644	7d293cf79b85e12b24a76dc2bea14a8489a2cd0f4a042ed8f37dd14c2ac74d78	475	evidence
bc12-archive-bypass--case-bc12-archive-bypass/raw-seal.tsv	100644	2d8c353815dee6a77c2ed2a9f21f2b4a8d626df698307656583702a27625a0ae	293	evidence
bc12-canonical-unchanged--case-bc12-canonical-unchanged/action-receipts.tsv	100644	844149e4ecef40fa9c1f4551eacf72bf3da047fcf6c1980db3e62a09fd8c3ac4	251	evidence
bc12-canonical-unchanged--case-bc12-canonical-unchanged/command-receipts.tsv	100644	6ce34690a6671ee2ff8a030449b20f853d51665df2caab3fc7cb370b6461689c	1997	evidence
bc12-canonical-unchanged--case-bc12-canonical-unchanged/coverage.tsv	100644	3ed52877848294f436ddc7e014eaa73c3157c897a6e058c87ea7a3f572ec0587	695	evidence
bc12-canonical-unchanged--case-bc12-canonical-unchanged/exclusions.tsv	100644	e3b0c44298fc1c149afbf4c8996fb92427ae41e4649b934ca495991b7852b855	0	evidence
bc12-canonical-unchanged--case-bc12-canonical-unchanged/fault-markers.tsv	100644	e3b0c44298fc1c149afbf4c8996fb92427ae41e4649b934ca495991b7852b855	0	evidence
bc12-canonical-unchanged--case-bc12-canonical-unchanged/normalized-observations.tsv	100644	c95e9f06ffc55edf16448e56101cecf9de9c556fa70bbcab9140944360f3ae82	551	evidence
bc12-canonical-unchanged--case-bc12-canonical-unchanged/oracle-result.tsv	100644	4f962eb7f0fbaef19de10598aa44da060dc245fff2ebe43d88ee941666a6dc64	93	evidence
bc12-canonical-unchanged--case-bc12-canonical-unchanged/pragma.tsv	100644	f37c76102a5009d4d79b3b276979a56cc244dae1c6fa1c55ccb44e63f8e13f0b	570	evidence
bc12-canonical-unchanged--case-bc12-canonical-unchanged/raw-observations.tsv	100644	2786fc872fa5e4c425e281ecc9cdb77e2a0c6d867d8df4ba51d5d8ee87353359	551	evidence
bc12-canonical-unchanged--case-bc12-canonical-unchanged/raw-seal.tsv	100644	9e6cb3b1f38e17b3134e2cf1705839c80afbed8df36562751e328262d5a37c5d	313	evidence
bc12-control-receipts.tsv	100644	3d872cd3648646d6cfd9368241cfdfa2a1457b8031ea4039cc409454f4ac0649	3053	evidence
bc12-decision-provenance--case-bc12-decision-provenance/action-receipts.tsv	100644	02f6df8e86dad359cbe7e0ac0fb7e6d5b7f6d9b65454aaf47a4da74023d1b4eb	251	evidence
bc12-decision-provenance--case-bc12-decision-provenance/command-receipts.tsv	100644	b897c76d96366c21e643980e3a6479d54ea24287a7ceffc86b13841ee4bb8de0	1998	evidence
bc12-decision-provenance--case-bc12-decision-provenance/coverage.tsv	100644	51de8e343eeb0aff5bdc975424dbdaef82abab7925bcd47482736225f328ea55	1390	evidence
bc12-decision-provenance--case-bc12-decision-provenance/exclusions.tsv	100644	e3b0c44298fc1c149afbf4c8996fb92427ae41e4649b934ca495991b7852b855	0	evidence
bc12-decision-provenance--case-bc12-decision-provenance/fault-markers.tsv	100644	e3b0c44298fc1c149afbf4c8996fb92427ae41e4649b934ca495991b7852b855	0	evidence
bc12-decision-provenance--case-bc12-decision-provenance/normalized-observations.tsv	100644	dcee4739541485dfb2afea427ca38fbe039c11300c7e7f93a0a0c7a13c54bb96	1044	evidence
bc12-decision-provenance--case-bc12-decision-provenance/oracle-result.tsv	100644	9064676d75b9d7f87733d0bd8948b67d6e4edb3273ed4cff992a1c6a7e4b0925	93	evidence
bc12-decision-provenance--case-bc12-decision-provenance/pragma.tsv	100644	3262e5ef2a53a74bba75b29338e6c0fee1e3f1d77d24514169d26facc9494095	570	evidence
bc12-decision-provenance--case-bc12-decision-provenance/raw-observations.tsv	100644	3cf86e5729437d6a0f8c999a957803f5ea8532b1baf7a1a367def1df00317735	1044	evidence
bc12-decision-provenance--case-bc12-decision-provenance/raw-seal.tsv	100644	916d08d313b8d8429714ddaabf8bab80266ac4e527742b7a781eeb719357d82e	314	evidence
bc12-derived-protection--case-bc12-derived-protection/action-receipts.tsv	100644	666dadbfdb680e7f0dfbb0035c829f6090d6c06f1e0dee4a361329b475d24205	246	evidence
bc12-derived-protection--case-bc12-derived-protection/command-receipts.tsv	100644	c21967f9a59c7e225c23cc387c8987736a732ac32a357d4cf9fbbc345b04907d	1979	evidence
bc12-derived-protection--case-bc12-derived-protection/coverage.tsv	100644	1de63f14cf04eee7083c3dd257f98daf4293748ef637893f01eaab80e5c935c0	1080	evidence
bc12-derived-protection--case-bc12-derived-protection/exclusions.tsv	100644	e3b0c44298fc1c149afbf4c8996fb92427ae41e4649b934ca495991b7852b855	0	evidence
bc12-derived-protection--case-bc12-derived-protection/fault-markers.tsv	100644	e3b0c44298fc1c149afbf4c8996fb92427ae41e4649b934ca495991b7852b855	0	evidence
bc12-derived-protection--case-bc12-derived-protection/normalized-observations.tsv	100644	5c1cb564755c88a73c69e2070294091df13819fd3e33a6ea626629e00b8bbd27	890	evidence
bc12-derived-protection--case-bc12-derived-protection/oracle-result.tsv	100644	20f5bcc87021f657240af29499bfd40aeefc98b8e47d6d885115aa8d27846dce	91	evidence
bc12-derived-protection--case-bc12-derived-protection/pragma.tsv	100644	1ccbfd2c2e54a87cd8b52c7fc897ffc694725cc67ce01c64bccb6bc012646d26	555	evidence
bc12-derived-protection--case-bc12-derived-protection/raw-observations.tsv	100644	32e90ace7465d09c45ed9654f6d7d66857075b0e1fb92bf958742d4d65d20dde	890	evidence
bc12-derived-protection--case-bc12-derived-protection/raw-seal.tsv	100644	2393dd3f63a6a7fd0368ed8fd4c0c4578837821287d5c753c8b28db99cf8d62e	309	evidence
bc12-eligibility-delete--case-bc12-eligibility-delete/action-receipts.tsv	100644	f23953c6c9da6a39c639d40dbf33f6a94546005cc3a731057ae184435fa62508	246	evidence
bc12-eligibility-delete--case-bc12-eligibility-delete/command-receipts.tsv	100644	9d21af9ce9c9a5bd726cce70003c9fe5f564e8f4cf972312520296697b2b40ae	1979	evidence
bc12-eligibility-delete--case-bc12-eligibility-delete/coverage.tsv	100644	2fdd32caf3806827563a58a72077ac75efd02235f51843b6860717653a652b75	540	evidence
bc12-eligibility-delete--case-bc12-eligibility-delete/exclusions.tsv	100644	e3b0c44298fc1c149afbf4c8996fb92427ae41e4649b934ca495991b7852b855	0	evidence
bc12-eligibility-delete--case-bc12-eligibility-delete/fault-markers.tsv	100644	e3b0c44298fc1c149afbf4c8996fb92427ae41e4649b934ca495991b7852b855	0	evidence
bc12-eligibility-delete--case-bc12-eligibility-delete/normalized-observations.tsv	100644	841c68f249ad948610934fc4784b0afbde89358ffcb3b9cd3321a478d811540a	418	evidence
bc12-eligibility-delete--case-bc12-eligibility-delete/oracle-result.tsv	100644	9bce74ab81fd4cacbd06084abfa256d3efde3775117e29501b0c891e0382cfdd	91	evidence
bc12-eligibility-delete--case-bc12-eligibility-delete/pragma.tsv	100644	bf1fe69d9679266d46598bcc3152fa5b3011bf26b2008000d6ddb7ec705adbde	555	evidence
bc12-eligibility-delete--case-bc12-eligibility-delete/raw-observations.tsv	100644	604fd24f327c367fd048e790b0e20246be7247aa156d5ef8e768416f44ddcf6b	418	evidence
bc12-eligibility-delete--case-bc12-eligibility-delete/raw-seal.tsv	100644	119b23a29e0f9520c55f3966b94f69a7ee0747ec4e891eedc7ca654687ce6536	309	evidence
bc12-forget-bypass--case-bc12-forget-bypass/action-receipts.tsv	100644	976f8efd593e9d2f967718fa2d1f06cfe00760c9ba4c11750d051a7febe6713c	221	evidence
bc12-forget-bypass--case-bc12-forget-bypass/command-receipts.tsv	100644	f7389cf0135095121b397723b09a8a878ee0d48111497bf9be8dfae23121b1c5	1889	evidence
bc12-forget-bypass--case-bc12-forget-bypass/coverage.tsv	100644	9901dc4bf26fad87c3c554fdb0ea82696de3d6b5916e5c6e623683b5dec32005	575	evidence
bc12-forget-bypass--case-bc12-forget-bypass/exclusions.tsv	100644	e3b0c44298fc1c149afbf4c8996fb92427ae41e4649b934ca495991b7852b855	0	evidence
bc12-forget-bypass--case-bc12-forget-bypass/fault-markers.tsv	100644	e3b0c44298fc1c149afbf4c8996fb92427ae41e4649b934ca495991b7852b855	0	evidence
bc12-forget-bypass--case-bc12-forget-bypass/normalized-observations.tsv	100644	2c546a60e4c16048b66c2f56711d0f63688545f1a48134e1f32745f91712cfec	453	evidence
bc12-forget-bypass--case-bc12-forget-bypass/oracle-result.tsv	100644	40a854b870d033668ea1e2386b911f0f8fcfce4eb93b65237bae46779b01cb3b	81	evidence
bc12-forget-bypass--case-bc12-forget-bypass/pragma.tsv	100644	9652f9761b6f179dc29b557eb99edd18624c0325d3facb14ae7504f3ab6fd3a7	480	evidence
bc12-forget-bypass--case-bc12-forget-bypass/raw-observations.tsv	100644	dbd86771335b20b892256cc56c54833429fba9dfe9f31fc2cd4f753070f7de2e	453	evidence
bc12-forget-bypass--case-bc12-forget-bypass/raw-seal.tsv	100644	51655bfff31810fa38211957bad4615e99d4019074321c608990c47b2e865ba3	289	evidence
bc12-forget-consumed--case-bc12-forget-consumed/action-receipts.tsv	100644	20c0acd064b74d080159d9d7312a02839f0a2108b10a2c85cf9c0860a48756bf	231	evidence
bc12-forget-consumed--case-bc12-forget-consumed/command-receipts.tsv	100644	394c9ef3c9217c1d2ab1f484e06d92c027ce2768e1a4ed27596232496d51f7d3	1925	evidence
bc12-forget-consumed--case-bc12-forget-consumed/coverage.tsv	100644	0c13889077edd1b243485654f51812c7a371daf6343ea89fc6e3921964ba2052	615	evidence
bc12-forget-consumed--case-bc12-forget-consumed/exclusions.tsv	100644	e3b0c44298fc1c149afbf4c8996fb92427ae41e4649b934ca495991b7852b855	0	evidence
bc12-forget-consumed--case-bc12-forget-consumed/fault-markers.tsv	100644	e3b0c44298fc1c149afbf4c8996fb92427ae41e4649b934ca495991b7852b855	0	evidence
bc12-forget-consumed--case-bc12-forget-consumed/normalized-observations.tsv	100644	c4bc61f1036b40c5d532a0d8bb75fc95e675724eceaf872a6a00f672af221b60	483	evidence
bc12-forget-consumed--case-bc12-forget-consumed/oracle-result.tsv	100644	81c4420f22e82712a1e464bd9eafa0be1536b5b8518de3b0327faac36d6b49e3	85	evidence
bc12-forget-consumed--case-bc12-forget-consumed/pragma.tsv	100644	28826a2a5f97810fe0d94cda4c191a844fa23163bfc02f16f6b6749e8964c3d8	510	evidence
bc12-forget-consumed--case-bc12-forget-consumed/raw-observations.tsv	100644	a0e6ccccfde6780df93b224726366e36c5a48a3e2219be17e3ee2697b279e213	483	evidence
bc12-forget-consumed--case-bc12-forget-consumed/raw-seal.tsv	100644	53b05b2339f8a9a13a9397bf5a8f8c5ef72cf16c2cca2be490635d1e61cdc4c7	297	evidence
bc12-noop-evaluator--case-bc12-noop-evaluator/action-receipts.tsv	100644	acbda757737ffaae7b372eb10318f9ba7b255c261026f053fb958dcc0051fa54	226	evidence
bc12-noop-evaluator--case-bc12-noop-evaluator/command-receipts.tsv	100644	1ced98169f9fee46b437b87a44de689dd9ef7178c10f6af4f40171e0c32e3630	1907	evidence
bc12-noop-evaluator--case-bc12-noop-evaluator/coverage.tsv	100644	81571a5e1ef688e080c462ddd2260d56bc04b5640431dd20969a5c178e76db2b	714	evidence
bc12-noop-evaluator--case-bc12-noop-evaluator/exclusions.tsv	100644	e3b0c44298fc1c149afbf4c8996fb92427ae41e4649b934ca495991b7852b855	0	evidence
bc12-noop-evaluator--case-bc12-noop-evaluator/fault-markers.tsv	100644	e3b0c44298fc1c149afbf4c8996fb92427ae41e4649b934ca495991b7852b855	0	evidence
bc12-noop-evaluator--case-bc12-noop-evaluator/normalized-observations.tsv	100644	bd83158da74d37c7512d8a45e0401e042eb41094e41fb2297f2cf933a8dbfa11	550	evidence
bc12-noop-evaluator--case-bc12-noop-evaluator/oracle-result.tsv	100644	dad974d99352c6a2d1f93e7915af7d2121f917dfa046a7f62a5b3dbd9984ad2a	83	evidence
bc12-noop-evaluator--case-bc12-noop-evaluator/pragma.tsv	100644	0a81f9711e3f9d869f5763e867cc424a3da08719d803e4e79bcacf76b06fca96	495	evidence
bc12-noop-evaluator--case-bc12-noop-evaluator/raw-observations.tsv	100644	d0f752f5e98dc85a6f7a4053f7bae3279ea2e1f9809990860a4ace0ccf4420dd	550	evidence
bc12-noop-evaluator--case-bc12-noop-evaluator/raw-seal.tsv	100644	14a55a05214de6ca81e9150e2bbccf5d8e2d677f489625eba4aa601845aedd38	293	evidence
bc12-placement-decision--case-bc12-placement-decision/action-receipts.tsv	100644	65615e2f18debbcc979d66f687997e775aaa9ed71a9de912b0b0f352206da983	246	evidence
bc12-placement-decision--case-bc12-placement-decision/command-receipts.tsv	100644	520a65ecf9632234aac3ce36f167969a3bf9a126d2ce3e407a12efbe4fc79866	1979	evidence
bc12-placement-decision--case-bc12-placement-decision/coverage.tsv	100644	678ae22324460f7abd1a310377fc683f27e939c4a361a74075db0451b30084f4	1080	evidence
bc12-placement-decision--case-bc12-placement-decision/exclusions.tsv	100644	e3b0c44298fc1c149afbf4c8996fb92427ae41e4649b934ca495991b7852b855	0	evidence
bc12-placement-decision--case-bc12-placement-decision/fault-markers.tsv	100644	e3b0c44298fc1c149afbf4c8996fb92427ae41e4649b934ca495991b7852b855	0	evidence
bc12-placement-decision--case-bc12-placement-decision/normalized-observations.tsv	100644	2a624cadd9c2599e32c302be22b934ccc20beaf7a62556f684404846a9ea6371	883	evidence
bc12-placement-decision--case-bc12-placement-decision/oracle-result.tsv	100644	661639b7ef1c8dd617208b6659dff945d0c9eef5732f38f270bd3c95e15bec92	91	evidence
bc12-placement-decision--case-bc12-placement-decision/pragma.tsv	100644	b13af8a927c684f0f2e3c14eb552c486d1bd7b55c25ece7a6c9178247a299009	555	evidence
bc12-placement-decision--case-bc12-placement-decision/raw-observations.tsv	100644	daa3dc4c13549346b5d8027a5462d340ddf66ffba2a2cb6ff6baffca0b7d7773	883	evidence
bc12-placement-decision--case-bc12-placement-decision/raw-seal.tsv	100644	4df48df2ce57d186ab3ec995e491a8f4437a089daf8e712eb8fa0518227f560b	309	evidence
bc12-protection-bypass--case-bc12-protection-bypass/action-receipts.tsv	100644	48c83766a56b9ececa10992ac2a8cf1454920951bbdeb3acf381deb435819080	241	evidence
bc12-protection-bypass--case-bc12-protection-bypass/command-receipts.tsv	100644	403f8cd792be928f6ef83b38045a81bfda9471f7a5bea5bc75c11f7104002d51	1962	evidence
bc12-protection-bypass--case-bc12-protection-bypass/coverage.tsv	100644	8e3e697485cf8df76383187aee432b55a43213887e0809c9f2544c4814bdf4ed	1703	evidence
bc12-protection-bypass--case-bc12-protection-bypass/exclusions.tsv	100644	e3b0c44298fc1c149afbf4c8996fb92427ae41e4649b934ca495991b7852b855	0	evidence
bc12-protection-bypass--case-bc12-protection-bypass/fault-markers.tsv	100644	e3b0c44298fc1c149afbf4c8996fb92427ae41e4649b934ca495991b7852b855	0	evidence
bc12-protection-bypass--case-bc12-protection-bypass/normalized-observations.tsv	100644	4b22fb32cdddf9ce073351a7f15ed77512451ae780f3d3471f21aa4a45b7b0a3	1356	evidence
bc12-protection-bypass--case-bc12-protection-bypass/oracle-result.tsv	100644	ed223608d2d81b59ee5000442911e77ab84422c0e3ecca42071c1275cd8584c3	89	evidence
bc12-protection-bypass--case-bc12-protection-bypass/pragma.tsv	100644	0d9b38d65c87606cad1bf0821628a6bc3489f3d915bee90c38f7862f5ec38ee3	540	evidence
bc12-protection-bypass--case-bc12-protection-bypass/raw-observations.tsv	100644	ff95fa2780aa4f6e5526e3f1d84a00505a18b78d25d21ba84125129d3defe34b	1356	evidence
bc12-protection-bypass--case-bc12-protection-bypass/raw-seal.tsv	100644	06cfae70e2d5d73dc09f374fb9c6a8da42c1addc484d4c9e74a27849ff5dc87b	306	evidence
bc12-window-bypass--case-bc12-window-bypass/action-receipts.tsv	100644	f361c43efe684ad0ebb1c7b826fe52cfdf00208cf3d4b96830a83dd67fad3f93	221	evidence
bc12-window-bypass--case-bc12-window-bypass/command-receipts.tsv	100644	ebe556bc0d411f1e91ecf0007b4be8d676a1a295bdd173e8230aecebd3a14a5f	1889	evidence
bc12-window-bypass--case-bc12-window-bypass/coverage.tsv	100644	c7369ddd2ad59a2b4628ef216a9a53859463660b78a6e5b0acf08ac56c397fe5	805	evidence
bc12-window-bypass--case-bc12-window-bypass/exclusions.tsv	100644	e3b0c44298fc1c149afbf4c8996fb92427ae41e4649b934ca495991b7852b855	0	evidence
bc12-window-bypass--case-bc12-window-bypass/fault-markers.tsv	100644	e3b0c44298fc1c149afbf4c8996fb92427ae41e4649b934ca495991b7852b855	0	evidence
bc12-window-bypass--case-bc12-window-bypass/normalized-observations.tsv	100644	b4c56a6274b6b30590ab4db75e03064d4a66db4abfea1bc53fc5bf9ac5a4fa76	658	evidence
bc12-window-bypass--case-bc12-window-bypass/oracle-result.tsv	100644	294a0f009a6e80c932e2b10c59e83bcaccdddf7490cc60adcebba783059e8b0e	81	evidence
bc12-window-bypass--case-bc12-window-bypass/pragma.tsv	100644	d943307869748a963173d0ebea3ae67b485899da04182ed6d1858ebc54573be0	480	evidence
bc12-window-bypass--case-bc12-window-bypass/raw-observations.tsv	100644	efdd46304a0b93c6c0ab3cfe41664c29c10ad44cc85398ddb6ded60d532c32c2	658	evidence
bc12-window-bypass--case-bc12-window-bypass/raw-seal.tsv	100644	6785da01c0a360abdbf95b6a49ed5e14799e7bcff8f2530b5abb2ce4a517d30c	289	evidence
namespace-inventory.tsv	100644	c58b644aac1383ca62eef05285de86ad43072e2ce2665b96598ddeee44bbfcbc	43	evidence
run-metadata.tsv	100644	91564b1d47629256171e5a35768815b3d5ff5fb7345d8ce4e86d5be9f249f9a2	7121	evidence
runtime-status.tsv	100644	1432a2d9a5cdb058c1a1cee8722e445849d84d0493c1d2c59b86e75db187255c	6231	evidence
